,iteration,success,nllh,k,N,bic,c_sigma,tau_trunc,theta
0,0,True,2396.42006481,3,530,4811.65876064,34.7434060461,60.7653535951,137.570926746
