,iteration,success,nllh,k,N,bic,tau,theta(group=fearful),theta(group=happy)
0,0,True,1567.83900067,3,276,3152.53920395,29.0025038196,41.1646358147,29.0312453034
