,iteration,success,nllh,k,N,bic,tau,theta(group=fearful),theta(group=happy)
0,0,True,2883.71920326,3,504,5786.10613533,9.96725145061,35.5306279451,28.7018611299
