,iteration,success,nllh,k,N,bic,tau,theta,theta(group=fearful)
0,0,True,1575.93607165,3,276,3168.73334589,39.9457162018,33.1614937062,41.573326898
