,iteration,success,k,N,msd,prelec_gamma,s
0,0,True,2,1200,0.0620462396135,2.00543774136,10.0
1,1,True,2,1200,0.0620462396135,2.0054377748,10.0
