,iteration,success,k,N,msd,prelec_gamma,s
0,0,True,2,1200,0.189440888145,0.01,0.410231037005
1,1,True,2,1200,0.189440888145,0.01,0.410230928328
