,iteration,success,k,N,msd,prelec_gamma,s
0,0,True,2,1200,0.054891228087,2.02313648352,30.0
1,1,True,2,1200,0.054891228087,2.02313647777,30.0
