,iteration,success,k,N,msd,prelec_gamma,s
0,0,True,2,1200,0.19638079691,0.01,0.400032257962
1,1,True,2,1200,0.19638079691,0.01,0.400032254287
