,iteration,success,k,N,msd,prelec_gamma,s
0,0,True,2,1200,0.0439625040289,2.41141675226,29.9999999989
1,1,True,2,1200,0.0439627170453,2.41361200029,29.9999999922
