,iteration,success,k,N,msd,prelec_gamma,s
0,0,True,2,1200,0.174202289674,0.01,0.495616871231
1,1,True,2,1200,0.174202289674,0.01,0.495616917071
