,iteration,success,k,N,msd,prelec_gamma,s
0,0,True,2,1200,0.216955284569,0.0150854594995,0.262109983166
1,1,True,2,1200,0.216955284569,0.01508545722,0.262109986066
