,iteration,success,k,N,msd,prelec_gamma,s
0,0,True,2,1200,0.0381381853605,0.890624384963,25.8552219611
1,1,True,2,1200,0.0381381853605,0.890624387767,25.8552235067
