,iteration,success,k,N,msd,prelec_gamma,s
0,0,True,2,1200,0.0560358479518,1.92511265403,21.1243361368
1,1,True,2,1200,0.0560358479518,1.92511268026,21.1243369982
