,iteration,success,k,N,msd,prelec_gamma,s
0,0,True,2,1200,0.0680753409139,0.791125498016,7.57893463599
1,1,True,2,1200,0.0680753409139,0.791125465713,7.57893426797
