,iteration,success,k,N,msd,prelec_gamma,s
0,0,True,2,1200,0.177719473365,0.01,0.460791765086
1,1,True,2,1200,0.177719473365,0.01,0.460791768087
