,iteration,success,k,N,msd,prelec_gamma,s
0,0,True,2,1200,0.061443191784,1.89679364267,30.0
1,1,True,2,1200,0.061443191784,1.89679358654,30.0
