,iteration,success,k,N,msd,prelec_gamma,s
0,0,True,2,1200,0.0441190152264,1.65162144546,25.5652062092
1,1,True,2,1200,0.0441190152264,1.6516214448,25.5652049414
