,iteration,success,k,N,msd,prelec_gamma,s
0,0,True,2,1200,0.0527386480902,0.936839348332,15.3635738728
1,1,True,2,1200,0.0527386480902,0.936839353761,15.3635740838
