,iteration,success,k,N,msd,prelec_gamma,s
0,0,False,2,1200,0.0550724082534,1.9700821253,29.9999999951
1,1,True,2,1200,0.0550724082531,1.97008223639,30.0
