,iteration,success,k,N,msd,prelec_gamma,s
0,0,True,2,1200,0.0536206962822,2.02204471928,30.0
1,1,True,2,1200,0.0536206962822,2.0220447369,30.0
