,iteration,success,k,N,msd,prelec_gamma,s
0,0,True,2,1200,0.0364270866558,0.894827062989,22.4304767767
1,1,True,2,1200,0.0364270866558,0.89482706775,22.4304773964
