,iteration,success,k,N,msd,prelec_gamma,s
0,0,True,2,1200,0.0547725270348,0.860812861968,10.1145359637
1,1,True,2,1200,0.0547725270348,0.860812864642,10.1145360004
