,iteration,success,k,N,msd,prelec_gamma,s
0,0,True,2,1200,0.0369411461454,0.946008170644,10.0
1,1,True,2,1200,0.0369411461454,0.946008165845,10.0
