,iteration,success,k,N,msd,prelec_gamma,s
0,0,True,2,1200,0.0546956168603,0.864772585271,9.9192579116
1,1,True,2,1200,0.0546956168603,0.864772583256,9.91925807775
