,iteration,success,k,N,msd,prelec_gamma,s
0,0,True,2,1200,0.22036174935,0.0100000001488,0.243826791639
1,1,True,2,1200,0.22036172859,0.0100000000004,0.243537703255
