,iteration,success,k,N,msd,prelec_gamma,s
0,0,True,2,1200,0.192360300789,0.01,0.398245320153
1,1,True,2,1200,0.192360300789,0.01,0.398245306394
