,iteration,success,k,N,msd,prelec_gamma,s
0,0,True,2,1200,0.0470922311489,2.66892298692,30.0
1,1,True,2,1200,0.0470922311489,2.66892297962,30.0
