,iteration,success,k,N,msd,prelec_gamma,s
0,0,True,2,1200,0.0647825681999,2.00811887899,10.0
1,1,True,2,1200,0.0652022523761,2.53603634177,10.0
