,iteration,success,k,N,msd,prelec_gamma,s
0,0,True,2,1200,0.0519047018384,1.93106190452,30.0
1,1,True,2,1200,0.0519047018384,1.93106195359,30.0
