,iteration,success,k,N,msd,prelec_gamma,s
0,0,True,2,1200,0.0568770569319,2.02389966998,29.9999999999
1,1,True,2,1200,0.0568770569079,2.0238890596,30.0
