,iteration,success,k,N,msd,prelec_gamma,s
0,0,True,2,1200,0.173768624876,0.01,0.485319278188
1,1,True,2,1200,0.173768624876,0.01,0.485319270537
