,iteration,success,k,N,msd,prelec_gamma,s
0,0,True,2,1200,0.177514599173,0.0119176543241,0.469603458758
1,1,True,2,1200,0.177514599173,0.0119176552807,0.469603459171
