,iteration,success,k,N,msd,prelec_gamma,s
0,0,True,2,1200,0.04994523345,1.88375181026,29.9999999983
1,1,True,2,1200,0.0499452320077,1.883823257,30.0
