,iteration,success,k,N,msd,prelec_gamma,s
0,0,True,2,1200,0.0548261110072,0.852881243539,9.98765439323
1,1,True,2,1200,0.0548261110072,0.852881247474,9.98765427807
