,iteration,success,k,N,msd,prelec_gamma,s
0,0,True,2,1200,0.0639590232207,0.836726695308,9.81027654759
1,1,True,2,1200,0.0639590232207,0.836726695022,9.81027627603
