,iteration,success,k,N,msd,prelec_gamma,s
0,0,True,2,1200,0.0481292799792,0.965051949351,25.9056882418
1,1,True,2,1200,0.0481292799792,0.96505195248,25.9056892771
