,iteration,success,k,N,msd,prelec_gamma,s
0,0,True,2,1200,0.201364289897,0.01,0.362655072151
1,1,True,2,1200,0.201364289897,0.01,0.362655107258
