,iteration,success,k,N,msd,prelec_gamma,s
0,0,True,2,1200,0.214103243885,0.0100000007338,0.307922758656
1,1,True,2,1200,0.214062974595,0.01,0.293569458207
