,iteration,success,k,N,msd,prelec_gamma,s
0,0,True,2,1200,0.137225370747,0.0194855467188,0.658470681425
1,1,True,2,1200,0.137225370747,0.0194855520485,0.658470673345
