,iteration,success,k,N,msd,prelec_gamma,s
0,0,True,2,1200,0.0699584561692,0.764253134812,8.20260848327
1,1,True,2,1200,0.0699584561692,0.764253131373,8.20260822394
