,iteration,success,k,N,msd,prelec_gamma,s
0,0,True,2,1200,0.230643189234,0.0100000000179,0.187597562671
1,1,True,2,1200,0.230643188936,0.0100000000002,0.187560355786
