,iteration,success,k,N,msd,prelec_gamma,s
0,0,True,2,1200,0.0533224075853,1.99711762789,29.9999999996
1,1,True,2,1200,0.0533208308454,2.00205871586,30.0
