,iteration,success,k,N,msd,prelec_gamma,s
0,0,True,2,1200,0.0413779329794,0.957331412407,22.3107502148
1,1,True,2,1200,0.0413779329794,0.9573314129,22.3107500737
