,iteration,success,k,N,msd,prelec_gamma,s
0,0,True,2,1200,0.039734863348,0.871579682125,22.0752720519
1,1,True,2,1200,0.039734863348,0.871579680567,22.0752715266
