,iteration,success,k,N,msd,prelec_gamma,s
0,0,True,2,1200,0.046634298281,0.915089810379,14.598574687
1,1,True,2,1200,0.046634298281,0.915089813242,14.5985751456
