,iteration,success,k,N,msd,prelec_gamma,s
0,0,True,2,1200,0.135018891993,0.0233426045627,0.670110319772
1,1,True,2,1200,0.135018891993,0.0233426006561,0.670110305899
