,iteration,success,k,N,msd,prelec_gamma,s
0,0,True,2,1200,0.0365046103682,0.946635085202,25.2462882945
1,1,True,2,1200,0.0365046103682,0.946635085819,25.2462902362
