,iteration,success,k,N,msd,prelec_gamma,s
0,0,True,2,1200,0.163215342507,0.012684223487,0.543166935451
1,1,True,2,1200,0.163215342507,0.0126842188891,0.543166924821
