,iteration,success,k,N,msd,prelec_gamma,s
0,0,True,2,1200,0.214933052083,0.01,0.267065945411
1,1,True,2,1200,0.214933052083,0.01,0.267065932295
