,iteration,success,k,N,msd,prelec_gamma,s
0,0,True,2,1200,0.0595129061859,1.8822738771,22.7758137298
1,1,True,2,1200,0.0595129061859,1.88227387775,22.7758138147
