,iteration,success,k,N,msd,prelec_gamma,s
0,0,True,2,1200,0.0507894506657,2.02468145772,28.3560050765
1,1,True,2,1200,0.0507894506657,2.02468145676,28.3560043153
