,iteration,success,k,N,msd,prelec_gamma,s
0,0,True,2,1200,0.0419873617938,1.91400737706,30.0
1,1,True,2,1200,0.0419873617938,1.91400735675,30.0
