,iteration,success,k,N,msd,prelec_gamma,s
0,0,True,2,1200,0.0391417116137,1.90092690581,30.0
1,1,True,2,1200,0.039141711649,1.90091371935,29.9999999994
