,iteration,success,k,N,msd,prelec_gamma,s
0,0,True,2,1200,0.0484255238465,1.71646305957,28.4443380517
