,iteration,success,k,N,msd,prelec_gamma,s
0,0,True,2,1200,0.0544304510835,1.77376437936,23.5811808903
1,1,True,2,1200,0.0544304510835,1.77376438121,23.5811808594
