,iteration,success,k,N,msd,prelec_gamma,s
0,0,True,2,1200,0.0519488366182,0.953965741735,20.3384527707
1,1,True,2,1200,0.0519488366182,0.953965740039,20.3384520278
