,iteration,success,k,N,msd,prelec_gamma,s
0,0,True,2,1200,0.192220567626,0.01,0.395138733565
1,1,True,2,1200,0.192220567626,0.01,0.395138758345
