,iteration,success,k,N,msd,prelec_gamma,s
0,0,True,2,1200,0.0584996971086,1.9452853587,29.9999999997
1,1,True,2,1200,0.0584996971086,1.94528607446,29.9999999998
