,iteration,success,k,N,msd,prelec_gamma,s
0,0,True,2,1200,0.0490441659437,1.8456881189,25.5668673859
1,1,True,2,1200,0.0490441659437,1.84568812797,25.5668654504
