,iteration,success,k,N,msd,prelec_gamma,s
0,0,True,2,1200,0.0471737236787,0.890753527358,15.6369666971
1,1,True,2,1200,0.0471737236787,0.890753523068,15.6369666297
