,iteration,success,k,N,msd,prelec_gamma,s
0,0,True,2,1200,0.0497526061099,0.95566768046,29.9999999999
1,1,True,2,1200,0.0497526061099,0.955667683112,30.0
