,iteration,success,k,N,msd,prelec_gamma,s
0,0,True,2,1200,0.0500087988578,0.963659784244,23.0614638959
1,1,True,2,1200,0.0500087988578,0.963659782385,23.0614625426
