,iteration,success,k,N,msd,prelec_gamma,s
0,0,False,2,1200,0.0610473498117,0.609994524928,30.0
1,1,True,2,1200,0.0451168862044,2.99982720121,29.9999999982
