,iteration,success,k,N,msd,prelec_gamma,s
0,0,True,2,1200,0.055299799106,0.890694042699,12.6182556061
1,1,True,2,1200,0.055299799106,0.890694038842,12.6182557574
