,iteration,success,k,N,msd,prelec_gamma,s
0,0,True,2,1200,0.0459463430982,0.970554726012,19.3896928836
1,1,True,2,1200,0.0459463430982,0.970554726321,19.3896923419
