,iteration,success,k,N,msd,prelec_gamma,s
0,0,True,2,1200,0.166593761223,0.0157911552271,0.521974285952
1,1,True,2,1200,0.166593761223,0.0157911525972,0.52197426645
