,iteration,success,k,N,msd,prelec_gamma,s
0,0,True,2,1200,0.218190263343,0.0100000047005,0.276151617963
1,1,True,2,1200,0.218127157591,0.010000000243,0.266542747986
