,iteration,success,k,N,msd,prelec_gamma,s
0,0,True,2,1200,0.203183073148,0.01,0.349300373653
1,1,True,2,1200,0.203183073148,0.01,0.349300363525
