,iteration,success,k,N,msd,prelec_gamma,s
0,0,True,2,1200,0.051003783877,1.87402566043,29.9999999954
1,1,True,2,1200,0.0510037838471,1.87401608289,30.0
