,iteration,success,k,N,msd,prelec_gamma,s
0,0,True,2,1200,0.0519009143333,2.52889347172,30.0
1,1,True,2,1200,0.0519009143333,2.52889349487,30.0
