,iteration,success,k,N,msd,prelec_gamma,s
0,0,True,2,1200,0.0464866513793,0.958493741063,27.0360802644
1,1,True,2,1200,0.0464866513793,0.958493739157,27.0360799872
