,iteration,success,k,N,msd,prelec_gamma,s
0,0,True,2,1200,0.0678394522978,1.95763984478,30.0
1,1,True,2,1200,0.0678394524991,1.95768779132,29.9999999993
