,iteration,success,k,N,msd,prelec_gamma,s
0,0,True,2,1200,0.0397981796797,0.964794607168,22.5755204348
1,1,True,2,1200,0.0397981796797,0.964794605448,22.5755187284
