,iteration,success,k,N,msd,prelec_gamma,s
0,0,True,2,1200,0.0498280019566,1.88756087507,26.6314568514
1,1,True,2,1200,0.0493424082313,1.69575621874,30.0
