,iteration,success,k,N,msd,prelec_gamma,s
0,0,True,2,1200,0.21803126267,0.01,0.266401880767
1,1,True,2,1200,0.21803126684,0.0100000000063,0.266539495607
