,iteration,success,k,N,msd,prelec_gamma,s
0,0,True,2,1200,0.052593588752,0.870525526445,14.8144537919
1,1,True,2,1200,0.052593588752,0.870525529854,14.8144547257
