,iteration,success,k,N,msd,prelec_gamma,s
0,0,True,2,1200,0.0336927971677,0.862459306319,16.7261823874
1,1,True,2,1200,0.0336927971677,0.862459305784,16.7261827832
