,iteration,success,k,N,msd,prelec_gamma,s
0,0,True,2,1200,0.176546871561,0.0118675558561,0.473675802512
1,1,True,2,1200,0.176546871561,0.01186755331,0.473675799112
