,iteration,success,k,N,msd,prelec_gamma,s
0,0,True,2,1200,0.190879275251,0.0114631174246,0.407087101449
1,1,True,2,1200,0.190879275251,0.0114631215523,0.407087103845
