,iteration,success,k,N,msd,prelec_gamma,s
0,0,True,2,1200,0.0382203979952,0.972249580538,27.5591425778
1,1,True,2,1200,0.0382203979952,0.972249581525,27.5591428156
