,iteration,success,k,N,msd,prelec_gamma,s
0,0,True,2,1200,0.174943910446,0.0100000001615,0.461545987751
1,1,True,2,1200,0.174943910417,0.01,0.461561123218
