,iteration,success,k,N,msd,prelec_gamma,s
0,0,True,2,1200,0.0693537765611,2.51295452453,18.4007396902
1,1,True,2,1200,0.0603469160288,1.88088052881,27.7148411838
