,iteration,success,k,N,msd,prelec_gamma,s
0,0,True,2,1200,0.0384062759,2.82204404663,30.0
1,1,True,2,1200,0.0384062759,2.82204404043,30.0
