,iteration,success,k,N,msd,prelec_gamma,s
0,0,True,2,1200,0.0513736303498,1.71239631857,23.0561302183
1,1,True,2,1200,0.0513736303498,1.71239630984,23.056132488
