,iteration,success,k,N,msd,prelec_gamma,s
0,0,True,2,1200,0.037598818087,0.848585679049,21.8866040352
1,1,True,2,1200,0.037598818087,0.848585682294,21.8866031053
