,iteration,success,k,N,msd,prelec_gamma,s
0,0,True,2,1200,0.0548882211238,1.79640403178,10.0
1,1,True,2,1200,0.0548882211238,1.79640402997,10.0
