,iteration,success,k,N,msd,prelec_gamma,s
0,0,True,2,1200,0.22803265311,0.01,0.191919124533
1,1,True,2,1200,0.22803265311,0.01,0.191919147538
