,iteration,success,k,N,msd,prelec_gamma,s
0,0,True,2,1200,0.212456841277,0.01,0.292939936868
1,1,True,2,1200,0.212456841277,0.01,0.292939943889
