,iteration,success,k,N,msd,prelec_gamma,s
0,0,True,2,1200,0.226140902365,0.0100000001168,0.193492276245
1,1,True,2,1200,0.226140708786,0.010000000049,0.194243001227
