,iteration,success,k,N,msd,prelec_gamma,s
0,0,True,2,1200,0.045323145269,2.76730321549,30.0
1,1,True,2,1200,0.045323145269,2.76730332301,30.0
