,iteration,success,k,N,msd,prelec_gamma,s
0,0,True,2,1200,0.0400027700794,0.854947050542,14.6571445002
1,1,True,2,1200,0.0400027700794,0.854947049089,14.6571443718
