,iteration,success,k,N,msd,prelec_gamma,s
0,0,True,2,1200,0.0587593995703,1.97886194134,29.8910386392
1,1,True,2,1200,0.0587593995703,1.97886193726,29.8910377923
