,iteration,success,k,N,msd,prelec_gamma,s
0,0,True,2,1200,0.0343897627023,0.929059937467,30.0
1,1,True,2,1200,0.0343897796345,0.929199108346,29.9999999999
