,iteration,success,k,N,msd,prelec_gamma,s
0,0,True,2,1200,0.0396756706527,0.920729366437,30.0
1,1,True,2,1200,0.0396756706527,0.920729395709,30.0
