,iteration,success,k,N,msd,prelec_gamma,s
0,0,True,2,1200,0.200621615666,0.01,0.368839222223
1,1,True,2,1200,0.200621615666,0.01,0.368839221514
