,iteration,success,k,N,msd,prelec_gamma,s
0,0,True,2,1200,0.0378113098058,0.957746779148,29.9999999967
1,1,True,2,1200,0.0378113097977,0.957749298706,29.9999999999
