,iteration,success,k,N,msd,prelec_gamma,s
0,0,True,2,1200,0.194656662382,0.01,0.382896254551
1,1,True,2,1200,0.194656662382,0.0100000000002,0.382896301819
