,iteration,success,k,N,msd,prelec_gamma,s
0,0,True,2,1200,0.0566171293346,1.94753064275,30.0
1,1,True,2,1200,0.0566171293295,1.94752193082,30.0
