,iteration,success,k,N,msd,prelec_gamma,s
0,0,True,2,1200,0.0596642307124,2.9999999903,9.99999998981
1,1,False,2,1200,0.0596642308066,2.99999993639,9.99999999607
