,iteration,success,k,N,msd,prelec_gamma,s
0,0,True,2,1200,0.03586910241,0.934656844125,30.0
1,1,True,2,1200,0.0358691024102,0.934656271668,29.9999999993
