,iteration,success,k,N,msd,prelec_gamma,s
0,0,True,2,1200,0.22660023267,0.0100000000095,0.189876579376
1,1,True,2,1200,0.226600232638,0.01,0.189867219233
