,iteration,success,k,N,msd,prelec_gamma,s
0,0,True,2,1200,0.176199377806,0.01,0.481307603944
1,1,True,2,1200,0.176199377806,0.01,0.481307597843
