,iteration,success,k,N,msd,prelec_gamma,s
0,0,True,2,1200,0.0557133562152,1.95643913261,30.0
1,1,True,2,1200,0.0557133562152,1.95643912838,30.0
