,iteration,success,k,N,msd,prelec_gamma,s
0,0,True,2,1200,0.0596076195734,0.882032323834,12.7465047831
1,1,True,2,1200,0.0596076195734,0.882032320769,12.7465049304
