,iteration,success,k,N,msd,prelec_gamma,s
0,0,True,2,1200,0.0532606986336,0.959852351674,21.5268224133
1,1,True,2,1200,0.0532606986336,0.959852352105,21.5268230896
