,iteration,success,k,N,msd,prelec_gamma,s
0,0,False,2,1200,0.0527861752344,2.99999624577,29.9999775596
1,1,True,2,1200,0.0527861727941,2.99999999946,29.9999999936
