,iteration,success,k,N,msd,prelec_gamma,s
0,0,True,2,1200,0.04227971826,0.912815879577,29.089706746
1,1,True,2,1200,0.04227971826,0.912815880127,29.089705749
