,iteration,success,k,N,msd,prelec_gamma,s
0,0,True,2,1200,0.0476251973815,1.96589537107,30.0
1,1,True,2,1200,0.0476251973815,1.96589535512,30.0
