,iteration,success,k,N,msd,prelec_gamma,s
0,0,True,2,1200,0.0563075270729,2.00305687252,24.0734259521
1,1,True,2,1200,0.0563075270729,2.00305687553,24.0734254447
