,iteration,success,k,N,msd,prelec_gamma,s
0,0,True,2,1200,0.0548084180692,1.93493440402,30.0
1,1,True,2,1200,0.0548084180692,1.93493440111,30.0
