,iteration,success,k,N,msd,prelec_gamma,s
0,0,True,2,1200,0.21523279043,0.0152334123923,0.28543722951
1,1,True,2,1200,0.21523279043,0.0152334124782,0.285437231863
