,iteration,success,k,N,msd,prelec_gamma,s
0,0,True,2,1200,0.0476162740107,1.93212763892,30.0
1,1,True,2,1200,0.0476301883066,1.90826059789,29.9999999973
