,iteration,success,k,N,msd,prelec_gamma,s
0,0,True,2,1200,0.051390097266,3.0,29.9999999931
1,1,True,2,1200,0.0514401088393,2.99999999993,27.1692113976
