,iteration,success,k,N,msd,prelec_gamma,s
0,0,True,2,1200,0.0374822502005,0.950779611697,21.8377085343
1,1,True,2,1200,0.0374822502005,0.950779612533,21.8377093437
