,iteration,success,k,N,msd,prelec_gamma,s
0,0,True,2,1200,0.0412038412994,0.894879907912,14.874992203
1,1,True,2,1200,0.0412038412994,0.894879901459,14.8749914934
