,iteration,success,k,N,msd,prelec_gamma,s
0,0,True,2,1200,0.0538918380307,0.81174108278,10.3980366986
1,1,True,2,1200,0.0538918380307,0.811741088941,10.3980368524
