,iteration,success,k,N,msd,prelec_gamma,s
0,0,True,2,1200,0.0532438072678,1.88370805262,29.9999999998
1,1,True,2,1200,0.0532438072668,1.88370662186,30.0
