,iteration,success,k,N,msd,prelec_gamma,s
0,0,True,2,1200,0.0416129155146,2.71197737373,30.0
1,1,True,2,1200,0.0416129155146,2.71197735786,30.0
