,iteration,success,k,N,msd,prelec_gamma,s
0,0,True,2,1200,0.0678947367272,0.324638455858,30.0
1,1,True,2,1200,0.0517797553733,2.99999999999,29.9999999755
