,iteration,success,k,N,msd,prelec_gamma,s
0,0,True,2,1200,0.202535235387,0.0100000000451,0.35403636943
1,1,True,2,1200,0.202535028767,0.0100000000005,0.355133380532
