,iteration,success,k,N,msd,prelec_gamma,s
0,0,True,2,1200,0.0449612329735,0.954208347824,20.3155411973
1,1,True,2,1200,0.0449612329735,0.954208350002,20.3155410999
