,iteration,success,k,N,msd,prelec_gamma,s
0,0,True,2,1200,0.0438239768469,1.69855075867,25.3377587815
1,1,True,2,1200,0.0438239768469,1.69855075692,25.3377584358
