,iteration,success,k,N,msd,prelec_gamma,s
0,0,True,2,1200,0.199257208801,0.0100000000077,0.355990406929
1,1,True,2,1200,0.199257197394,0.01,0.356257736547
