,iteration,success,k,N,msd,prelec_gamma,s
0,0,True,2,1200,0.0518100034243,1.88676107137,30.0
1,1,True,2,1200,0.0518100034243,1.88676109085,30.0
