,iteration,success,k,N,msd,prelec_gamma,s
0,0,True,2,1200,0.0562501515811,1.75714586736,30.0
1,1,True,2,1200,0.0562501515811,1.7571458729,30.0
