,iteration,success,k,N,msd,prelec_gamma,s
0,0,True,2,1200,0.0439282916788,0.978120878963,30.0
1,1,True,2,1200,0.0439282916788,0.978120881117,30.0
