,iteration,success,k,N,msd,prelec_gamma,s
0,0,True,2,1200,0.0599330052315,2.6082936532,20.0580224872
1,1,True,2,1200,0.0580505399047,2.01647820621,29.3589625641
