,iteration,success,k,N,msd,prelec_gamma,s
0,0,True,2,1200,0.0439239891233,0.882919146662,13.5879982741
1,1,True,2,1200,0.0439239891233,0.882919150584,13.5879982976
