,iteration,success,k,N,msd,prelec_gamma,s
0,0,True,2,1200,0.219513366066,0.01,0.258088705213
1,1,True,2,1200,0.219513366066,0.01,0.258088708509
