,iteration,success,k,N,msd,prelec_gamma,s
0,0,True,2,1200,0.0498930455301,1.93872784323,30.0
1,1,True,2,1200,0.04989304553,1.93872820945,30.0
