,iteration,success,k,N,msd,prelec_gamma,s
0,0,True,2,1200,0.203812310897,0.01,0.345811590945
1,1,True,2,1200,0.203812444859,0.0100000000217,0.346686857721
