,iteration,success,k,N,msd,prelec_gamma,s
0,0,True,2,1200,0.0505589590999,1.734189175,30.0
1,1,True,2,1200,0.0505589590999,1.73418918707,30.0
