,iteration,success,k,N,msd,prelec_gamma,s
0,0,True,2,1200,0.0568980630197,1.87287289336,29.9999999991
1,1,True,2,1200,0.0568980313536,1.8725453454,30.0
