,iteration,success,k,N,msd,prelec_gamma,s
0,0,True,2,1200,0.0354116155471,0.885470426561,21.135987735
1,1,True,2,1200,0.0354116155471,0.885470431217,21.1359875948
