,iteration,success,k,N,msd,prelec_gamma,s
0,0,True,2,1200,0.0382816120017,0.931975236083,29.9999999999
1,1,True,2,1200,0.0382816120017,0.931975238342,30.0
