,iteration,success,k,N,msd,prelec_gamma,s
0,0,True,2,1200,0.062238635084,1.99693446637,9.99999999997
1,1,True,2,1200,0.0622383806283,1.99890701571,10.0
