,iteration,success,k,N,msd,prelec_gamma,s
0,0,True,2,1200,0.210843757928,0.01,0.310491894521
1,1,True,2,1200,0.210843757928,0.01,0.310491886217
