,iteration,success,k,N,msd,prelec_gamma,s
0,0,True,2,1200,0.053831073619,1.87834610582,30.0
1,1,True,2,1200,0.053831073619,1.87834611013,30.0
