,iteration,success,k,N,msd,prelec_gamma,s
0,0,True,2,1200,0.0611432511313,2.02758551963,30.0
1,1,True,2,1200,0.0611432511318,2.02758423329,30.0
