,iteration,success,k,N,msd,prelec_gamma,s
0,0,True,2,1200,0.0566285930693,1.65122105154,29.9999999997
1,1,True,2,1200,0.0566285930566,1.651214591,29.9999999999
