,iteration,success,k,N,msd,prelec_gamma,s
0,0,True,2,1200,0.038741550088,0.921086593923,19.8082377232
1,1,True,2,1200,0.038741550088,0.921086595454,19.8082402765
