,iteration,success,k,N,msd,prelec_gamma,s
0,0,True,2,1200,0.0347812954881,0.892823584573,19.5496763666
1,1,True,2,1200,0.0347812954881,0.892823580633,19.5496763164
