,iteration,success,k,N,msd,prelec_gamma,s
0,0,True,2,1200,0.0637925642193,1.91480827778,26.8825608702
1,1,True,2,1200,0.0685662740617,2.49534654301,21.406711531
