,iteration,success,k,N,msd,prelec_gamma,s
0,0,True,2,1200,0.044954662986,0.951172787769,21.9603217712
1,1,True,2,1200,0.044954662986,0.951172790209,21.9603252588
