,iteration,success,k,N,msd,prelec_gamma,s
0,0,True,2,1200,0.0702288793362,0.834510536472,9.54262894134
1,1,True,2,1200,0.0702288793362,0.834510511062,9.54262887402
