,iteration,success,k,N,msd,prelec_gamma,s
0,0,True,2,1200,0.0553358170165,1.97775039662,30.0
1,1,True,2,1200,0.0609354296106,2.45771495702,29.7598877928
