,iteration,success,k,N,msd,prelec_gamma,s
0,0,True,2,1200,0.0482193363429,2.55948287763,30.0
1,1,True,2,1200,0.0859953793979,0.12996868113,29.9999999997
