,iteration,success,k,N,msd,prelec_gamma,s
0,0,True,2,1200,0.0452553774076,2.99999999868,29.9999999852
1,1,True,2,1200,0.0452553777003,2.99999959914,29.9999999998
