,iteration,success,k,N,msd,prelec_gamma,s
0,0,True,2,1200,0.0379102938646,1.78218281268,29.9999999956
1,1,True,2,1200,0.0379102834241,1.7823741171,30.0
