,iteration,success,k,N,msd,prelec_gamma,s
0,0,True,2,1200,0.183751133945,0.01,0.435381140238
1,1,True,2,1200,0.183751133945,0.01,0.435381120699
