,iteration,success,k,N,msd,prelec_gamma,s
0,0,True,2,1200,0.170582329758,0.01,0.481979912134
1,1,True,2,1200,0.170582345295,0.0100000000138,0.482347544153
