,iteration,success,k,N,msd,prelec_gamma,s
0,0,True,2,1200,0.0495600418527,2.81411855273,30.0
1,1,True,2,1200,0.0617037179757,0.80827404733,29.9999999997
