,iteration,success,k,N,msd,prelec_gamma,s
0,0,True,2,1200,0.0570629004945,2.05104320552,28.547395536
1,1,True,2,1200,0.0570629004945,2.05104321608,28.5473962807
