,iteration,success,k,N,msd,prelec_gamma,s
0,0,True,2,1200,0.190863803964,0.01,0.406744576201
1,1,True,2,1200,0.190863803964,0.01,0.406744589066
