,iteration,success,k,N,msd,prelec_gamma,s
0,0,True,2,1200,0.140257122334,0.0347915238634,0.651483372458
1,1,True,2,1200,0.140257122334,0.0347915295399,0.651483374445
