,iteration,success,k,N,msd,prelec_gamma,s
0,0,True,2,1200,0.0387365950935,0.874044732647,15.018525526
1,1,True,2,1200,0.0387365950935,0.874044738078,15.0185253158
