,iteration,success,k,N,msd,prelec_gamma,s
0,0,True,2,1200,0.168090527843,0.0203799077177,0.530664202708
1,1,True,2,1200,0.168090527843,0.0203799097936,0.530664213558
