,iteration,success,k,N,msd,prelec_gamma,s
0,0,True,2,1200,0.0582026480761,2.63813496186,10.0
1,1,False,2,1200,0.0582026480729,2.63812027728,10.0
