,iteration,success,k,N,msd,prelec_gamma,s
0,0,True,2,1200,0.168379343812,0.0149441662521,0.514683528091
1,1,True,2,1200,0.168379343812,0.0149441691205,0.514683541521
