,iteration,success,k,N,msd,prelec_gamma,s
0,0,True,2,1200,0.043284709587,0.902963369084,16.3640238362
1,1,True,2,1200,0.043284709587,0.902963370101,16.3640242667
