,iteration,success,k,N,msd,prelec_gamma,s
0,0,True,2,1200,0.189616618793,0.01,0.412811874589
1,1,True,2,1200,0.189616618793,0.01,0.412811887026
