,iteration,success,k,N,msd,prelec_gamma,s
0,0,True,2,1200,0.0426742096251,1.65862456747,29.1930707596
1,1,True,2,1200,0.0427411563294,1.73610603209,26.7604738988
