,iteration,success,k,N,msd,prelec_gamma,s
0,0,True,2,1200,0.0381429864659,0.827420233123,10.0
1,1,True,2,1200,0.0381429864659,0.827420234198,10.0
