,iteration,success,k,N,msd,prelec_gamma,s
0,0,True,2,1200,0.22778252891,0.01,0.194718482591
1,1,True,2,1200,0.227782564353,0.0100000065424,0.195041369981
