,iteration,success,k,N,msd,prelec_gamma,s
0,0,True,2,1200,0.0484979335231,2.99999999918,29.9999999854
1,1,False,2,1200,0.0484981820161,2.99990695622,29.9985682214
