,iteration,success,k,N,msd,prelec_gamma,s
0,0,True,2,1200,0.195333648802,0.01,0.384597022074
1,1,True,2,1200,0.195377138399,0.0100000000046,0.367805732129
