,iteration,success,k,N,msd,prelec_gamma,s
0,0,True,2,1200,0.0574949421836,2.51954637514,20.0787776239
1,1,True,2,1200,0.0535734802698,1.92496189511,23.841131213
