,iteration,success,k,N,msd,prelec_gamma,s
0,0,True,2,1200,0.221735410361,0.01,0.247271818267
1,1,True,2,1200,0.221735410361,0.01,0.247271865336
