,iteration,success,k,N,msd,prelec_gamma,s
0,0,True,2,1200,0.19150015551,0.0100000000005,0.404174058768
1,1,True,2,1200,0.191500155512,0.0100000000012,0.404171605295
