,iteration,success,k,N,msd,prelec_gamma,s
0,0,True,2,1200,0.21110318671,0.01,0.320265355118
1,1,True,2,1200,0.21110318671,0.01,0.320265367208
