,iteration,success,k,N,msd,prelec_gamma,s
0,0,True,2,1200,0.0410222334062,0.894068381989,19.4338609488
1,1,True,2,1200,0.0410222334062,0.894068383077,19.4338608119
