,iteration,success,k,N,msd,prelec_gamma,s
0,0,True,2,1200,0.0376743685505,0.906620963551,19.5683647832
1,1,True,2,1200,0.0376743685505,0.906620964487,19.5683662136
