,iteration,success,k,N,msd,prelec_gamma,s
0,0,True,2,1200,0.141280539336,0.0228411278358,0.649423768098
1,1,True,2,1200,0.141280539336,0.022841134499,0.649423769555
