,iteration,success,k,N,msd,prelec_gamma,s
0,0,True,2,1200,0.064199346175,0.864992135112,9.58045308617
1,1,True,2,1200,0.064199346175,0.864992116583,9.58045325479
