,iteration,success,k,N,msd,prelec_gamma,s
0,0,True,2,1200,0.210956959384,0.01,0.30022371587
1,1,True,2,1200,0.210956959384,0.01,0.300224066248
