,iteration,success,k,N,msd,prelec_gamma,s
0,0,True,2,1200,0.0467835380471,0.854009012158,10.0
1,1,True,2,1200,0.0467835380471,0.854009004586,10.0
