,iteration,success,k,N,msd,prelec_gamma,s
0,0,True,2,1200,0.0588280064266,0.879850041635,10.7486020974
1,1,True,2,1200,0.0588280064266,0.879850043633,10.7486023033
