,iteration,success,k,N,msd,prelec_gamma,s
0,0,True,2,1200,0.135450320244,0.01,0.677052166707
1,1,True,2,1200,0.135450320245,0.0100000000002,0.677055908794
