,iteration,success,k,N,msd,prelec_gamma,s
0,0,True,2,1200,0.0688761762581,1.99977108151,23.7914905033
1,1,True,2,1200,0.0688761762581,1.99977108827,23.7914924628
