,iteration,success,k,N,msd,prelec_gamma,s
0,0,True,2,1200,0.0356103150169,0.965992235765,27.8047200063
1,1,True,2,1200,0.0356103150169,0.965992234234,27.8047196638
