,iteration,success,k,N,msd,prelec_gamma,s
0,0,True,2,1200,0.19834310215,0.01,0.375359585582
1,1,True,2,1200,0.19834310215,0.01,0.375359608866
