,iteration,success,k,N,msd,prelec_gamma,s
0,0,True,2,1200,0.0479499655542,1.68245044794,25.0659181819
1,1,True,2,1200,0.0479499655542,1.6824504359,25.0659168179
