,iteration,success,k,N,msd,prelec_gamma,s
0,0,True,2,1200,0.0445120467316,2.99999999998,29.9999999954
1,1,True,2,1200,0.0445120467317,2.99999999996,29.9999999992
