,iteration,success,k,N,msd,prelec_gamma,s
0,0,True,2,1200,0.053902526582,0.881357426578,11.1833062081
1,1,True,2,1200,0.053902526582,0.881357438439,11.1833063471
