,iteration,success,k,N,msd,prelec_gamma,s
0,0,False,2,1200,0.221277598225,0.01,0.247520471338
1,1,True,2,1200,0.221277598225,0.01,0.247520459736
