,iteration,success,k,N,msd,prelec_gamma,s
0,0,True,2,1200,0.0402306893237,1.58221884898,30.0
1,1,True,2,1200,0.0402306893237,1.58221896435,30.0
