,iteration,success,k,N,msd,prelec_gamma,s
0,0,True,2,1200,0.0402686480764,0.93518055796,20.5705179843
1,1,True,2,1200,0.0402686480764,0.935180561849,20.5705168853
