,iteration,success,k,N,msd,prelec_gamma,s
0,0,True,2,1200,0.0406071184939,0.858472309243,14.2235434546
1,1,True,2,1200,0.0406071184939,0.85847230991,14.2235433148
