,iteration,success,k,N,msd,prelec_gamma,s
0,0,True,2,1200,0.0376633754926,0.844738080089,14.9678372925
1,1,True,2,1200,0.0376633754926,0.844738080273,14.9678376695
