,iteration,success,k,N,msd,prelec_gamma,s
0,0,True,2,1200,0.0593580523335,0.948835230199,24.6873423525
1,1,True,2,1200,0.0593580523335,0.948835233432,24.6873410512
