,iteration,success,k,N,msd,prelec_gamma,s
0,0,True,2,1200,0.0429000367232,2.78507534773,30.0
1,1,True,2,1200,0.0556209450625,0.600935183822,30.0
