,iteration,success,k,N,msd,prelec_gamma,s
0,0,True,2,1200,0.0609724324785,1.95025565579,30.0
1,1,True,2,1200,0.0609724325618,1.95027696776,29.9999999996
