,iteration,success,k,N,msd,prelec_gamma,s
0,0,True,2,1200,0.0319128657965,0.925280632284,26.7110045486
1,1,True,2,1200,0.0319128657965,0.925280629598,26.7110061081
