,iteration,success,k,N,msd,prelec_gamma,s
0,0,True,2,1200,0.0616161499871,0.95056630097,24.4727905838
1,1,True,2,1200,0.0616161499871,0.950566300102,24.4727895486
