,iteration,success,k,N,msd,prelec_gamma,s
0,0,True,2,1200,0.166618317915,0.0115590467185,0.510768510447
1,1,True,2,1200,0.166618317915,0.0115590443327,0.51076850442
