,iteration,success,k,N,msd,prelec_gamma,s
0,0,True,2,1200,0.0376353150899,0.959391192483,27.1000237988
1,1,True,2,1200,0.0376353150899,0.959391193513,27.1000221556
