,iteration,success,k,N,msd,prelec_gamma,s
0,0,True,2,1200,0.0458944133244,0.94154200407,17.9594357866
1,1,True,2,1200,0.0458944133244,0.941542001066,17.9594363488
