,iteration,success,k,N,msd,prelec_gamma,s
0,0,True,2,1200,0.0297791810293,0.966349375985,29.9999999994
1,1,True,2,1200,0.0297791810282,0.966350019567,30.0
