,iteration,success,k,N,msd,prelec_gamma,s
0,0,True,2,1200,0.0516812253954,2.57353153506,30.0
1,1,True,2,1200,0.0516812253954,2.57353164638,30.0
