,iteration,success,k,N,msd,prelec_gamma,s
0,0,True,2,1200,0.0419316879421,0.961251772459,22.6676874329
1,1,True,2,1200,0.0419316879421,0.961251768102,22.6676860739
