,iteration,success,k,N,msd,prelec_gamma,s
0,0,True,2,1200,0.0705188034498,0.796857137071,9.01771108032
1,1,True,2,1200,0.0705188034498,0.796857161849,9.01771139639
