,iteration,success,k,N,msd,prelec_gamma,s
0,0,True,2,1200,0.169296855378,0.01,0.511124145711
1,1,True,2,1200,0.169296855378,0.01,0.511124141
