,iteration,success,k,N,msd,prelec_gamma,s
0,0,True,2,1200,0.0434188076935,1.86160990406,30.0
1,1,True,2,1200,0.0434188076935,1.86161001893,30.0
