,iteration,success,k,N,msd,prelec_gamma,s
0,0,True,2,1200,0.0558041760671,1.76439018476,21.0354745368
1,1,True,2,1200,0.0558041760671,1.76439020214,21.0354744092
