,iteration,success,k,N,msd,prelec_gamma,s
0,0,True,2,1200,0.212745789691,0.01,0.280299403956
1,1,True,2,1200,0.212745789692,0.0100000000013,0.280301644559
