,iteration,success,k,N,msd,prelec_gamma,s
0,0,True,2,1200,0.035275948887,0.951171879948,24.7389083064
1,1,True,2,1200,0.035275948887,0.951171885569,24.7389101944
