,iteration,success,k,N,msd,prelec_gamma,s
0,0,True,2,1200,0.221482919394,0.01,0.235441910609
1,1,True,2,1200,0.221483139883,0.0100000005908,0.236355631709
