,iteration,success,k,N,msd,prelec_gamma,s
0,0,True,2,1200,0.0660704485423,0.905333346484,8.28662714267
1,1,True,2,1200,0.0660704485423,0.905333349715,8.2866271222
