,iteration,success,k,N,msd,prelec_gamma,s
0,0,True,2,1200,0.0468502179003,2.63208981754,30.0
1,1,True,2,1200,0.0468502186068,2.63240919157,29.9999999998
