,iteration,success,k,N,msd,prelec_gamma,s
0,0,True,2,1200,0.18616782945,0.0100000000001,0.43382166854
1,1,True,2,1200,0.18616782945,0.01,0.433821383342
