,iteration,success,k,N,msd,prelec_gamma,s
0,0,True,2,1200,0.234263250714,0.0100000004862,0.16401688059
1,1,True,2,1200,0.234263244559,0.01,0.16414479649
