,iteration,success,k,N,msd,prelec_gamma,s
0,0,True,2,1200,0.197046758847,0.01,0.373757595567
1,1,True,2,1200,0.197046758847,0.01,0.373757587909
