,iteration,success,k,N,msd,prelec_gamma,s
0,0,True,2,1200,0.20387451676,0.0100000000012,0.340351340906
1,1,True,2,1200,0.203874509304,0.0100000000001,0.340171911803
