,iteration,success,k,N,msd,prelec_gamma,s
0,0,True,2,1200,0.18375054276,0.01,0.440998711098
1,1,True,2,1200,0.18375054276,0.01,0.440998651874
