,iteration,success,k,N,msd,prelec_gamma,s
0,0,True,2,1200,0.0435511591689,0.907063944521,17.3416593846
1,1,True,2,1200,0.0435511591689,0.907063945922,17.3416600505
