,iteration,success,k,N,msd,prelec_gamma,s
0,0,True,2,1200,0.0460892284304,1.90440099446,29.1286172321
1,1,True,2,1200,0.0460892284304,1.90440099379,29.1286162932
