,iteration,success,k,N,msd,prelec_gamma,s
0,0,True,2,1200,0.200257206224,0.01,0.374729256455
1,1,True,2,1200,0.200257206224,0.01,0.374729251638
