,iteration,success,k,N,msd,prelec_gamma,s
0,0,True,2,1200,0.0497068457777,1.95587674638,30.0
1,1,True,2,1200,0.0497068457778,1.95587622628,29.9999999999
