,iteration,success,k,N,msd,prelec_gamma,s
0,0,True,2,1200,0.23034290353,0.01,0.170583768318
1,1,True,2,1200,0.23034290353,0.01,0.170583777163
