,iteration,success,k,N,msd,prelec_gamma,s
0,0,True,2,1200,0.202841578681,0.0100000015434,0.32294968742
1,1,True,2,1200,0.202835329016,0.01,0.317364773977
