,iteration,success,k,N,msd,prelec_gamma,s
0,0,True,2,1200,0.200942228175,0.01,0.355615457128
1,1,True,2,1200,0.200942228175,0.01,0.355615501209
