,iteration,success,k,N,msd,prelec_gamma,s
0,0,True,2,1200,0.214426735404,0.0100000001203,0.279343691007
1,1,False,2,1200,0.214426703268,0.0100000021773,0.278957225115
