,iteration,success,k,N,msd,prelec_gamma,s
0,0,True,2,1200,0.0486400775075,0.96176317291,28.5331749231
1,1,True,2,1200,0.0486400775075,0.961763171903,28.5331759239
