,iteration,success,k,N,msd,prelec_gamma,s
0,0,False,2,1200,0.0496906557929,3.0,29.9999999955
1,1,True,2,1200,0.0612535439552,0.74872879864,30.0
