,iteration,success,k,N,msd,prelec_gamma,s
0,0,True,2,1200,0.04345962142,0.885376442945,15.1130681895
1,1,True,2,1200,0.04345962142,0.885376444122,15.1130683864
