,iteration,success,k,N,msd,prelec_gamma,s
0,0,True,2,1200,0.230134061507,0.010000000009,0.179189363971
1,1,True,2,1200,0.230134061453,0.01,0.179177273012
