,iteration,success,k,N,msd,prelec_gamma,s
0,0,True,2,1200,0.0333464352411,0.891437112066,18.4444286159
1,1,True,2,1200,0.0333464352411,0.891437110471,18.4444282236
