,iteration,success,k,N,msd,prelec_gamma,s
0,0,True,2,1200,0.0564551468414,0.169571836658,30.0
1,1,True,2,1200,0.043614625937,2.99999999974,29.9999999967
