,iteration,success,k,N,msd,prelec_gamma,s
0,0,True,2,1200,0.171001603835,0.0137169945335,0.499376995454
1,1,True,2,1200,0.171001603835,0.0137169922317,0.499376992204
