,iteration,success,k,N,msd,prelec_gamma,s
0,0,True,2,1200,0.0375894386595,0.88654490083,17.9701989281
1,1,True,2,1200,0.0375894386595,0.886544894042,17.9701988523
