,iteration,success,k,N,msd,prelec_gamma,s
0,0,True,2,1200,0.0487926951102,0.896146048379,15.172752144
1,1,True,2,1200,0.0487926951102,0.896146045373,15.1727518465
