,iteration,success,k,N,msd,prelec_gamma,s
0,0,True,2,1200,0.0528582614044,0.829156150254,10.2053399783
1,1,True,2,1200,0.0528582614044,0.829156135385,10.2053397364
