,iteration,success,k,N,msd,prelec_gamma,s
0,0,True,2,1200,0.229702923889,0.01,0.189026277998
1,1,True,2,1200,0.229702923889,0.0100000000016,0.189025818908
