,iteration,success,k,N,msd,prelec_gamma,s
0,0,True,2,1200,0.142390083196,0.0186432032049,0.617744011003
1,1,True,2,1200,0.142390083196,0.01864320047,0.617744009611
