,iteration,success,k,N,msd,prelec_gamma,s
0,0,True,2,1200,0.0726945587901,0.821604820578,8.43744711108
1,1,True,2,1200,0.0726945587901,0.821604820584,8.43744705422
