,iteration,success,k,N,msd,prelec_gamma,s
0,0,True,2,1200,0.140164495529,0.0245924974143,0.645572749778
1,1,True,2,1200,0.140164495529,0.0245924926116,0.645572736517
