,iteration,success,k,N,msd,prelec_gamma,s
0,0,True,2,1200,0.136544737961,0.02189740085,0.677329854891
1,1,True,2,1200,0.136544737961,0.0218973917831,0.677329847441
