,iteration,success,k,N,msd,prelec_gamma,s
0,0,True,2,1200,0.228298414878,0.01,0.193197983476
1,1,True,2,1200,0.228298414878,0.01,0.193197918979
