,iteration,success,k,N,msd,prelec_gamma,s
0,0,True,2,1200,0.0725029554854,0.722537254775,8.26280102878
1,1,True,2,1200,0.0725029554854,0.722537247652,8.26280116537
