,iteration,success,k,N,msd,prelec_gamma,s
0,0,True,2,1200,0.0612895422612,0.957752078702,26.2283571217
1,1,True,2,1200,0.0612895422612,0.957752076483,26.2283572723
