,iteration,success,k,N,msd,prelec_gamma,s
0,0,True,2,1200,0.142225654033,0.0151193962547,0.633368328981
1,1,True,2,1200,0.142225654033,0.0151193968205,0.633368319598
