,iteration,success,k,N,msd,prelec_gamma,s
0,0,True,2,1200,0.165192187333,0.01,0.513694602135
1,1,True,2,1200,0.165192187333,0.01,0.513694571901
