,iteration,success,k,N,msd,prelec_gamma,s
0,0,True,2,1200,0.0449812189833,1.57873379916,30.0
1,1,False,2,1200,0.426690336223,0.0100000077925,29.9993116199
