,iteration,success,k,N,msd,prelec_gamma,s
0,0,True,2,1200,0.0448749392047,1.71827950088,29.9999999999
1,1,True,2,1200,0.044874908942,1.71792698218,29.99999999
