,iteration,success,k,N,msd,prelec_gamma,s
0,0,True,2,1200,0.217267494054,0.0100000000002,0.264216597226
1,1,True,2,1200,0.217267494054,0.01,0.26421730827
