,iteration,success,k,N,msd,prelec_gamma,s
0,0,False,2,1200,0.036397068263,2.99999998747,28.937433825
1,1,False,2,1200,0.036397068191,3.0,28.9365587173
