,iteration,success,k,N,msd,prelec_gamma,s
0,0,True,2,1200,0.0585912288451,1.95466073547,30.0
1,1,True,2,1200,0.0585912288451,1.95466073709,30.0
