,iteration,success,k,N,msd,prelec_gamma,s
0,0,True,2,1200,0.0420412591848,0.863293292893,18.3722082926
1,1,True,2,1200,0.0420412591848,0.863293290343,18.3722085821
