,iteration,success,k,N,msd,prelec_gamma,s
0,0,True,2,1200,0.0700104385822,0.830568779007,7.81947446281
1,1,True,2,1200,0.0700104385822,0.830568775135,7.81947437327
