,iteration,success,k,N,msd,prelec_gamma,s
0,0,True,2,1200,0.0523095524515,0.842568013299,10.3862106579
1,1,True,2,1200,0.0523095524515,0.842568013255,10.3862104332
