,iteration,success,k,N,msd,prelec_gamma,s
0,0,True,2,1200,0.164866633759,0.0116463798563,0.523323847636
1,1,True,2,1200,0.164866633759,0.0116463813485,0.523323849388
