,iteration,success,k,N,msd,prelec_gamma,s
0,0,True,2,1200,0.194596356148,0.0121895891786,0.396075081495
1,1,True,2,1200,0.194596356148,0.0121895938383,0.396075096173
