,iteration,success,k,N,msd,prelec_gamma,s
0,0,True,2,1200,0.0604238959282,0.82250242443,10.8522762059
1,1,True,2,1200,0.0604238959282,0.822502417583,10.8522762885
