,iteration,success,k,N,msd,prelec_gamma,s
0,0,True,2,1200,0.0502476628042,1.89555680338,25.4948500838
1,1,True,2,1200,0.0502476628042,1.89555680043,25.4948484827
