,iteration,success,k,N,msd,prelec_gamma,s
0,0,True,2,1200,0.0542003314927,1.97931873902,30.0
1,1,True,2,1200,0.0542003314927,1.979318143,30.0
