,iteration,success,k,N,msd,prelec_gamma,s
0,0,True,2,1200,0.142270532012,0.0210253837539,0.639388553097
1,1,True,2,1200,0.142270532012,0.0210253801453,0.639388560173
