,iteration,success,nllh,k,N,bic,c_sigma,sc2,tau,theta(cost=high),theta(cost=low)
0,0,True,100.10407414,5,24,216.098417431,77.7025600998,0.108899665191,27.0800339744,404.819748201,572.546445243
