,iteration,success,nllh,k,N,bic,c_sigma,sc2,tau,theta(cost=high),theta(cost=low)
0,0,True,51.0196800377,5,24,117.929629227,510.040568841,0.00805908068185,12.5761830355,695.177160566,839.038464303
