,iteration,success,nllh,k,N,bic,sc,tau_unif_rel,theta(cost=high),theta(cost=low)
0,0,True,48.5213401286,4,24,109.754895579,0.505779095068,0.401957627622,9.82860551099,8.19469129831
