,iteration,success,nllh,k,N,bic,c_sigma,sc,tau,theta(cost=high),theta(cost=low)
0,0,True,85.7541361647,5,24,187.398541481,41.9985205108,0.279918764207,0.317380588342,81.2178247273,173.942176242
