,iteration,success,nllh,k,N,bic,c_sigma,sc2,tau_trunc,theta(cost=high),theta(cost=low)
0,0,True,55.9747813615,5,24,127.839831875,79.1621337111,0.0351229132665,3.11102198586,105.222794676,235.212718678
