,iteration,success,nllh,k,N,bic,c_sigma,sc2,tau,theta(cost=high),theta(cost=low)
0,0,True,40.0154560699,5,24,95.9211812915,290.512034422,0.00985389471508,10.9732973586,396.361044787,392.823416584
