,iteration,success,nllh,k,N,bic,c_sigma,sc,tau,theta(cost=high),theta(cost=low)
0,0,True,72.3788214945,5,24,160.647912141,29.5510913445,0.0273543143006,0.136010770393,60.6066096121,177.350595847
