,iteration,success,nllh,k,N,bic,c_sigma,sc,tau,theta(cost=high),theta(cost=low)
0,0,True,70.6900251642,5,24,157.27031948,245.515992026,0.220133304864,20.246748638,346.227540077,519.273187851
