,iteration,success,nllh,k,N,bic,c_sigma,sc2,tau,theta(cost=high),theta(cost=low)
0,0,True,55.9420123123,5,24,127.774293776,210.468841351,0.0269635926528,0.605241069213,221.434579943,379.852966122
