,iteration,success,nllh,k,N,bic,c_sigma,sc2,tau,theta(cost=high),theta(cost=low)
0,0,True,80.2668396392,5,24,176.42394843,70.4964458086,0.269933832766,8.94073401524,74.4893730437,236.232496652
