,iteration,success,nllh,k,N,bic,c_sigma,sc,tau,theta(cost=high),theta(cost=low)
0,0,True,55.573313,5,24,127.036895152,11.8157588403,0.0176319811309,1.55619129322,17.6869640078,68.306453057
