,iteration,success,nllh,k,N,bic,c_sigma,sc2,tau,theta(cost=high),theta(cost=low)
0,0,True,52.746627602,5,24,121.383524356,276.227304265,0.0267743615106,35.3410381109,153.290316965,499.055300845
