,iteration,success,nllh,k,N,bic,c_sigma,sc,tau,theta(cost=high),theta(cost=low)
0,0,True,63.8739444609,5,24,143.638158074,2.10525235324,0.0653249978677,0.84424743451,35.9850803387,72.8352141147
