,iteration,success,nllh,k,N,bic,c_sigma,sc2,tau,theta(cost=high),theta(cost=low)
0,0,True,63.2820062435,5,24,142.454281639,168.302961061,0.0359413526153,11.2877626996,289.391252126,434.600662272
