,iteration,success,nllh,k,N,bic,c_0,tau_unif,theta(cost=high),theta(cost=low)
0,0,True,61.067771993,4,24,134.847759307,0.178387805086,2.03646701592,67.9848357673,128.044004441
