,iteration,success,nllh,k,N,bic,c_0,tau_unif,theta(cost=high),theta(cost=low)
0,0,True,45.406827646,4,24,103.525870613,91.2974980975,51.1285085087,43.3868257467,27.1918954651
