,iteration,success,nllh,k,N,bic,c_sigma,sc,tau_unif,theta(cost=high),theta(cost=low)
0,0,True,73.8513701756,5,24,163.593009503,27.8856757145,0.249163611956,7.77998690355,71.9035162784,75.9577948872
