,iteration,success,nllh,k,N,bic,c_sigma,sc,tau,theta(cost=high),theta(cost=low)
0,0,True,69.2439247053,5,24,154.378118562,10.4403805802,0.0970726832602,1.48095114566,42.1944353251,70.036142418
