,iteration,success,nllh,k,N,bic,c_sigma,sc,tau,theta(cost=high),theta(cost=low)
0,0,True,47.0390386551,5,24,109.968346462,4.38749192595,0.100495253623,2.61557112634,20.2422736267,47.5449350744
