,iteration,success,nllh,k,N,bic,c_0,tau_unif,theta(cost=high),theta(cost=low)
0,0,True,54.1361556953,4,24,120.984526712,49.9878879346,34.2703887452,8.55837693571,61.7131013606
