,iteration,success,nllh,k,N,bic,c_0,sc,tau_unif_rel,theta(cost=high),theta(cost=low)
0,0,True,52.8901671981,5,24,121.670603548,42.5096089606,0.289647126797,0.781215667968,13.9665883966,52.9732557781
