,iteration,success,nllh,k,N,bic,c_0,sc,tau_unif_rel,theta(cost=high),theta(cost=low)
0,0,True,59.2899059849,5,24,134.470081122,34.6799690819,0.210319259561,0.235194590542,22.723992342,69.6153315303
