,iteration,success,nllh,k,N,bic,c_sigma,sc,tau,theta(cost=high),theta(cost=low)
0,0,True,62.5771473967,5,24,141.044563945,76.2075839191,0.209933352466,5.04618723556,89.5485937115,102.304078307
