,iteration,success,nllh,k,N,bic,c_sigma,sc,tau,theta(cost=high),theta(cost=low)
0,0,True,61.7197279718,5,24,139.329725095,8.55198347018,0.461885234038,1.38021755528,15.6733456625,22.8778652335
