,iteration,success,nllh,k,N,bic,c_0,sc,tau_unif_rel,theta(cost=high),theta(cost=low)
0,0,True,72.1242862311,5,24,160.138841614,31.9814615938,0.120437319416,0.0204723694668,17.8717420694,79.1354674636
