,iteration,success,nllh,k,N,bic,c_sigma,sc,tau,theta(cost=high),theta(cost=low)
0,0,True,52.8157668226,5,24,121.521802797,9.69957290681,0.0935523390105,26.4431026292,12.0901750363,55.9683855322
