,iteration,success,nllh,k,N,bic,c_sigma,sc,tau,theta(cost=high),theta(cost=low)
0,0,True,50.4138265878,5,24,116.717922327,19.6711513147,0.728209403231,0.711908931988,18.4371961683,17.2209786259
