,iteration,success,nllh,k,N,bic,c_sigma,sc,tau,theta(cost=high),theta(cost=low)
0,0,True,55.2230568365,5,24,126.336382825,7.90044220164,0.0772899103688,0.209602761314,25.8413651845,45.9279006005
