,iteration,success,nllh,k,N,bic,c_sigma,sc,tau,theta(cost=high),theta(cost=low)
0,0,True,74.8890392286,5,24,165.668347609,10.5673025769,0.281245913556,1.21744613282,39.3466010811,69.251923766
