,iteration,success,nllh,k,N,bic,c_0,tau_unif,theta(cost=high),theta(cost=low)
0,0,True,84.1275524938,4,24,180.967320309,68.6554805245,56.1460233769,76.2937476736,181.256055451
