,iteration,success,nllh,k,N,bic,c_sigma,sc,tau_unif,theta(cost=high),theta(cost=low)
0,0,True,50.6638614645,5,24,117.217992081,17.6412751037,0.106777435753,6.01825833911,0.3340267561,96.7787959712
