,iteration,success,nllh,k,N,bic,c_sigma,sc,tau,theta(cost=high),theta(cost=low)
0,0,True,55.2909663978,5,24,126.472201947,8.59378058505,0.038189922627,0.0687030805552,16.2481023433,106.843765837
