,iteration,success,nllh,k,N,bic,c_sigma,sc,tau,theta(cost=high),theta(cost=low)
0,0,True,55.4529854335,5,24,126.796240019,6.77500207602,0.0525879114304,0.0686540374037,12.2613919833,105.655461731
