,iteration,success,nllh,k,N,bic,c_sigma,sc2,tau,theta(cost=high),theta(cost=low)
0,0,True,80.5669891908,5,24,177.024247533,85.037003686,0.114763530345,11.2140144686,163.960407799,389.198908518
