,iteration,success,nllh,k,N,bic,c_sigma,sc2,tau,theta(cost=high),theta(cost=low)
0,0,True,49.4549476708,5,24,114.800164493,148.555496716,0.0390564304435,14.7491253589,126.589105616,136.372000548
