,iteration,success,nllh,k,N,bic,c_0,sc,tau_unif_rel,theta(cost=high),theta(cost=low)
0,0,True,58.8795827585,5,24,133.649434669,34.8466875961,0.0533016261409,2.2981836175,20.512740437,83.3734020799
