,iteration,success,nllh,k,N,bic,c_sigma,sc,tau,theta(cost=high),theta(cost=low)
0,0,True,55.8136726828,5,24,127.517614517,1.1451621586,0.175504549339,0.299490810673,21.7324125026,41.4673027568
