,iteration,success,nllh,k,N,bic,c_0,sc2,tau_unif_rel,theta(cost=high),theta(cost=low)
0,0,True,66.9991716488,5,24,149.888612449,41.9656332259,0.049908079579,89.4537688494,97.4979727799,139.827757891
