,iteration,success,nllh,k,N,bic,c_sigma,sc,tau,theta(cost=high),theta(cost=low)
0,0,True,57.7218041966,5,24,131.333877545,92.2585751673,0.0102930567306,6.77708702723,49.3164522019,118.135583297
