,iteration,success,nllh,k,N,bic,c_sigma,sc,tau,theta(cost=high),theta(cost=low)
0,0,True,60.1041610121,5,24,136.098591176,8.91797090784,0.0160658521713,21.5806963025,12.2303795235,106.359503616
