,iteration,success,nllh,k,N,bic,c_sigma,sc,tau,theta(cost=high),theta(cost=low)
0,0,True,72.3212601759,5,24,160.532789504,21.8583989134,0.115726006733,0.0141559059614,47.9676000429,138.687177799
