,iteration,success,nllh,k,N,bic,c_sigma,sc2,tau,theta(cost=high),theta(cost=low)
0,0,True,46.1262535303,5,24,108.142776212,115.171947082,0.0427449686775,0.322906450603,125.449085559,126.633216075
