,iteration,success,nllh,k,N,bic,c_sigma,sc2,tau,theta(cost=high),theta(cost=low)
0,0,True,53.6231315764,5,24,123.136532305,168.841518187,0.0271693109612,30.8438518425,227.980705245,256.017515141
