,iteration,success,nllh,k,N,bic,c,tau_unif,theta(cost=high),theta(cost=low)
0,0,True,62.7959376891,4,24,138.3040907,35.6087062442,16.8617611287,44.6149208347,39.7619692073
