,iteration,success,nllh,k,N,bic,c_0,sc2,tau_unif_rel,theta(cost=high),theta(cost=low)
0,0,True,82.0799538571,5,24,180.050176866,38.8245094495,0.0854869875687,77.1853427078,64.1755086114,127.763437754
