,iteration,success,nllh,k,N,bic,c_sigma,sc2,tau,theta(cost=high),theta(cost=low)
0,0,True,74.6663442967,5,24,165.222957745,285.852250729,0.022678342849,37.0646724323,693.685984585,878.349219494
