,iteration,success,nllh,k,N,bic,c_sigma,sc2,tau,theta(cost=high),theta(cost=low)
0,0,True,62.0713161768,5,24,140.032901505,143.881574192,0.0284634457361,6.25883069548,251.862161942,448.165759226
