,iteration,success,nllh,k,N,bic,c_0,sc2,tau_unif_rel,theta(cost=high),theta(cost=low)
0,0,True,51.2811045411,5,24,118.452478234,32.8708181844,0.0227571412611,182.102173558,48.597399762,141.6945974
