,iteration,success,nllh,k,N,bic,c,tau_unif,theta(cost=high),theta(cost=low)
0,0,True,40.9041571361,4,24,94.5205295935,37.1608704827,8.04969295733,2.78968424062,23.5383461657
