,iteration,success,nllh,k,N,bic,c_sigma,sc,tau,theta(cost=high),theta(cost=low)
0,0,True,54.7637362259,5,24,125.417741603,18.6443770467,0.0052029968349,2.40022946437,17.0901827523,49.8857100553
