,iteration,success,nllh,k,N,bic,c_sigma,sc,tau,theta(cost=high),theta(cost=low)
0,0,True,61.8092142683,5,24,139.508697688,264.178915708,0.272975273941,14.9396424553,270.486005433,409.121254045
