,iteration,success,nllh,k,N,bic,c_0,sc2,tau_unif_rel,theta(cost=high),theta(cost=low)
0,0,True,66.7084227955,5,24,149.307114743,47.3065717391,0.0444174827322,98.3285726828,113.009660829,185.291167619
