,iteration,success,nllh,k,N,bic,c_sigma,sc,tau_trunc,theta(cost=high),theta(cost=low)
0,0,True,92.7630078565,5,24,201.416284865,16.6598817254,0.171026024174,0.128126656313,135.360315331,207.21650532
