,iteration,success,nllh,k,N,bic,c_0,sc,tau_unif_rel,theta(cost=high),theta(cost=low)
0,0,True,59.9412021805,5,24,135.772673513,76.1153311008,0.768008652236,14.9818376826,2.6739018443,15.8576310372
