,iteration,success,nllh,k,N,bic,c_sigma,sc2,tau,theta(cost=high),theta(cost=low)
0,0,True,63.0701788076,5,24,142.030626767,179.054533146,0.0285380585778,1.46416746931,319.055045534,503.518713628
