,iteration,success,nllh,k,N,bic,c_sigma,sc,tau,theta(cost=high),theta(cost=low)
0,0,True,28.7926780189,5,24,73.4756251895,25.5922779638,0.292449765141,41.2436980525,7.74138457549,6.85077412484
