,iteration,success,nllh,k,N,bic,c_sigma,sc,tau,theta(cost=high),theta(cost=low)
0,0,True,55.1330161208,5,24,126.156301393,6.74025157325,0.0108625891502,1.21198415758,13.1524836228,113.247869033
