,iteration,success,nllh,k,N,bic,c_0,tau_unif,theta(cost=high),theta(cost=low)
0,0,True,37.0608897673,4,24,86.8339948559,99.9783175664,3.87414975435,69.6145927343,80.8025541235
