,iteration,success,nllh,k,N,bic,c_sigma,sc,tau_unif,theta(cost=high),theta(cost=low)
0,0,True,21.122133188,5,24,58.1345355277,13.4324191992,0.162363864419,292.466032955,0.616670955502,21.9885002083
