,iteration,success,nllh,k,N,bic,c_sigma,sc2,tau,theta(cost=high),theta(cost=low)
0,0,True,85.0273071387,5,24,185.944883429,56.2572323897,0.17721249749,6.54015918317,162.993319582,197.870499246
