,iteration,success,nllh,k,N,bic,c_0,tau_unif,theta(cost=high),theta(cost=low)
0,0,True,40.429170782,4,24,93.5705568854,28.9107639125,22.5783286539,6.02582816146,34.2501752423
