,iteration,success,nllh,k,N,bic,c_sigma,sc2,tau,theta(cost=high),theta(cost=low)
0,0,True,74.4587157346,5,24,164.807700621,47.6856962659,0.117629578218,7.99792681757,108.500142497,253.181151897
