,iteration,success,nllh,k,N,bic,c_0,sc,tau_unif_rel,theta(cost=high),theta(cost=low)
0,0,True,46.048954135,5,24,107.988177422,65.2147811091,0.456119114742,9.30922227597,9.38286896086,6.51151137528
