,iteration,success,nllh,k,N,bic,c_sigma,sc,tau,theta(cost=high),theta(cost=low)
0,0,True,62.3621666644,5,24,140.614602481,12.397360599,0.197147726472,2.44025071625,26.5166665659,43.1862726761
