,iteration,success,nllh,k,N,bic,c,r,tau,theta(cost=high),theta(cost=low)
0,0,True,69.7008239998,5,24,155.291917151,67.5882419353,0.091249763336,0.362736863476,337.567584344,423.844225135
