,iteration,success,nllh,k,N,bic,c_sigma,sc,tau_normal,theta(cost=high),theta(cost=low)
0,0,True,62.3531304639,5,24,140.59653008,14.8820902279,0.181078306098,30.5208936406,13.9601747135,103.497521847
