,iteration,success,nllh,k,N,bic,c_0,sc,tau_unif_rel,theta(cost=high),theta(cost=low)
0,0,True,21.2133157236,5,24,58.316900599,27.9306659968,0.591437627306,90.2949149182,0.418073276003,4.68851826364
