,iteration,success,nllh,k,N,bic,c_sigma,sc2,tau,theta(cost=high),theta(cost=low)
0,0,True,46.0808329987,5,24,108.051935149,221.198969972,0.0177445626232,15.1376374979,284.713538972,306.23015565
