,iteration,success,nllh,k,N,bic,c_sigma,sc2,tau,theta(cost=high),theta(cost=low)
0,0,True,58.1354355626,5,24,132.161140277,262.86449744,0.0370131542388,6.99967306146,105.080569898,694.980270021
