,iteration,success,nllh,k,N,bic,c_sigma,sc2,tau,theta(cost=high),theta(cost=low)
0,0,True,81.4049487077,5,24,178.700166567,104.673337016,0.0938593279473,9.31022795204,135.560002102,459.268720798
