,iteration,success,nllh,k,N,bic,c_sigma,sc2,tau,theta(cost=high),theta(cost=low)
0,0,True,81.8688722619,5,24,179.628013676,141.704249802,0.0616061123007,14.0627905256,331.847584891,582.390117161
