,iteration,success,nllh,k,N,bic,c_sigma,sc,tau,theta(cost=high),theta(cost=low)
0,0,True,66.4098139816,5,24,148.709897115,155.571982146,0.0354940291802,0.0818662740584,86.0788371019,525.509398689
