,iteration,success,nllh,k,N,bic,c_0,tau_unif,theta(cost=high),theta(cost=low)
0,0,True,82.30639464,4,24,177.325004601,28.558144834,15.5851183575,35.1847774392,133.676261961
