,iteration,success,nllh,k,N,bic,c_sigma,sc,tau,theta(cost=high),theta(cost=low)
0,0,True,75.3255502273,5,24,166.541369606,21.8451638035,0.27074310802,2.26215954283,35.9040125646,95.3557098197
