,iteration,success,nllh,k,N,bic,c_sigma,tau_unif,theta(cost=high),theta(cost=low)
0,0,True,50.6334760145,4,24,113.97916735,5.29337038866,58.8817573919,0.235098809327,100.911372683
