,iteration,success,nllh,k,N,bic,c_0,tau_unif,theta(cost=high),theta(cost=low)
0,0,True,55.3491239174,4,24,123.410463156,98.4360375528,9.97208376472,79.263095063,88.8715636495
