,iteration,success,nllh,k,N,bic,c_sigma,sc,tau,theta(cost=high),theta(cost=low)
0,0,True,50.553512145,5,24,116.997293442,14.8850302467,0.150837967397,14.2714278724,0.142786271105,85.9905753906
