,iteration,success,nllh,k,N,bic,c_0,tau_unif,theta(cost=high),theta(cost=low)
0,0,True,44.2333171525,4,24,101.178849626,99.2411080209,4.23523953593,81.4591026503,80.7820931281
