,iteration,success,nllh,k,N,bic,c_sigma,sc2,tau,theta(cost=high),theta(cost=low)
0,0,True,77.9754666274,5,24,171.841202407,107.547439464,0.0765397196774,4.80884613483,186.868117358,457.377776639
