,iteration,success,nllh,k,N,bic,c_sigma,sc,tau,theta(cost=high),theta(cost=low)
0,0,True,56.9083100479,5,24,129.706889248,68.1334394675,0.623397437206,4.54964053114,44.5197845799,89.9578620529
