,iteration,success,nllh,k,N,bic,c_sigma,sc2,tau_trunc,theta(cost=high),theta(cost=low)
0,0,True,75.1062807277,5,24,166.102830607,74.7987268905,0.108537903221,7.68681175747,111.62253377,240.738583059
