,iteration,success,nllh,k,N,bic,c_sigma,sc,tau,theta(cost=high),theta(cost=low)
0,0,True,64.756210087,5,24,145.402689326,10.3325985471,0.52242487222,0.286738931536,12.8756197727,39.691778292
