,iteration,success,nllh,k,N,bic,c,r,tau,theta(cost=high),theta(cost=low)
0,0,True,74.108778901,5,24,164.107826954,53.1160499305,0.0402470642271,0.354734455621,46.3643992825,304.450748647
