,iteration,success,nllh,k,N,bic,c_sigma,sc,tau,theta(cost=high),theta(cost=low)
0,0,True,66.8996439947,5,24,149.689557141,11.8593207744,0.092372200047,3.16298201476,38.8752366551,91.8093045069
