,iteration,success,nllh,k,N,bic,c_sigma,sc,tau,theta(cost=high),theta(cost=low)
0,0,True,56.9665234624,5,24,129.823316077,5.24060498479,0.234221493897,3.82099074107,22.5191094946,37.6241339594
