,iteration,success,nllh,k,N,bic,c_sigma,sc,tau,theta(cost=high),theta(cost=low)
0,0,True,46.3033898654,5,24,108.497048883,3.93021452788,0.416439754656,0.360939839229,9.61308864366,12.3814191372
