,iteration,success,nllh,k,N,bic,c_sigma,sc,tau,theta(cost=high),theta(cost=low)
0,0,True,60.1368484943,5,24,136.16396614,7.76067830939,0.2726880092,1.10740276769,19.2549670734,38.7594987141
