,iteration,success,nllh,k,N,bic,c_sigma,sc2,tau,theta(cost=high),theta(cost=low)
0,0,True,74.2580352434,5,24,164.406339639,50.4248805771,0.117077367128,7.55647991261,106.04256454,238.914733747
