,iteration,success,nllh,k,N,bic,c_sigma,sc,tau_trunc,theta(cost=high),theta(cost=low)
0,0,True,51.5727003695,5,24,119.035669891,174.713515717,0.00827760773551,8.83844499159,85.6163834418,223.432485895
