,iteration,success,nllh,k,N,bic,c_sigma,sc,tau,theta(cost=high),theta(cost=low)
0,0,True,75.2653087529,5,24,166.420886658,57.7786127198,0.028262305659,1.52268277507,119.931516237,165.479759987
