,iteration,success,nllh,k,N,bic,c_sigma,sc,tau,theta(cost=high),theta(cost=low)
0,0,True,51.8586167165,5,24,119.607502585,5.87915295675,0.109910266371,1.57475690795,15.298576946,74.6250602486
