,iteration,success,nllh,k,N,bic,c_sigma,sc2,tau,theta(cost=high),theta(cost=low)
0,0,True,66.1142285825,5,24,148.118726317,251.245143224,0.020516860156,37.6238856764,582.675842105,827.762992807
