,iteration,success,nllh,k,N,bic,c_sigma,tau_unif,theta(cost=high),theta(cost=low)
0,0,True,51.1819475382,4,24,115.076110398,80.9761284789,6.00973157744,42.7351054568,119.786477505
