,iteration,success,nllh,k,N,bic,c_sigma,sc,tau_unif,theta(cost=high),theta(cost=low)
0,0,True,69.5020098229,5,24,154.894288798,21.5251035239,0.174567602354,7.02368233184,23.2338353791,115.690712735
