,iteration,success,nllh,k,N,bic,c_sigma,sc,tau,theta(cost=high),theta(cost=low)
0,0,True,78.0713100701,5,24,172.032889292,19.1868819121,0.176826437744,3.69256532542,37.3698739587,151.721725937
