,iteration,success,nllh,k,N,bic,c_sigma,sc2,tau,theta(cost=high),theta(cost=low)
0,0,True,80.6736806098,5,24,177.237630371,153.097518306,0.0515436616715,3.8843487555,302.271607326,687.119731781
