,iteration,success,nllh,k,N,bic,c_sigma,sc2,tau,theta(cost=high),theta(cost=low)
0,0,True,62.1821176667,5,24,140.254504485,28.8193637239,0.202331048109,116.832643546,49.5275511714,146.361788581
