,iteration,success,nllh,k,N,bic,c_0,tau_unif,theta(cost=high),theta(cost=low)
0,0,True,51.8240533994,4,24,116.36032212,98.5677517121,1.02706031472,78.843326093,97.2740390789
