,iteration,success,nllh,k,N,bic,c_sigma,sc,tau,theta(cost=high),theta(cost=low)
0,0,True,63.9080181061,5,24,143.706305364,9.30566861324,0.0493448380642,1.99831926038,25.6688077958,137.760038832
