,iteration,success,nllh,k,N,bic,c_sigma,sc2,tau_trunc,theta(cost=high),theta(cost=low)
0,0,True,41.1496260417,5,24,98.1895212352,167.735078376,0.0404700176218,82.1193178912,31.9987785423,165.054595214
