,iteration,success,nllh,k,N,bic,c_sigma,sc,tau,theta(cost=high),theta(cost=low)
0,0,True,54.6623959795,5,24,125.215061111,25.568479635,0.040547037062,15.0207724955,0.689446020425,162.175397156
