,iteration,success,nllh,k,N,bic,c_sigma,sc2,tau,theta(cost=high),theta(cost=low)
0,0,True,38.6247787428,5,24,93.1398266373,37.1355797423,0.168811137828,177.676289972,10.4375587796,80.2931835946
