,iteration,success,nllh,k,N,bic,c_sigma,sc,tau,theta(cost=high),theta(cost=low)
0,0,True,94.18624541,5,24,204.262759972,43.2277371749,0.732385477404,15.6740463536,121.979892061,190.819127357
