,iteration,success,nllh,k,N,bic,c_sigma,sc2,tau,theta(cost=high),theta(cost=low)
0,0,True,70.6261340361,5,24,157.142537224,153.069832727,0.0450331222961,11.6401247659,234.057895805,560.273680194
