,iteration,success,nllh,k,N,bic,c_sigma,sc,tau,theta(cost=high),theta(cost=low)
0,0,True,61.787138771,5,24,139.464546694,6.12632184466,0.169431320052,11.3896615545,11.3833612129,54.5848694616
