,iteration,success,nllh,k,N,bic,c_0,sc,tau_unif_rel,theta(cost=high),theta(cost=low)
0,0,True,51.2320376924,5,24,118.354344537,95.299825522,0.042337871163,0.64319555673,69.7643175159,85.7239560445
