,iteration,success,nllh,k,N,bic,sc,tau_unif_rel,theta(cost=high),theta(cost=low)
0,0,True,68.962224486,4,24,150.636664293,0.426068102801,2.38515557186,13.8842624798,28.3487249764
