,iteration,success,nllh,k,N,bic,c_sigma,tau_unif,theta(cost=high),theta(cost=low)
0,0,True,80.3974572243,4,24,173.50712977,93.1908498989,35.8821451407,86.4749313769,321.146468642
