,iteration,success,nllh,k,N,bic,c_sigma,sc,tau,theta(cost=high),theta(cost=low)
0,0,True,82.8386236556,5,24,181.567516463,33.8391515227,0.0889208055199,17.1651773537,51.6985367059,146.380802571
