,iteration,success,nllh,k,N,bic,c,tau_unif,theta(cost=high),theta(cost=low)
0,0,True,80.7412882961,4,24,174.194791914,31.0689303904,7.36542524558,22.9521741617,48.9650225314
