,iteration,success,nllh,k,N,bic,c_sigma,sc2,tau_trunc,theta(cost=high),theta(cost=low)
0,0,True,61.6900627695,5,24,139.270394691,65.1363535362,0.0835139378661,2.9597574405,53.6795384053,248.767120555
