,iteration,success,nllh,k,N,bic,c_sigma,sc2,tau,theta(cost=high),theta(cost=low)
0,0,True,71.3852564112,5,24,158.660781974,158.238605725,0.0366080058758,0.485879922891,340.397692767,542.00270239
