,iteration,success,nllh,k,N,bic,c_sigma,sc,tau_unif,theta(cost=high),theta(cost=low)
0,0,True,50.7302985153,5,24,117.350866182,9.87731349626,0.199541308554,2.66578671172,18.3804450339,33.2234586568
