,iteration,success,nllh,k,N,bic,c_sigma,sc,tau_trunc,theta(cost=high),theta(cost=low)
0,0,True,69.2910845405,5,24,154.472438233,13.1715543659,0.0513761543065,0.734776145285,46.4525322606,83.5019946397
