,iteration,success,nllh,k,N,bic,c,r,tau,theta(cost=high),theta(cost=low)
0,0,True,62.7283903722,5,24,141.347049896,74.293330022,0.0942772536816,0.145399742185,57.9863904292,100.098897718
