,iteration,success,nllh,k,N,bic,c_sigma,sc,tau,theta(cost=high),theta(cost=low)
0,0,True,60.7857703619,5,24,137.461809875,8.09164631396,0.0248083805183,1.31708917559,31.4709470251,102.553878749
