,iteration,success,nllh,k,N,bic,sc,tau_unif_rel,theta(cost=high),theta(cost=low)
0,0,True,71.5436376359,4,24,155.799490593,0.506156710455,3.0720844136,10.0449661573,44.4440261016
