,iteration,success,nllh,k,N,bic,c_sigma,sc,tau_trunc,theta(cost=high),theta(cost=low)
0,0,True,76.6088864991,5,24,169.10804215,76.9328469858,0.185178571628,5.90360472885,132.523537924,230.35145457
