,iteration,success,nllh,k,N,bic,c_0,sc2,tau_unif_rel,theta(cost=high),theta(cost=low)
0,0,True,70.5549959474,5,24,157.000261047,40.5297396763,0.0604117224982,39.6451317034,66.3486902705,89.1174686311
