,iteration,success,nllh,k,N,bic,c_sigma,sc2,tau,theta(cost=high),theta(cost=low)
0,0,True,99.5701902698,5,24,215.030649691,53.642211457,0.180007831785,2.33545508523,296.412676277,339.535816393
