,iteration,success,nllh,k,N,bic,c_sigma,sc2,tau,theta(cost=high),theta(cost=low)
0,0,True,68.7181721553,5,24,153.326613462,164.809159485,0.0454390756113,91.4287812016,214.985327436,343.009365658
