,iteration,success,nllh,k,N,bic,c_sigma,sc2,tau,theta(cost=high),theta(cost=low)
0,0,True,67.4029070571,5,24,150.696083266,141.584075974,0.0416810046795,23.0015723492,232.160569308,373.136925653
