,iteration,success,nllh,k,N,bic,c_sigma,sc2,tau,theta(cost=high),theta(cost=low)
0,0,True,81.7548652013,5,24,179.399999554,86.4310941967,0.0789092355139,13.4392239947,167.465615612,397.032585241
