,iteration,success,nllh,k,N,bic,c_sigma,sc2,tau,theta(cost=high),theta(cost=low)
0,0,True,71.8400366943,5,24,159.57034254,77.0890521259,0.0715183389789,19.0934607751,177.330622297,374.05513455
