,iteration,success,nllh,k,N,bic,c_sigma,sc,tau_unif,theta(cost=high),theta(cost=low)
0,0,True,93.588372488,5,24,203.067014128,15.1178255613,0.104251827375,7.96181552376,167.622388618,245.928789948
