,iteration,success,nllh,k,N,bic,c_sigma,tau_unif,theta(cost=high),theta(cost=low)
0,0,True,54.6325968013,4,24,121.977408924,13.8281934423,7.88033329485,16.8756484242,45.6500812825
