,iteration,success,nllh,k,N,bic,sc,tau_unif_rel,theta(cost=high),theta(cost=low)
0,0,True,71.8785586543,4,24,156.46933263,0.440397805611,5.73996293709,19.4241165894,54.6707407563
