,iteration,success,nllh,k,N,bic,c_sigma,sc2,tau,theta(cost=high),theta(cost=low)
0,0,True,56.9771568882,5,24,129.844582928,109.471960241,9.03576115496,5.30426251405,66.7621230234,161.43218858
