,iteration,success,nllh,k,N,bic,c_sigma,sc,tau,theta(cost=high),theta(cost=low)
0,0,True,79.7457789775,5,24,175.381827107,18.2535325695,0.291886132384,41.9340758261,39.8065613178,151.094170155
