,iteration,success,nllh,k,N,bic,c,r,tau,theta(cost=high),theta(cost=low)
0,0,True,69.5300488642,5,24,154.95036688,56.7936524799,0.0924319589579,0.494785528017,55.63386332,82.5511234553
