,iteration,success,nllh,k,N,bic,c,r,tau,theta(cost=high),theta(cost=low)
0,0,True,82.7856756406,5,24,181.461620433,21.0579823208,0.0155445245753,15.1955866299,47.261353552,142.682685387
