,iteration,success,nllh,k,N,bic,c_sigma,sc2,tau,theta(cost=high),theta(cost=low)
0,0,True,100.181257739,5,24,216.25278463,92.6360215569,0.0991091214527,47.9324037262,514.999687714,513.826154172
