,iteration,success,nllh,k,N,bic,c_sigma,sc2,tau,theta(cost=high),theta(cost=low)
0,0,True,56.060205305,5,24,128.010679762,195.304496593,0.0263712353949,25.9835834794,214.139376831,357.558365492
