,iteration,success,nllh,k,N,bic,c_sigma,sc2,tau,theta(cost=high),theta(cost=low)
0,0,True,52.8948787157,5,24,121.680026583,173.51552293,0.0364064257599,18.8541286063,88.7496352579,372.117245629
