,iteration,success,nllh,k,N,bic,c_sigma,sc,tau_unif,theta(cost=high),theta(cost=low)
0,0,True,83.7801008042,5,24,183.45047076,40.9146481847,0.00326427583954,10.6268675678,124.883457389,177.463309483
