,iteration,success,nllh,k,N,bic,c_sigma,sc2,tau,theta(cost=high),theta(cost=low)
0,0,True,87.8408840509,5,24,191.572037254,93.5348982533,0.0724406176751,2.63182034695,274.602620993,577.550805844
