,iteration,success,nllh,k,N,bic,c_sigma,sc2,tau,theta(cost=high),theta(cost=low)
0,0,True,71.2574349124,5,24,158.405138977,147.65257281,0.0442089908482,7.32896930249,328.381791636,377.845490173
