,iteration,success,nllh,k,N,bic,c_sigma,sc2,tau,theta(cost=high),theta(cost=low)
0,0,True,48.0638040229,5,24,112.017877198,85.0388728117,0.137080210401,176.463148018,163.884133564,32.5141632664
