,iteration,success,nllh,k,N,bic,c_0,sc2,tau_unif_rel,theta(cost=high),theta(cost=low)
0,0,True,60.7493397725,5,24,137.388948697,84.4177361937,0.150894793149,137.224247801,86.7425941038,34.3195265834
