,iteration,success,nllh,k,N,bic,c_0,sc2,tau_unif_rel,theta(cost=high),theta(cost=low)
0,0,True,77.5470198654,5,24,170.984308883,42.7892381354,0.0534717506636,157.497736273,148.451081198,175.409186976
