,iteration,success,nllh,k,N,bic,c_sigma,tau_unif,theta(cost=high),theta(cost=low)
0,0,True,70.5274864062,4,24,153.767188134,37.5001271215,21.4377840728,76.1880967772,101.095078393
