,iteration,success,nllh,k,N,bic,c_sigma,sc,tau,theta(cost=high),theta(cost=low)
0,0,True,66.74758294,5,24,149.385435032,0.85603983172,0.151140001523,8.86584750499,37.8208016791,101.820199368
