,iteration,success,nllh,k,N,bic,c_sigma,sc,tau,theta(cost=high),theta(cost=low)
0,0,True,63.6835842416,5,24,143.257437635,10.6706135347,0.0254418111074,6.30709897183,30.3126936246,65.7057391451
