,iteration,success,nllh,k,N,bic,c_0,sc,tau_unif_rel,theta(cost=high),theta(cost=low)
0,0,True,44.5454349986,5,24,104.981139149,79.748930318,0.256619403619,37.7253970467,18.1609655335,13.4637022357
