,iteration,success,nllh,k,N,bic,c_sigma,sc2,tau,theta(cost=high),theta(cost=low)
0,0,True,49.5641678761,5,24,115.018604904,229.460982135,0.0275864696117,22.9540436645,230.854169909,200.402891286
