,iteration,success,nllh,k,N,bic,c_sigma,sc,tau,theta(cost=high),theta(cost=low)
0,0,True,61.7996693131,5,24,139.489607778,7.24297929627,0.674479961221,0.293900714023,10.8330351313,18.7716018477
