,iteration,success,nllh,k,N,bic,c_sigma,sc2,tau,theta(cost=high),theta(cost=low)
0,0,True,67.278043169,5,24,150.44635549,137.057985369,0.0532661839172,10.672806443,231.993859886,315.481618626
