,iteration,success,nllh,k,N,bic,sc,tau_unif_rel,theta(cost=high),theta(cost=low)
0,0,True,73.0140080672,4,24,158.740231456,0.114959878319,15.173363908,16.7471984662,115.056317805
