,iteration,success,nllh,k,N,bic,c_sigma,sc2,tau,theta(cost=high),theta(cost=low)
0,0,True,67.2604513024,5,24,150.411171756,159.72893776,0.0393007955922,35.3267985061,250.366418663,399.063406863
