,iteration,success,nllh,k,N,bic,c_0,sc,tau_unif_rel,theta(cost=high),theta(cost=low)
0,0,True,95.7223943296,5,24,207.335057811,56.6620270504,0.264674364594,50.5623412495,120.226205978,184.87388871
