,iteration,success,nllh,k,N,bic,c_sigma,sc,tau_trunc,theta(cost=high),theta(cost=low)
0,0,True,60.2998751081,5,24,136.490019368,6.45274487879,0.0872414100021,0.245450590266,25.6493555845,89.1280515181
