,iteration,success,nllh,k,N,bic,c_sigma,sc,tau,theta(cost=high),theta(cost=low)
0,0,True,62.1953482998,5,24,140.280965751,192.825391503,1.27545819202,18.2667760516,42.2419854969,531.835860299
