,iteration,success,nllh,k,N,bic,c_sigma,sc2,tau,theta(cost=high),theta(cost=low)
0,0,True,70.7183024431,5,24,157.326874038,70.6591402717,0.0666348319723,3.69733525941,170.453027281,271.27168296
