,iteration,success,nllh,k,N,bic,c_0,sc,tau_unif_rel,theta(cost=high),theta(cost=low)
0,0,True,47.6202876009,5,24,111.130844353,22.3277333459,0.0335903584592,16.5557744009,30.4965039749,35.4866868792
