,iteration,success,nllh,k,N,bic,c_0,tau_unif,theta(cost=high),theta(cost=low)
0,0,True,75.2887005806,4,24,163.289616483,37.7675469437,1.92729563641,45.5351876962,74.5764178548
