,iteration,success,nllh,k,N,bic,sc,tau_unif_rel,theta(cost=high),theta(cost=low)
0,0,True,48.9293784874,4,24,110.570972296,0.41202332063,6.81978455711,7.17188208807,7.87270881049
