,iteration,success,nllh,k,N,bic,c_sigma,sc2,tau,theta(cost=high),theta(cost=low)
0,0,True,63.0775473661,5,24,142.045363884,244.296356355,0.018767591106,2.93635514531,503.5330604,679.391570445
