,iteration,success,nllh,k,N,bic,c_sigma,sc2,tau,theta(cost=high),theta(cost=low)
0,0,True,63.0471602977,5,24,141.984589747,167.649881959,0.0277772410395,3.03241886656,312.252838288,456.187443864
