,iteration,success,nllh,k,N,bic,c_sigma,sc,tau,theta(cost=high),theta(cost=low)
0,0,True,50.8268126304,5,24,117.543894413,11.4025189927,0.0614962038538,11.9360518271,12.7788092809,47.9423056414
