,iteration,success,nllh,k,N,bic,sc,tau_unif_rel,theta(cost=high),theta(cost=low)
0,0,True,42.6262857901,4,24,97.9647869016,0.0772372409935,30.5010447023,6.96864968779,23.0090188775
