,iteration,success,nllh,k,N,bic,c_sigma,sc,tau,theta(cost=high),theta(cost=low)
0,0,True,90.1214946062,5,24,196.133258364,65.7562931829,0.320531592304,20.7620962778,182.611020751,275.967677503
