,iteration,success,nllh,k,N,bic,c_sigma,sc,tau,theta(cost=high),theta(cost=low)
0,0,True,84.2626020893,5,24,184.41547333,14.3241972724,0.844138826466,3.22747154692,28.2750774998,67.3518530317
