,iteration,success,nllh,k,N,bic,c_sigma,sc,tau,theta(cost=high),theta(cost=low)
0,0,True,68.3305319463,5,24,152.551333044,191.970305308,0.0594025686326,0.00329514597338,284.364015998,336.45704629
