,iteration,success,nllh,k,N,bic,c_sigma,sc2,tau,theta(cost=high),theta(cost=low)
0,0,True,80.5810219782,5,24,177.052313108,126.078453456,0.0739304683339,24.5576301872,263.443623915,571.67849367
