,iteration,success,nllh,k,N,bic,c_sigma,sc2,tau,theta(cost=high),theta(cost=low)
0,0,True,70.8082564739,5,24,157.5067821,216.249944951,0.0220856762817,0.74010963422,536.620443535,794.203544639
