,iteration,success,nllh,k,N,bic,c_sigma,sc,tau,theta(cost=high),theta(cost=low)
0,0,True,60.5724401667,5,24,137.035149485,7.08333413369,0.0315324341423,1.45834686738,30.9284285222,90.0408719627
