,iteration,success,nllh,k,N,bic,c_sigma,tau_unif,theta(cost=high),theta(cost=low)
0,0,True,21.1588296947,4,24,55.0298747108,10.6050633476,358.29438244,0.527093818075,26.9001324317
