,iteration,success,nllh,k,N,bic,c,r,tau,theta(cost=high),theta(cost=low)
0,0,True,73.0459831314,5,24,161.982235414,50.280581951,0.064011899728,0.446376496856,74.0081009782,198.242673171
