,iteration,success,nllh,k,N,bic,c_sigma,sc2,tau_trunc,theta(cost=high),theta(cost=low)
0,0,True,57.9721526918,5,24,131.834574535,60.138447545,0.178215554748,0.919148214612,25.6289310349,157.751903226
