,iteration,success,nllh,k,N,bic,c_sigma,sc,tau_trunc,theta(cost=high),theta(cost=low)
0,0,True,55.1239563437,5,24,126.138181839,16.6473221558,0.0832087016566,14.5171779286,10.7442011506,65.3549951903
