,iteration,success,nllh,k,N,bic,c_sigma,sc,tau,theta(cost=high),theta(cost=low)
0,0,True,41.945937551,5,24,99.7821442538,179.206150066,0.0121708214623,3.63996061092,34.8692245993,169.051143863
