,iteration,success,nllh,k,N,bic,c_sigma,sc2,tau,theta(cost=high),theta(cost=low)
0,0,True,47.8931830375,5,24,111.676635227,539.173460679,0.0130627543725,68.370503619,404.14367217,303.918284755
