,iteration,success,nllh,k,N,bic,c_sigma,sc,tau,theta(cost=high),theta(cost=low)
0,0,True,54.6194800736,5,24,125.129229299,9.47169043518,0.122965955743,0.858986598424,33.7660366512,36.2347223766
