,iteration,success,nllh,k,N,bic,c_0,sc2,tau_unif_rel,theta(cost=high),theta(cost=low)
0,0,True,87.9104401926,5,24,191.711149537,54.9168142287,0.0409060537068,123.743830502,94.7095155077,186.686285915
