,iteration,success,nllh,k,N,bic,c_sigma,sc,tau,theta(cost=high),theta(cost=low)
0,0,True,16.8322639866,5,24,49.554797125,91.0106891479,0.908369527595,45.7034617719,0.163691189639,0.172448449032
