,iteration,success,nllh,k,N,bic,c,tau_unif,theta(cost=high),theta(cost=low)
0,0,True,70.694608526,4,24,154.101432373,67.297374732,6.10683748772,36.0305974357,49.843905741
