,iteration,success,nllh,k,N,bic,c_sigma,sc,tau,theta(cost=high),theta(cost=low)
0,0,True,48.1167306941,5,24,112.12373054,49.3594710384,0.485463865612,90.3637967208,84.6479485295,21.5470147141
