,iteration,success,nllh,k,N,bic,c_sigma,sc,tau,theta(cost=high),theta(cost=low)
0,0,True,76.1927170899,5,24,168.275703331,91.1055813334,0.0981166120632,1.32758987481,152.497023684,297.724678703
