,iteration,success,nllh,k,N,bic,c_sigma,sc,tau,theta(cost=high),theta(cost=low)
0,0,True,46.6486869057,5,24,109.187642963,4.14961398232,0.10732565867,0.574675016282,19.6969332915,48.2661900479
