,iteration,success,nllh,k,N,bic,c_sigma,sc,tau,theta(cost=high),theta(cost=low)
0,0,True,39.0880465457,5,24,94.0663622432,191.248759974,0.402068805988,15.1987057811,76.7145799439,92.8202240717
