,iteration,success,nllh,k,N,bic,c_sigma,sc,tau,theta(cost=high),theta(cost=low)
0,0,True,62.9912979794,5,24,141.872865111,10.3039886959,0.0257745095631,0.580467050147,23.6509979672,83.4034733036
