,iteration,success,nllh,k,N,bic,c_0,pow_gain,tau_unif_rel,theta(cost=high),theta(cost=low)
0,0,True,68.4510441641,5,24,152.79235748,87.7075258551,1.0693544602,10.8725056904,79.8029544504,106.10688869
