,iteration,success,nllh,k,N,bic,c_sigma,sc2,tau,theta(cost=high),theta(cost=low)
0,0,True,75.0865152202,5,24,166.063299592,105.238440823,0.15279856819,7.29665390659,155.505705523,302.146714615
