,iteration,success,nllh,k,N,bic,c_sigma,sc,tau_normal,theta(cost=high),theta(cost=low)
0,0,True,42.6256864355,5,24,101.141642023,143.663557172,1.09677792905,52.6454865336,96.3321337315,58.7637618785
