,iteration,success,nllh,k,N,bic,c_0,sc,tau_unif_rel,theta(cost=high),theta(cost=low)
0,0,True,63.0957974174,5,24,142.081863986,50.765101341,0.441560084848,8.17156096834,18.8535682097,21.7837847408
