,iteration,success,nllh,k,N,bic,c_0,sc,tau_unif_rel,theta(cost=high),theta(cost=low)
0,0,True,36.4451490462,5,24,88.7805672441,76.3284898625,0.0679523361766,0.941208551803,12.2475065087,16.4992375349
