,iteration,success,nllh,k,N,bic,c_sigma,sc,tau,theta(cost=high),theta(cost=low)
0,0,True,75.991514733,5,24,167.873298618,63.2667833618,0.231105849495,2.63821423552,97.0556514064,184.194343706
