,iteration,success,nllh,k,N,bic,c_sigma,sc,tau,theta(cost=high),theta(cost=low)
0,0,True,50.4888806103,5,24,116.868030372,15.1687377483,0.222388415795,6.97184525301,0.261014427864,79.0585027502
