,iteration,success,nllh,k,N,bic,c_sigma,sc,tau,theta(cost=high),theta(cost=low)
0,0,True,54.7065952081,5,24,125.303459568,30.5058013342,0.0477784042012,20.502895624,0.45069451271,188.464467812
