,iteration,success,nllh,k,N,bic,sc,tau_unif_rel,theta(cost=high),theta(cost=low)
0,0,True,50.4074537438,4,24,113.527122809,0.416365451681,26.0384813031,1.39009807279,35.9687681509
