,iteration,success,nllh,k,N,bic,c_sigma,sc,tau,theta(cost=high),theta(cost=low)
0,0,True,42.7446155483,5,24,101.379500248,28.2553536091,0.0710521301536,42.2355047394,11.2409396335,46.3658143899
