,iteration,success,nllh,k,N,bic,c_0,sc2,tau_unif_rel,theta(cost=high),theta(cost=low)
0,0,True,78.2178132768,5,24,172.325895705,34.7548005398,0.107871609397,7.5702185579,51.6345729526,142.758583044
