,iteration,success,nllh,k,N,bic,c_sigma,sc2,tau,theta(cost=high),theta(cost=low)
0,0,True,74.2741173013,5,24,164.438503754,131.434589211,0.0436261682282,7.05194947817,304.244378126,595.333212538
