,iteration,success,nllh,k,N,bic,c,sc,tau_unif,theta(cost=high),theta(cost=low)
0,0,True,63.6803965469,5,24,143.251062245,32.5359548054,0.0632419922698,54.8698934666,16.0948768982,87.7941239238
