,iteration,success,nllh,k,N,bic,c_sigma,sc2,tau,theta(cost=high),theta(cost=low)
0,0,True,60.2128416669,5,24,136.315952485,63.9892841339,0.0691533382717,0.944902008324,56.6223680971,274.600239729
