,iteration,success,nllh,k,N,bic,c_0,tau_unif,theta(cost=high),theta(cost=low)
0,0,True,77.0957843873,4,24,166.903784096,41.7157105406,37.6898781627,60.9359727267,77.098965067
