,iteration,success,nllh,k,N,bic,c_sigma,sc,tau_trunc,theta(cost=high),theta(cost=low)
0,0,True,67.6441605513,5,24,151.178590254,20.9197544031,0.0122999615233,1.91947244114,41.9388645744,91.3331209651
