,iteration,success,nllh,k,N,bic,c_0,tau_unif,theta(cost=high),theta(cost=low)
0,0,True,61.5801826268,4,24,135.872580575,50.898132146,6.21867893126,43.3063477097,63.8368199964
