,iteration,success,nllh,k,N,bic,c_sigma,sc,tau,theta(cost=high),theta(cost=low)
0,0,True,73.85304921,5,24,163.596367572,8.6640784416,0.500253338195,1.36689365726,15.9645351879,48.4098685283
