,iteration,success,nllh,k,N,bic,c_sigma,sc,tau,theta(cost=high),theta(cost=low)
0,0,True,60.4707126819,5,24,136.831694515,5.55047090459,0.14590296474,0.0497778522246,24.2208891087,73.5763775502
