,iteration,success,nllh,k,N,bic,c_sigma,sc,tau,theta(cost=high),theta(cost=low)
0,0,True,60.3543612124,5,24,136.598991576,7.64476455045,0.219729954366,1.02143747002,20.1733018923,41.5570007131
