,iteration,success,nllh,k,N,bic,c_0,sc2,tau_unif_rel,theta(cost=high),theta(cost=low)
0,0,True,68.6284508663,5,24,153.147170884,44.0942141182,0.160933707462,2.36051042739,11.3560086393,101.615334545
