,iteration,success,nllh,k,N,bic,c_sigma,sc2,tau,theta(cost=high),theta(cost=low)
0,0,True,66.3280732314,5,24,148.546415615,119.925603196,0.0436654170868,1.91193220253,195.248309901,566.068374152
