,iteration,success,nllh,k,N,bic,c_sigma,sc,tau_unif,theta(cost=high),theta(cost=low)
0,0,True,78.4821780653,5,24,172.854625282,26.9712088423,0.142634283504,8.93140556657,47.3048788193,215.269326171
