,iteration,success,nllh,k,N,bic,sc,tau_unif_rel,theta(cost=high),theta(cost=low)
0,0,True,62.910772561,4,24,138.533760443,0.34450942023,40.6985539964,8.62189260166,75.6726879267
