,iteration,success,nllh,k,N,bic,c_sigma,sc2,tau,theta(cost=high),theta(cost=low)
0,0,True,85.1459033798,5,24,186.182075911,132.964151335,0.0797365227193,12.0572073171,348.615843595,431.64495586
