,iteration,success,nllh,k,N,bic,c_0,sc,tau_unif_rel,theta(cost=high),theta(cost=low)
0,0,True,22.4167597083,5,24,60.7237885683,7.98420688522,0.51800807926,0.101438662239,1.99100683447,3.57279366754
