,iteration,success,nllh,k,N,bic,c_sigma,sc2,tau,theta(cost=high),theta(cost=low)
0,0,True,49.7987790304,5,24,115.487827212,269.215302399,0.0403355094578,17.4000458137,117.36328459,358.073210601
