,iteration,success,nllh,k,N,bic,c_0,sc2,tau_unif_rel,theta(cost=high),theta(cost=low)
0,0,True,68.9439185777,5,24,153.778106307,39.567716972,0.0398189072012,148.782878347,71.4922851138,188.243384303
