,iteration,success,nllh,k,N,bic,c_0,sc2,tau_unif_rel,theta(cost=high),theta(cost=low)
0,0,True,71.9226554602,5,24,159.735580072,96.3085466374,0.143246567604,99.1157435468,56.4933232784,102.205818989
