,iteration,success,nllh,k,N,bic,c_sigma,tau_unif,theta(cost=high),theta(cost=low)
0,0,True,61.3155339443,4,24,135.34328321,96.4242336221,436.370976931,46.1955886138,313.050596777
