,iteration,success,nllh,k,N,bic,c_sigma,sc2,tau,theta(cost=high),theta(cost=low)
0,0,True,62.8789686372,5,24,141.648206426,146.610654085,0.0362013765814,97.3494502839,126.745820166,435.351594293
