,iteration,success,nllh,k,N,bic,c,r,tau,theta(cost=high),theta(cost=low)
0,0,True,71.3216074451,5,24,158.533484042,37.9987870608,0.038301987252,30.5481275978,39.9378337604,101.533650489
