,iteration,success,nllh,k,N,bic,c_sigma,sc2,tau,theta(cost=high),theta(cost=low)
0,0,True,39.9078796034,5,24,95.7060283586,140.60873417,0.0196277622787,7.00920373542,197.628109784,192.635271142
