,iteration,success,nllh,k,N,bic,c_sigma,sc,tau,theta(cost=high),theta(cost=low)
0,0,True,46.566462389,5,24,109.02319393,11.0660592344,0.0648283171976,0.903376463155,24.5148443137,27.2115340692
