,iteration,success,nllh,k,N,bic,c_0,sc2,tau_unif_rel,theta(cost=high),theta(cost=low)
0,0,True,74.7006358495,5,24,165.291540851,43.0017740596,0.0948151451998,39.240591348,42.556534951,131.577334251
