,iteration,success,nllh,k,N,bic,c_sigma,sc,tau_unif,theta(cost=high),theta(cost=low)
0,0,True,60.3334493901,5,24,136.557167932,7.02675355755,0.261058492169,0.367141514447,21.2485121753,42.8975591087
