,iteration,success,nllh,k,N,bic,c_sigma,sc,tau,theta(cost=high),theta(cost=low)
0,0,True,99.2617469238,5,24,214.413762999,14.8624080472,0.0449950211166,18.1003992785,173.463722991,179.069785354
