,iteration,success,nllh,k,N,bic,c_sigma,sc,tau,theta(cost=high),theta(cost=low)
0,0,True,64.0988566278,5,24,144.087982407,8.67619752285,0.0249992186092,4.3930714052,31.3944136788,100.545209488
