,iteration,success,nllh,k,N,bic,c_0,tau_unif,theta(cost=high),theta(cost=low)
0,0,True,50.8112052104,4,24,114.334625742,2.98952182559,37.2997357837,24.059847711,54.0361299293
