,iteration,success,nllh,k,N,bic,c_sigma,sc2,tau,theta(cost=high),theta(cost=low)
0,0,True,79.9144941364,5,24,175.719257425,80.644238085,0.0914655766698,8.39637257283,137.316404883,527.552551246
