,iteration,success,nllh,k,N,bic,c_sigma,sc,tau,theta(cost=high),theta(cost=low)
0,0,True,88.9294828619,5,24,193.749234876,39.5749926747,0.188233041877,1.16443880115,99.6663109266,164.261049056
