,iteration,success,nllh,k,N,bic,c_sigma,sc2,tau,theta(cost=high),theta(cost=low)
0,0,True,25.7354815349,5,24,67.3612322215,111.332632535,9.71933578688,80.7742555452,15.630452746,24.5705516822
