,iteration,success,nllh,k,N,bic,c_0,sc2,tau_unif_rel,theta(cost=high),theta(cost=low)
0,0,True,49.6199181306,5,24,115.130105413,47.8948933075,0.0401113931764,15.0378054856,44.8434528261,50.9867163274
