,iteration,success,nllh,k,N,bic,c_0,tau_unif,theta(cost=high),theta(cost=low)
0,0,True,55.6185390987,4,24,123.949293519,81.5031033083,6.3842652294,66.7199547243,58.3699691457
