,iteration,success,nllh,k,N,bic,c_sigma,sc2,tau_trunc,theta(cost=high),theta(cost=low)
0,0,True,66.4282722146,5,24,148.746813581,61.7692582656,0.0599467195804,2.09160547939,89.5039969822,280.946487923
