,iteration,success,nllh,k,N,bic,c_sigma,sc2,tau,theta(cost=high),theta(cost=low)
0,0,True,62.6390033893,5,24,141.16827593,213.469816272,0.0284173898671,3.71944063607,332.375996939,546.453121023
