,iteration,success,nllh,k,N,bic,c_sigma,sc,tau_unif,theta(cost=high),theta(cost=low)
0,0,True,78.4351711219,5,24,172.760611396,23.352951979,0.0750020859537,5.28148989298,47.148821608,205.78767029
