,iteration,success,nllh,k,N,bic,c_sigma,sc,tau,theta(cost=high),theta(cost=low)
0,0,True,82.0211127016,5,24,179.932494555,20.5294471027,0.317801123793,9.48847974573,29.3424675452,101.788383345
