,iteration,success,nllh,k,N,bic,c_sigma,sc,tau,theta(cost=high),theta(cost=low)
0,0,True,51.8236428843,5,24,119.53755492,7.04574050263,0.0673520422252,0.00732708875459,16.6541106737,82.3135644275
