,iteration,success,nllh,k,N,bic,c_sigma,sc,tau_unif,theta(cost=high),theta(cost=low)
0,0,True,57.2302301908,5,24,130.350729533,61.2214236566,0.022934761901,12.9030517785,45.1320898013,101.235824939
