,iteration,success,nllh,k,N,bic,c_sigma,sc2,tau,theta(cost=high),theta(cost=low)
0,0,True,57.8916516994,5,24,131.673572551,114.360221008,0.112229364243,22.8474371093,44.7729259928,321.684916042
