,iteration,success,nllh,k,N,bic,c_0,tau_unif,theta(cost=high),theta(cost=low)
0,0,True,51.6198875907,4,24,115.951990503,51.1899533576,8.32649811674,24.3254637223,65.4971586334
