,iteration,success,nllh,k,N,bic,c_0,sc2,tau_unif_rel,theta(cost=high),theta(cost=low)
0,0,True,104.263210061,5,24,224.416689273,65.4339594251,0.25454633106,61.9251350994,52.0503932725,88.977917081
