,iteration,success,nllh,k,N,bic,c_sigma,sc2,tau,theta(cost=high),theta(cost=low)
0,0,True,56.9026662199,5,24,129.695601591,292.668067369,1.19599019302,23.6449892052,190.981649924,388.142295773
