,iteration,success,nllh,k,N,bic,c_sigma,sc2,tau,theta(cost=high),theta(cost=low)
0,0,True,50.6392305216,5,24,117.168730195,200.64823295,0.0311339285066,42.9907908883,0.352034502514,864.459465485
