,iteration,success,nllh,k,N,bic,c_sigma,sc2,tau,theta(cost=high),theta(cost=low)
0,0,True,60.9832715888,5,24,137.856812329,100.460161468,0.0396776357237,6.56117947953,184.971879384,318.522056688
