,iteration,success,nllh,k,N,bic,c_0,sc2,tau_unif_rel,theta(cost=high),theta(cost=low)
0,0,True,85.1538611159,5,24,186.197991384,49.0132817164,0.134467131368,42.7364328957,44.5243259057,108.335527079
