,iteration,success,nllh,k,N,bic,c_0,sc,tau_unif_rel,theta(cost=high),theta(cost=low)
0,0,True,63.1551976446,5,24,142.200664441,58.3319451346,0.380941557602,0.960806652974,13.0910016913,30.7042082224
