,iteration,success,nllh,k,N,bic,c,r,tau,theta(cost=high),theta(cost=low)
0,0,True,64.8724635127,5,24,145.635196177,48.5731819912,0.0758584735547,0.695586375878,35.074729104,225.423185526
