,iteration,success,nllh,k,N,bic,c_sigma,sc2,tau,theta(cost=high),theta(cost=low)
0,0,True,63.4509674776,5,24,142.792204107,94.2863253151,0.0671652060889,56.986861904,74.625352294,393.104579035
