,iteration,success,nllh,k,N,bic,c_0,tau_unif,theta(cost=high),theta(cost=low)
0,0,True,55.3955554941,4,24,123.50332631,82.5137544843,3.98890209216,69.9832475498,59.5281121793
