,iteration,success,nllh,k,N,bic,c_sigma,sc,tau_unif,theta(cost=high),theta(cost=low)
0,0,True,58.4995914325,5,24,132.889452017,72.7853382708,0.0266300699427,45.7955837721,36.7318032932,204.756563266
