,iteration,success,nllh,k,N,bic,c_sigma,sc2,tau,theta(cost=high),theta(cost=low)
0,0,True,66.5246971803,5,24,148.939663512,174.71868495,0.0279543352058,19.8111920115,277.779625285,784.358908133
