,iteration,success,nllh,k,N,bic,c_sigma,sc2,tau,theta(cost=high),theta(cost=low)
0,0,True,75.874472888,5,24,167.639214928,104.400302994,0.0719454754215,3.40462545282,175.040352844,550.655467783
