,iteration,success,nllh,k,N,bic,c_0,sc,tau_unif_rel,theta(cost=high),theta(cost=low)
0,0,True,59.3864042611,5,24,134.663077674,34.0348983125,0.142315250301,2.32234616592,24.4625259815,82.7471841794
