,iteration,success,nllh,k,N,bic,c_sigma,sc2,tau,theta(cost=high),theta(cost=low)
0,0,True,72.7359345159,5,24,161.362138184,261.616350959,1.37061047998,14.3163768912,363.152768368,576.785048128
