,iteration,success,nllh,k,N,bic,c_sigma,sc2,tau,theta(cost=high),theta(cost=low)
0,0,True,63.1756206709,5,24,142.241510494,149.614512377,0.0385466632071,8.11364609243,181.601165954,552.482335434
