,iteration,success,nllh,k,N,bic,c_sigma,sc,tau,theta(cost=high),theta(cost=low)
0,0,True,92.5376996206,5,24,200.965668393,13.213309955,0.175061605327,2.5807018222,141.575072217,220.050380627
