,iteration,success,nllh,k,N,bic,c_0,sc,tau_unif_rel,theta(cost=high),theta(cost=low)
0,0,True,59.0347130117,5,24,133.959695175,34.6042804315,0.0911291051593,0.495989521733,18.6696881604,79.3458179831
