,iteration,success,nllh,k,N,bic,c_0,sc2,tau_unif_rel,theta(cost=high),theta(cost=low)
0,0,True,80.4436471151,5,24,176.777563382,41.1562331179,0.0725614164369,50.6479511703,50.0408503811,103.736888483
