,iteration,success,nllh,k,N,bic,c_sigma,sc,tau_unif,theta(cost=high),theta(cost=low)
0,0,True,80.1004785162,5,24,176.091226184,66.0760220237,0.278461078067,4.5146986942,71.6559970138,249.532275431
