,iteration,success,nllh,k,N,bic,c_sigma,sc2,tau,theta(cost=high),theta(cost=low)
0,0,True,49.8103978193,5,24,115.51106479,144.698734988,0.0537102885947,5.41372202315,77.2146595397,215.100511498
