,iteration,success,nllh,k,N,bic,c_sigma,sc2,tau,theta(cost=high),theta(cost=low)
0,0,True,49.8136763582,5,24,115.517621868,225.640390926,1.49465470727,38.1496385979,85.3162912702,236.132283261
