,iteration,success,nllh,k,N,bic,sc,tau_unif_rel,theta(cost=high),theta(cost=low)
0,0,True,66.8522887314,4,24,146.416792784,0.23784987479,10.837605257,12.920530121,57.1980665254
