,iteration,success,nllh,k,N,bic,c_0,tau_unif,theta(cost=high),theta(cost=low)
0,0,True,70.4295667936,4,24,153.571348909,92.9666698009,20.1498705679,83.0397922751,188.248071386
