,iteration,success,nllh,k,N,bic,c_sigma,sc2,tau,theta(cost=high),theta(cost=low)
0,0,True,59.4312861965,5,24,134.752841545,210.781166452,0.0303157361549,4.91774746076,182.869011838,461.465892731
