,iteration,success,nllh,k,N,bic,c_sigma,sc,tau,theta(cost=high),theta(cost=low)
0,0,True,56.3289243829,5,24,128.548117918,9.67946982634,0.33958501495,7.49742785009,3.53649313855,74.8900738111
