,iteration,success,nllh,k,N,bic,c_0,sc,tau_unif_rel,theta(cost=high),theta(cost=low)
0,0,True,23.8996351975,5,24,63.6895395467,46.3431538364,0.354624378663,198.038699904,1.30290411786,18.6335251192
