,iteration,success,nllh,k,N,bic,c_0,tau_unif,theta(cost=high),theta(cost=low)
0,0,True,66.3233486508,4,24,145.358912623,54.6393543174,5.22283369693,40.59113038,127.738999557
