,iteration,success,nllh,k,N,bic,c_sigma,sc,tau_unif,theta(cost=high),theta(cost=low)
0,0,True,66.5908867272,5,24,149.072042606,10.6926590667,0.174667200216,2.20868050032,24.4134818611,52.6599232355
