,iteration,success,nllh,k,N,bic,c_0,sc,tau_unif_rel,theta(cost=high),theta(cost=low)
0,0,True,47.3644855991,5,24,110.61924035,29.8049208353,0.121840042238,0.510116808878,22.2818802774,25.6258189364
