,iteration,success,nllh,k,N,bic,c_sigma,sc,tau,theta(cost=high),theta(cost=low)
0,0,True,68.7601013869,5,24,153.410471926,9.61363213047,0.18053084426,0.603812624704,39.3235344559,63.9979244288
