,iteration,success,nllh,k,N,bic,c_0,tau_unif,theta(cost=high),theta(cost=low)
0,0,True,72.8635021315,4,24,158.439219584,30.5079682082,1.85948068791,23.1537241954,104.913189882
