,iteration,success,nllh,k,N,bic,c_sigma,sc2,tau,theta(cost=high),theta(cost=low)
0,0,True,31.8583496681,5,24,79.6069684879,247.336031969,0.0122416678151,28.2062259843,65.4045336901,149.113245546
