,iteration,success,nllh,k,N,bic,c_sigma,sc2,tau,theta(cost=high),theta(cost=low)
0,0,True,85.3761469494,5,24,186.642563051,155.506108535,0.0810769253561,23.5675674021,420.578901851,551.708699273
