,iteration,success,nllh,k,N,bic,c,tau_unif,theta(cost=high),theta(cost=low)
0,0,True,56.8753305193,4,24,126.46287636,49.3383730467,11.987734442,17.7123523978,45.4356422996
