,iteration,success,nllh,k,N,bic,sc,tau_unif_rel,theta(cost=high),theta(cost=low)
0,0,True,58.5605443447,4,24,129.833304011,0.320413870858,5.46423896205,12.7382120571,76.4542575995
