,iteration,success,nllh,k,N,bic,c,tau_unif,theta(cost=high),theta(cost=low)
0,0,True,66.888398122,4,24,146.489011565,24.8321814862,17.7439256047,49.1024653452,49.8282993683
