,iteration,success,nllh,k,N,bic,c_sigma,sc2,tau,theta(cost=high),theta(cost=low)
0,0,True,55.9272364298,5,24,127.744742011,289.97950538,0.018855073526,31.4258227815,336.345870345,558.536196141
