,iteration,success,nllh,k,N,bic,c_sigma,sc2,tau,theta(cost=high),theta(cost=low)
0,0,True,62.8135838944,5,24,141.51743694,159.684770625,0.0309362038103,26.308312802,331.909478955,418.812647363
