,iteration,success,nllh,k,N,bic,c_sigma,sc2,tau,theta(cost=high),theta(cost=low)
0,0,True,73.8631624008,5,24,163.616593953,67.1851916258,0.113768093628,17.2879588557,77.6736342521,262.692955173
