,iteration,success,nllh,k,N,bic,c_sigma,sc2,tau,theta(cost=high),theta(cost=low)
0,0,True,69.1047810691,5,24,154.09983129,298.38777469,0.0445449229058,54.1714275565,414.813135382,593.896799621
