,iteration,success,nllh,k,N,bic,c_sigma,sc2,tau,theta(cost=high),theta(cost=low)
0,0,True,47.9618216923,5,24,111.813912536,162.710977431,0.0390391304554,4.43204583129,127.42962822,88.1789103105
