,iteration,success,nllh,k,N,bic,c_sigma,sc2,tau,theta(cost=high),theta(cost=low)
0,0,True,57.9734548674,5,24,131.837178886,200.640768526,0.0585247181818,16.0889447123,72.7261571096,505.784563526
