,iteration,success,nllh,k,N,bic,c_0,sc,tau_unif_rel,theta(cost=high),theta(cost=low)
0,0,True,70.6107145709,5,24,157.111698293,40.9909347869,0.403726723122,0.862917810441,21.7018393543,37.7308399098
