,iteration,success,nllh,k,N,bic,c_sigma,sc,tau,theta(cost=high),theta(cost=low)
0,0,True,31.3896532609,5,24,78.6695756736,0.825513295871,0.231269170323,5.13712445264,3.50506659035,7.61479115717
