,iteration,success,nllh,k,N,bic,c_sigma,sc,tau,theta(cost=high),theta(cost=low)
0,0,True,67.632654868,5,24,151.155578888,30.2981482334,0.0264577910563,1.421570374,55.1501750881,72.8678378611
