,iteration,success,nllh,k,N,bic,c_sigma,sc,tau,theta(cost=high),theta(cost=low)
0,0,True,80.7004180242,5,24,177.2911052,34.725106728,0.16541067801,8.08285536652,76.5775785134,139.933550693
