,iteration,success,nllh,k,N,bic,c_0,sc2,tau_unif_rel,theta(cost=high),theta(cost=low)
0,0,True,23.4337466324,5,24,62.7577624166,80.6242771629,2.7137041185,199.326732616,3.53665849186,9.85748312976
