,iteration,success,nllh,k,N,bic,c_sigma,sc2,tau,theta(cost=high),theta(cost=low)
0,0,True,63.0328228712,5,24,141.955914894,109.811593041,0.0476404165699,77.0799105827,102.907219718,327.783844178
