,iteration,success,nllh,k,N,bic,c_sigma,sc2,tau,theta(cost=high),theta(cost=low)
0,0,True,38.6741888281,5,24,93.238646808,40.2945284005,0.155880341349,194.686317367,12.3219058062,90.9336597938
