,iteration,success,nllh,k,N,bic,c_sigma,sc,tau,theta(cost=high),theta(cost=low)
0,0,True,88.2743073219,5,24,192.438883796,7.88864661981,0.965681785485,1.04435122752,23.3194469216,41.4621320315
