,iteration,success,nllh,k,N,bic,c_sigma,sc,tau,theta(cost=high),theta(cost=low)
0,0,True,65.8786194486,5,24,147.647508049,279.243632977,1.01509641297,39.3569273588,267.501728426,353.852658034
