,iteration,success,nllh,k,N,bic,c_sigma,tau_unif,theta(cost=high),theta(cost=low)
0,0,True,75.3280661234,4,24,163.368347568,96.071215945,20.7115532566,137.096268432,232.367750339
