,iteration,success,nllh,k,N,bic,c_sigma,sc,tau,theta(cost=high),theta(cost=low)
0,0,True,63.2697921514,5,24,142.429853454,9.78296760065,0.0253605120976,0.479230381608,21.64024228,73.2239652977
