,iteration,success,nllh,k,N,bic,c_sigma,sc,tau_rel_trunc,theta(cost=high),theta(cost=low)
0,0,True,29.5619664181,5,24,75.0142019879,189.980046148,1.32463339711,27.0208349869,28.040320238,50.1481951542
