,iteration,success,nllh,k,N,bic,c_sigma,sc2,tau,theta(cost=high),theta(cost=low)
0,0,True,69.5177058059,5,24,154.925680764,210.227502604,0.0204923843437,159.679973763,543.545311314,697.88266456
