,iteration,success,nllh,k,N,bic,c_sigma,sc,tau_normal,theta(cost=high),theta(cost=low)
0,0,True,28.7063815156,5,24,73.3030321829,18.6479679377,1.06042124804,74.34454676,10.2469882969,11.0452882558
