,iteration,success,nllh,k,N,bic,c_sigma,sc,tau_rel_trunc,theta(cost=high),theta(cost=low)
0,0,True,89.0790810131,5,24,194.048431178,23.7094841029,0.448934920269,0.0406582589702,58.0607885455,95.9369319126
