,iteration,success,nllh,k,N,bic,c_sigma,sc2,tau,theta(cost=high),theta(cost=low)
0,0,True,57.8927847998,5,24,131.675838751,121.356608927,0.0868242574044,20.213044324,47.9442420014,322.208473264
