,iteration,success,nllh,k,N,bic,c_sigma,sc,tau,theta(cost=high),theta(cost=low)
0,0,True,55.7229756447,5,24,127.336220441,15.3068485491,0.0671660920313,0.0732455640357,20.3545456567,61.2016139614
