,iteration,success,nllh,k,N,bic,c_sigma,sc,tau,theta(cost=high),theta(cost=low)
0,0,True,49.3209360352,5,24,114.532141222,2.9691016762,0.168503162487,0.114902816941,11.5250524583,46.932105633
