,iteration,success,nllh,k,N,bic,c_sigma,sc,tau_unif,theta(cost=high),theta(cost=low)
0,0,True,69.1900615365,5,24,154.270392225,28.8967817846,0.0497977347242,2.76233620237,30.5074354254,164.250054892
