,iteration,success,nllh,k,N,bic,c_0,tau_unif,theta(cost=high),theta(cost=low)
0,0,True,63.4081560434,4,24,139.528527408,32.3801556191,69.2614500503,23.8198232315,122.284417705
