,iteration,success,nllh,k,N,bic,c_0,sc,tau_unif_rel,theta(cost=high),theta(cost=low)
0,0,True,58.0853298838,5,24,132.060928919,82.234904289,0.0303080946419,0.93496596203,55.7679913406,42.3030785708
