,iteration,success,nllh,k,N,bic,c_0,sc2,tau_unif_rel,theta(cost=high),theta(cost=low)
0,0,True,95.9073615422,5,24,207.704992236,35.3398573658,0.13970893502,68.2909351847,61.2274932862,152.945876276
