,iteration,success,nllh,k,N,bic,c_sigma,sc2,tau,theta(cost=high),theta(cost=low)
0,0,True,50.8177555262,5,24,117.525780204,134.889766468,0.0514625817803,43.2904030159,1.7898741271,498.378815657
