,iteration,success,nllh,k,N,bic,c_sigma,sc,tau,theta(cost=high),theta(cost=low)
0,0,True,70.0792536053,5,24,156.048776362,81.8883347339,0.021493412212,25.2638736853,87.5263149663,172.854356552
