,iteration,success,nllh,k,N,bic,c_sigma,sc2,tau,theta(cost=high),theta(cost=low)
0,0,True,79.6893037968,5,24,175.268876745,88.0675559193,0.0843031773509,111.18252873,140.741945378,527.606931844
