,iteration,success,nllh,k,N,bic,c_sigma,sc,tau,theta(cost=high),theta(cost=low)
0,0,True,77.4827621238,5,24,170.855793399,22.5725699412,0.189067679627,1.93461961793,50.1658525787,128.550090643
