,iteration,success,nllh,k,N,bic,c_0,tau_unif,theta(cost=high),theta(cost=low)
0,0,True,50.421684715,4,24,113.555584751,99.5034441717,2.21124078004,77.5280964609,79.7449757842
