,iteration,success,nllh,k,N,bic,c_0,sc,tau_unif,theta(cost=high),theta(cost=low)
0,0,True,48.1600366672,5,24,112.210342486,30.0597842327,0.504542757577,16.6401116842,2.72056344826,8.37438926491
