,iteration,success,nllh,k,N,bic,sc,tau_unif_rel,theta(cost=high),theta(cost=low)
0,0,True,64.8182400646,4,24,142.348695451,0.050238458481,27.9847342688,14.8905753915,33.3925681435
