,iteration,success,nllh,k,N,bic,c_sigma,sc2,tau,theta(cost=high),theta(cost=low)
0,0,True,66.2302419627,5,24,148.350753077,262.712644799,0.0410741250443,24.088504069,304.260333027,711.8287627
