,iteration,success,nllh,k,N,bic,c_sigma,sc2,tau,theta(cost=high),theta(cost=low)
0,0,True,42.6277145726,5,24,101.145698297,140.610167584,7.44838704667,47.6842356936,104.106722089,55.9225889738
