,iteration,success,nllh,k,N,bic,sc,tau_unif_rel,theta(cost=high),theta(cost=low)
0,0,True,85.5321846862,4,24,183.776584694,0.273111521113,16.0998725303,17.2496076606,54.4801422715
