,iteration,success,nllh,k,N,bic,c_sigma,sc,tau,theta(cost=high),theta(cost=low)
0,0,True,38.3663930021,5,24,92.6230551559,12.292674559,0.15244621524,46.2736334631,2.96855111022,32.7774056432
