,iteration,success,nllh,k,N,bic,c_sigma,sc,tau_unif,theta(cost=high),theta(cost=low)
0,0,True,60.4692052549,5,24,136.828679661,6.95837042553,0.101162484604,8.06758868216,29.0862812461,87.6670743536
