,iteration,success,nllh,k,N,bic,c_sigma,sc,tau,theta(cost=high),theta(cost=low)
0,0,True,71.4216359192,5,24,158.73354099,14.387853004,0.327582030072,4.34512371564,35.9120904294,49.9689737881
