,iteration,success,nllh,k,N,bic,c_sigma,sc2,tau,theta(cost=high),theta(cost=low)
0,0,True,28.7857752338,5,24,73.4618196193,41.4955151879,4.66394142279,95.2345963622,19.2317676527,21.0697572687
