,iteration,success,nllh,k,N,bic,c_sigma,sc2,tau,theta(cost=high),theta(cost=low)
0,0,True,58.6780004704,5,24,133.246270093,271.516010278,0.0196067091716,12.6705629932,391.619809386,478.978394523
