,iteration,success,nllh,k,N,bic,c_sigma,sc,tau_unif,theta(cost=high),theta(cost=low)
0,0,True,76.5019997276,5,24,168.894268607,92.2754263743,0.42392818013,10.3724957565,145.708166419,260.036035987
