,iteration,success,nllh,k,N,bic,c_sigma,sc,tau,theta(cost=high),theta(cost=low)
0,0,True,63.0538528615,5,24,141.997974875,161.655822632,0.0162596133751,17.1028368615,158.979872556,307.719878996
