,iteration,success,nllh,k,N,bic,c_sigma,sc,tau,theta(cost=high),theta(cost=low)
0,0,True,60.1503626383,5,24,136.190994428,6.40139243597,0.253948927946,2.46871538775,25.3063131763,35.4995977154
