,iteration,success,nllh,k,N,bic,c,tau_unif,theta(cost=high),theta(cost=low)
0,0,True,22.4705147687,4,24,57.6532448588,53.0222551698,423.569719075,4.83521163509,33.6502606152
