,iteration,success,nllh,k,N,bic,c_sigma,sc2,tau,theta(cost=high),theta(cost=low)
0,0,True,98.691997029,5,24,213.27426321,30.7017924351,0.304630105174,2.51306619104,142.983434875,250.686645914
