,iteration,success,nllh,k,N,bic,c_sigma,sc,tau_unif,theta(cost=high),theta(cost=low)
0,0,True,67.4376971686,5,24,150.765663489,117.7752203,0.0339775770832,46.9794748347,146.385152195,238.187472096
