,iteration,success,nllh,k,N,bic,c_0,sc2,tau_unif_rel,theta(cost=high),theta(cost=low)
0,0,True,67.3072353883,5,24,150.504739928,54.0617753176,0.035941707786,69.4970102337,120.281413504,122.512420321
