,iteration,success,nllh,k,N,bic,c_sigma,sc,tau,theta(cost=high),theta(cost=low)
0,0,True,63.8027226472,5,24,143.495714446,10.2245248596,0.487477476169,0.0251804483994,14.0489048984,37.0293268566
