,iteration,success,nllh,k,N,bic,c_sigma,sc,tau,theta(cost=high),theta(cost=low)
0,0,True,63.4511681987,5,24,142.792605549,10.108212898,0.0417332737229,4.61874281605,51.898045213,61.035610061
