,iteration,success,nllh,k,N,bic,c_sigma,sc2,tau,theta(cost=high),theta(cost=low)
0,0,True,68.586517607,5,24,153.063304366,121.920808244,0.0412692033937,7.56815665668,175.454111552,377.231941911
