,iteration,success,nllh,k,N,bic,c_sigma,sc,tau,theta(cost=high),theta(cost=low)
0,0,True,72.4534342378,5,24,160.797137627,23.7519086107,0.099088576015,0.00907365728692,44.3009735459,147.616057538
