,iteration,success,nllh,k,N,bic,c_sigma,sc2,tau,theta(cost=high),theta(cost=low)
0,0,True,69.3932086599,5,24,154.676686472,252.646187771,0.0393638644158,29.7075667262,398.512626663,503.148128874
