,iteration,success,nllh,k,N,bic,c_sigma,sc,tau,theta(cost=high),theta(cost=low)
0,0,True,49.2278367114,5,24,114.345942575,4.46488609362,0.221851021277,0.146005082331,11.388640138,44.0218786428
