,iteration,success,nllh,k,N,bic,c_sigma,tau_unif,theta(cost=high),theta(cost=low)
0,0,True,69.7009039391,4,24,152.1140232,36.7344204152,6.96046458236,46.7799955507,178.194762967
