,iteration,success,nllh,k,N,bic,c_sigma,sc2,tau,theta(cost=high),theta(cost=low)
0,0,True,49.5017935619,5,24,114.893856276,273.335967252,0.0250768156175,32.6023637926,245.976632387,293.220225066
