,iteration,success,nllh,k,N,bic,c_sigma,sc2,tau,theta(cost=high),theta(cost=low)
0,0,True,16.5912286546,5,24,49.072726461,202.175747377,2.69763679656,159.058430879,0.498883142182,0.44865515964
