,iteration,success,nllh,k,N,bic,c_sigma,sc2,tau,theta(cost=high),theta(cost=low)
0,0,True,59.4013194042,5,24,134.69290796,286.47949919,0.0219128554483,6.99944430403,263.316165364,667.349962072
