,iteration,success,nllh,k,N,bic,c_sigma,sc2,tau,theta(cost=high),theta(cost=low)
0,0,True,25.7984932606,5,24,67.4872556729,187.391492067,1.03469104189,111.8506881,19.8373016315,36.9757345558
