,iteration,success,nllh,k,N,bic,c_sigma,sc,tau,theta(cost=high),theta(cost=low)
0,0,True,16.6146902227,5,24,49.1196495971,297.182300401,1.29653860279,9.52681679716,0.349987469459,0.103263119596
