,iteration,success,nllh,k,N,bic,c_sigma,sc2,tau,theta(cost=high),theta(cost=low)
0,0,True,61.2314503519,5,24,138.353169856,107.773847462,0.0329267396548,15.8020472868,186.361644959,374.695195371
