,iteration,success,nllh,k,N,bic,c_sigma,sc,tau_trunc,theta(cost=high),theta(cost=low)
0,0,True,50.4148656154,5,24,116.720000383,8.88702528622,0.206346921828,0.469163572112,15.3972092884,26.0330248046
