,iteration,success,nllh,k,N,bic,c_sigma,sc2,tau_trunc,theta(cost=high),theta(cost=low)
0,0,True,24.9491525645,5,24,65.7885742808,203.639204411,5.28151211028,122.229404168,3.50040974759,49.0175257086
