,iteration,success,nllh,k,N,bic,c_0,sc2,tau_unif_rel,theta(cost=high),theta(cost=low)
0,0,True,44.419773351,5,24,104.729815854,31.4124790919,0.0845864672512,112.715852761,7.32067361266,72.4938550789
