,iteration,success,nllh,k,N,bic,c_sigma,sc2,tau,theta(cost=high),theta(cost=low)
0,0,True,38.524731793,5,24,92.9397327378,41.6170623111,0.221892142355,168.323888952,13.0720396991,78.2279374988
