,iteration,success,nllh,k,N,bic,sc,tau_unif_rel,theta(cost=high),theta(cost=low)
0,0,True,29.1318802459,4,24,70.9759758132,0.0386300907976,55.1587568035,5.78728199046,3.65875436448
