,iteration,success,nllh,k,N,bic,c_0,sc2,tau_unif_rel,theta(cost=high),theta(cost=low)
0,0,True,22.2616154136,5,24,60.4134999789,10.2295298685,0.0708126605925,2.20896787774,5.00627033296,9.07455980328
