,iteration,success,nllh,k,N,bic,c_sigma,sc,tau,theta(cost=high),theta(cost=low)
0,0,True,42.9741390202,5,24,101.838547192,26.4490765143,0.0203740385139,6.86324074728,4.40260188476,41.4240771305
