,iteration,success,nllh,k,N,bic,c_sigma,sc,tau,theta(cost=high),theta(cost=low)
0,0,True,60.0241058848,5,24,135.938480921,6.16805099234,0.294991442089,2.09113123175,24.2987701692,36.9707597876
