,iteration,success,nllh,k,N,bic,c_sigma,sc,tau,theta(cost=high),theta(cost=low)
0,0,True,42.9283410465,5,24,101.746951245,31.8244232125,0.0419132924878,51.553373838,7.42017497751,49.5353424972
