,iteration,success,nllh,k,N,bic,c_0,sc,tau_unif,theta(cost=high),theta(cost=low)
0,0,True,60.224502048,5,24,136.339273248,39.7118594379,0.0305384705771,0.777188537649,35.5966394136,99.8067855682
