,iteration,success,nllh,k,N,bic,c_sigma,sc2,tau,theta(cost=high),theta(cost=low)
0,0,True,55.6019208342,5,24,127.09411082,264.856993658,0.0161575164493,9.05917532813,285.200781233,849.328597975
