,iteration,success,nllh,k,N,bic,c_sigma,sc2,tau,theta(cost=high),theta(cost=low)
0,0,True,85.25533206,5,24,186.400933272,246.875798525,0.0414127164944,18.0624226338,626.698757855,818.616303949
