,iteration,success,nllh,k,N,bic,c_sigma,sc2,tau,theta(cost=high),theta(cost=low)
0,0,True,52.8857825845,5,24,121.661834321,256.131465208,0.024643675491,48.8299816362,141.785251785,493.646258083
