,iteration,success,nllh,k,N,bic,c_sigma,sc2,tau,theta(cost=high),theta(cost=low)
0,0,True,58.7213022549,5,24,133.332873661,183.64922143,0.0327531938848,16.9230036684,233.152490433,283.214447833
