,iteration,success,nllh,k,N,bic,sc,tau_unif_rel,theta(cost=high),theta(cost=low)
0,0,True,65.0747342862,4,24,142.861683894,0.390909451971,6.38379959159,20.9335365202,13.6773626989
