,iteration,success,nllh,k,N,bic,c_sigma,sc,tau,theta(cost=high),theta(cost=low)
0,0,True,70.6135282799,5,24,157.117325712,9.39871490324,0.211960191432,1.50847206409,34.7287559956,49.6964440864
