,iteration,success,nllh,k,N,bic,c_sigma,sc,tau,theta(cost=high),theta(cost=low)
0,0,True,67.0739879098,5,24,150.038244971,11.7679355295,0.0266156230495,1.24807123505,39.2961831837,111.371400961
