,iteration,success,nllh,k,N,bic,c_sigma,sc2,tau,theta(cost=high),theta(cost=low)
0,0,True,62.7065694761,5,24,141.303408104,59.3787616053,0.0821728459893,39.1984433605,54.3169841552,209.386642251
