,iteration,success,nllh,k,N,bic,c_sigma,sc,tau,theta(cost=high),theta(cost=low)
0,0,True,61.115885576,5,24,138.122040304,7.98204478862,0.0518724562348,1.87707216653,37.1792197388,57.8356298855
