,iteration,success,nllh,k,N,bic,c_sigma,sc2,tau,theta(cost=high),theta(cost=low)
0,0,True,65.3194642945,5,24,146.529197741,206.250827973,0.0404439178559,8.83089827015,222.090061523,541.436939399
