,iteration,success,nllh,k,N,bic,c_sigma,sc2,tau,theta(cost=high),theta(cost=low)
0,0,True,78.3552292861,5,24,172.600727724,114.748228864,0.072897425277,11.1991057364,208.886523179,435.493051909
