,iteration,success,nllh,k,N,bic,c_sigma,sc,tau,theta(cost=high),theta(cost=low)
0,0,True,75.2638365384,5,24,166.417942229,172.168545551,0.170934481145,0.000176688537383,290.529765745,427.961918576
