,iteration,success,nllh,k,N,bic,c_sigma,sc,tau,theta(cost=high),theta(cost=low)
0,0,True,84.0756329809,5,24,184.041535114,33.6417314038,0.0935903206431,0.0358076847617,93.9364762307,140.712285526
