,iteration,success,nllh,k,N,bic,c_sigma,sc,tau,theta(cost=high),theta(cost=low)
0,0,True,43.8574254244,5,24,103.605120001,6.95281511082,0.159561996141,0.0114398571973,17.2084117645,15.3457689509
