,iteration,success,nllh,k,N,bic,c_sigma,sc,tau,theta(cost=high),theta(cost=low)
0,0,True,57.9312183074,5,24,131.752705767,168.119550228,0.0401123980313,0.0592500128753,188.305375455,231.796969035
