,iteration,success,nllh,k,N,bic,c_0,tau_unif,theta(cost=high),theta(cost=low)
0,0,True,16.6693600679,4,24,46.0509354572,98.0950246186,446.43081021,0.117706813254,0.39425053892
