,iteration,success,nllh,k,N,bic,c_sigma,sc,tau,theta(cost=high),theta(cost=low)
0,0,True,94.1548859124,5,24,204.200040976,20.3426025629,0.165294092258,8.97915305902,124.545245301,192.743484871
