,iteration,success,nllh,k,N,bic,c_0,tau_unif,theta(cost=high),theta(cost=low)
0,0,True,57.7168440635,4,24,128.145903448,35.2886168714,9.0873275408,0.628898438326,168.386674693
