,iteration,success,nllh,k,N,bic,c_sigma,sc2,tau,theta(cost=high),theta(cost=low)
0,0,True,62.8535169641,5,24,141.59730308,206.052439629,0.0243674524521,14.2867594531,318.035797736,497.32608992
