,iteration,success,nllh,k,N,bic,c_sigma,tau_unif,theta(cost=high),theta(cost=low)
0,0,True,64.6724676791,4,24,142.05715068,67.7157367028,16.1255222459,56.7184174281,167.415243742
