,iteration,success,nllh,k,N,bic,c_sigma,sc,tau_unif,theta(cost=high),theta(cost=low)
0,0,True,92.720528719,5,24,201.33132659,18.0857145374,0.104878443786,11.2946713492,167.111879775,231.256717489
