,iteration,success,nllh,k,N,bic,c_sigma,sc,tau,theta(cost=high),theta(cost=low)
0,0,True,66.8592037466,5,24,149.608676645,124.482122757,0.196014866507,8.02522169697,211.514809621,198.954069229
