,iteration,success,nllh,k,N,bic,c_sigma,sc2,tau,theta(cost=high),theta(cost=low)
0,0,True,68.9412260166,5,24,153.772721185,148.49383209,0.0453865685074,83.3348568507,209.996945242,338.064884217
