,iteration,success,nllh,k,N,bic,c_0,sc2,tau_unif_rel,theta(cost=high),theta(cost=low)
0,0,True,66.3124907177,5,24,148.515250587,48.2584592927,0.0439020223642,71.0266621382,87.1222289961,83.6852413957
