,iteration,success,nllh,k,N,bic,c_sigma,sc,tau,theta(cost=high),theta(cost=low)
0,0,True,55.4649531326,5,24,126.820175417,182.942212181,0.127245036698,34.4301657245,83.0838411436,315.083714905
