,iteration,success,nllh,k,N,bic,c_0,sc,tau_unif_rel,theta(cost=high),theta(cost=low)
0,0,True,22.3779338865,5,24,60.6461369248,3.95093035245,0.344057169557,3.05213744007,4.78482266039,6.37211091694
