,iteration,success,nllh,k,N,bic,c_sigma,sc,tau,theta(cost=high),theta(cost=low)
0,0,True,98.4537151308,5,24,212.797699413,19.7140880517,0.0227960252569,14.2082495141,175.652512265,178.095850135
