,iteration,success,nllh,k,N,bic,c_sigma,sc,tau,theta(cost=high),theta(cost=low)
0,0,True,39.2463965376,5,24,94.3830622269,20.8582299175,0.0124085352765,38.6365827999,6.56680350763,32.0006044907
