,iteration,success,nllh,k,N,bic,c_sigma,sc,tau,theta(cost=high),theta(cost=low)
0,0,True,42.8430733363,5,24,101.576415824,31.5004954896,0.00413697934475,56.5378948814,12.9520637433,58.3411005056
