,iteration,success,nllh,k,N,bic,c_sigma,sc2,tau,theta(cost=high),theta(cost=low)
0,0,True,40.9632167828,5,24,97.8167027173,175.09393448,0.0371229302412,197.400271437,39.9093385677,214.502657894
