,iteration,success,nllh,k,N,bic,c_0,sc,tau_unif_rel,theta(cost=high),theta(cost=low)
0,0,True,61.8477137684,5,24,139.585696689,52.4478059868,0.38096703173,2.0048317097,27.5677518785,27.6659628552
