,iteration,success,nllh,k,N,bic,c_sigma,sc2,tau,theta(cost=high),theta(cost=low)
0,0,True,61.7865107058,5,24,139.463290563,135.47657983,0.043263339429,6.06499953717,271.311626105,265.527842135
