,iteration,success,nllh,k,N,bic,c_sigma,sc,tau,theta(cost=high),theta(cost=low)
0,0,True,72.1118170219,5,24,160.113903196,20.207637245,0.0758702102571,3.32507912618,50.2679572369,65.4941480094
