,iteration,success,nllh,k,N,bic,c_sigma,sc2,tau,theta(cost=high),theta(cost=low)
0,0,True,48.099716182,5,24,112.089701516,90.3398993617,0.0739732705962,171.835318256,193.224968394,34.1988572537
