,iteration,success,nllh,k,N,bic,c_sigma,sc2,tau,theta(cost=high),theta(cost=low)
0,0,True,48.1033872153,5,24,112.097043582,120.787716573,0.0534031941287,50.3152972423,127.133883603,89.6254715174
