,iteration,success,nllh,k,N,bic,c_sigma,sc2,tau,theta(cost=high),theta(cost=low)
0,0,True,62.0428904119,5,24,139.976049976,48.8972921572,0.11339227991,183.005443853,70.6818513377,228.204672613
