,iteration,success,nllh,k,N,bic,c_sigma,tau_unif,theta(cost=high),theta(cost=low)
0,0,True,57.5042459497,4,24,127.720707221,95.4161303706,7.4892303141,59.6832824522,141.074027641
