,iteration,success,nllh,k,N,bic,c_sigma,sc2,tau,theta(cost=high),theta(cost=low)
0,0,True,68.6110742866,5,24,153.112417725,216.958671399,0.025400093615,5.75167356605,342.013132641,707.957307435
