,iteration,success,nllh,k,N,bic,c_sigma,sc,tau_trunc,theta(cost=high),theta(cost=low)
0,0,True,41.3864637997,5,24,98.6631967511,126.359402274,0.581890708787,115.586453922,58.1766391513,66.3176317754
