,iteration,success,nllh,k,N,bic,c_sigma,sc2,tau,theta(cost=high),theta(cost=low)
0,0,True,40.0479254853,5,24,95.9861201223,189.143839308,0.0145741532313,2.81907855378,264.934161407,228.321656027
