,iteration,success,nllh,k,N,bic,c_sigma,sc2,tau,theta(cost=high),theta(cost=low)
0,0,True,39.159611052,5,24,94.2094912558,269.291786841,2.09870886424,73.4853693893,107.53099269,119.932148149
