,iteration,success,nllh,k,N,bic,c_0,sc,tau_rel,theta(cost=high),theta(cost=low)
0,0,True,77.1470160144,5,24,170.184301181,8.36430097953,0.0936494075532,20.0247254604,70.7783035,185.172578504
