,iteration,success,nllh,k,N,bic,c_sigma,sc2,tau,theta(cost=high),theta(cost=low)
0,0,True,40.8640231624,5,24,97.6183154765,227.218453939,0.0373573091804,146.818896522,60.6387900863,249.494515473
