,iteration,success,nllh,k,N,bic,c_sigma,sc2,tau,theta(cost=high),theta(cost=low)
0,0,True,25.8071439547,5,24,67.5045570611,259.906161996,2.59553131391,26.4495817746,25.0914383482,52.2279205421
