,iteration,success,nllh,k,N,bic,c_sigma,sc2,tau,theta(cost=high),theta(cost=low)
0,0,True,75.2807452214,5,24,166.451759594,185.167331972,0.0474183926075,1.91421378439,327.219666426,878.829032864
