,iteration,success,nllh,k,N,bic,c_sigma,sc2,tau,theta(cost=high),theta(cost=low)
0,0,True,98.276013134,5,24,212.44229542,33.9236627097,0.219238435501,5.15643416569,176.148923502,306.16302163
