,iteration,success,nllh,k,N,bic,c_sigma,sc2,tau,theta(cost=high),theta(cost=low)
0,0,True,59.5242922203,5,24,134.938853592,140.888095527,0.0438081846499,0.145130937631,142.361348067,309.977965574
