,iteration,success,nllh,k,N,bic,c_sigma,sc2,tau,theta(cost=high),theta(cost=low)
0,0,True,65.982730548,5,24,147.855730248,123.149625207,0.0420713753391,20.0068377936,299.39713572,408.397309624
