,iteration,success,nllh,k,N,bic,c_sigma,sc,tau,theta(cost=high),theta(cost=low)
0,0,True,88.3032449774,5,24,192.496759107,9.00699085617,0.894112946378,1.26252272039,28.2471997612,56.1063506707
