,iteration,success,nllh,k,N,bic,c_sigma,sc,tau,theta(cost=high),theta(cost=low)
0,0,True,98.4379874155,5,24,212.766243983,23.0972737613,0.152935876045,0.84074361013,175.524996261,181.796860941
