,iteration,success,nllh,k,N,bic,c_sigma,sc2,tau,theta(cost=high),theta(cost=low)
0,0,True,59.5936428294,5,24,135.077554811,104.507135816,0.0458262518274,1.37460437025,162.564573007,282.312867402
