,iteration,success,nllh,k,N,bic,sc,tau_unif_rel,theta(cost=high),theta(cost=low)
0,0,True,84.9666448716,4,24,182.645505065,0.302239654047,1.49256303985,11.6697959675,126.140611029
