,iteration,success,nllh,k,N,bic,c_sigma,sc,tau_trunc,theta(cost=high),theta(cost=low)
0,0,True,61.4193776268,5,24,138.729024405,12.6980850071,0.0171171064827,2.55055173443,9.697350487,98.0059910595
