,iteration,success,nllh,k,N,bic,c_sigma,sc2,tau,theta(cost=high),theta(cost=low)
0,0,True,60.185770475,5,24,136.261810102,134.780589099,0.0280816518531,0.612658630696,306.818709137,345.569416532
