,iteration,success,nllh,k,N,bic,c_0,tau_unif,theta(cost=high),theta(cost=low)
0,0,True,63.112059386,4,24,138.936334093,41.5535293632,2.88007660029,34.7029442526,59.7284075998
