,iteration,success,nllh,k,N,bic,c_0,tau_unif,theta(cost=high),theta(cost=low)
0,0,True,68.5070385936,4,24,149.726292509,66.7667392369,0.829625571325,57.6199093253,79.2215187526
