,iteration,success,nllh,k,N,bic,c_sigma,sc2,tau,theta(cost=high),theta(cost=low)
0,0,True,46.1478065956,5,24,108.185882343,253.752565961,0.0168266848263,8.12082356799,317.422936522,332.43766546
