,iteration,success,nllh,k,N,bic,c_sigma,sc,tau,theta(cost=high),theta(cost=low)
0,0,True,54.3351479892,5,24,124.56056513,26.0862334783,0.0110759226279,0.303192549155,20.0938151109,68.2258515732
