,iteration,success,nllh,k,N,bic,c_0,tau_unif,theta(cost=high),theta(cost=low)
0,0,True,66.2127840003,4,24,145.137783322,57.6271612459,28.9480759088,46.8001321783,55.7315886278
