,iteration,success,nllh,k,N,bic,c_sigma,sc,tau,theta(cost=high),theta(cost=low)
0,0,True,55.3914589648,5,24,126.673187081,11.1190167835,0.0113507431584,2.92831358763,17.1001202568,67.4074196452
