,iteration,success,nllh,k,N,bic,c_sigma,sc,tau,theta(cost=high),theta(cost=low)
0,0,True,75.5940274115,5,24,167.078323975,91.4264371711,0.237458539396,8.04188431982,211.75833732,201.701702364
