,iteration,success,nllh,k,N,bic,c,r,tau,theta(cost=high),theta(cost=low)
0,0,True,37.9542936117,5,24,91.7988563751,83.7045559913,0.00892006460874,33.2129572101,20.0884534876,29.6479141191
