,iteration,success,nllh,k,N,bic,c_sigma,sc2,tau,theta(cost=high),theta(cost=low)
0,0,True,60.1376989595,5,24,136.165667071,140.743449641,0.0326567620071,12.5552056011,259.912915786,286.06710583
