,iteration,success,nllh,k,N,bic,c_sigma,sc2,tau,theta(cost=high),theta(cost=low)
0,0,True,60.2594286658,5,24,136.409126483,73.4503473972,0.0598420351498,3.24148680979,81.9506790097,303.07556255
