,iteration,success,nllh,k,N,bic,c_sigma,sc2,tau,theta(cost=high),theta(cost=low)
0,0,True,48.5953283479,5,24,113.080925848,293.42412304,0.00929328350404,36.4888170766,380.527019493,535.090364283
