,iteration,success,nllh,k,N,bic,c_0,sc2,tau_unif_rel,theta(cost=high),theta(cost=low)
0,0,True,80.3761182771,5,24,176.642505706,40.1466559333,0.0775587325811,40.3601517269,41.8172639748,91.5614411491
