,iteration,success,nllh,k,N,bic,c_sigma,sc2,tau,theta(cost=high),theta(cost=low)
0,0,True,59.6882057882,5,24,135.266680728,194.904270142,0.0269025184804,2.72336914545,312.99436612,486.789285515
