,iteration,success,nllh,k,N,bic,c_sigma,sc,tau,theta(cost=high),theta(cost=low)
0,0,True,61.1807057264,5,24,138.251680604,23.7162951633,0.39910363403,47.9093268936,10.8946778896,86.0672656483
