,iteration,success,nllh,k,N,bic,c_sigma,sc,tau,theta(cost=high),theta(cost=low)
0,0,True,61.800056075,5,24,139.490381302,8.25619044666,0.521395519335,0.707773270619,13.5120063938,22.3731058151
