,iteration,success,nllh,k,N,bic,c_sigma,sc,tau,theta(cost=high),theta(cost=low)
0,0,True,50.1756282558,5,24,116.241525663,7.32721639596,0.268726142762,0.103217030593,14.0830614512,25.5446668803
