,iteration,success,nllh,k,N,bic,c_sigma,sc2,tau,theta(cost=high),theta(cost=low)
0,0,True,63.2830469615,5,24,142.456363075,177.600669049,0.0208640976877,10.206677365,369.838393802,582.890598134
