,iteration,success,nllh,k,N,bic,c_sigma,sc2,tau,theta(cost=high),theta(cost=low)
0,0,True,69.1205366822,5,24,154.131342516,176.197904752,0.0375790616143,134.996857836,242.676738127,400.72572398
