,iteration,success,nllh,k,N,bic,c_sigma,sc2,tau,theta(cost=high),theta(cost=low)
0,0,True,66.302371394,5,24,148.49501194,112.036004159,0.0456479400653,12.4576208781,176.481836212,518.479998265
