,iteration,success,nllh,k,N,bic,c_sigma,sc,tau,theta(cost=high),theta(cost=low)
0,0,True,63.5429204048,5,24,142.976109961,8.00631300226,0.206035216724,3.19609811849,43.9052001713,45.3774875563
