,iteration,success,nllh,k,N,bic,c_0,tau_unif,theta(cost=high),theta(cost=low)
0,0,True,72.779689041,4,24,158.271593403,30.8017862532,1.51142598014,22.7792269381,103.239962274
