,iteration,success,nllh,k,N,bic,c_sigma,sc,tau,theta(cost=high),theta(cost=low)
0,0,True,78.2606677417,5,24,172.411604635,25.8102304546,0.121835480185,0.128431939222,47.8193775518,217.144949538
