,iteration,success,nllh,k,N,bic,c_sigma,sc2,tau,theta(cost=high),theta(cost=low)
0,0,True,74.8544235033,5,24,165.599116158,165.146105675,0.0413462472628,6.99978095132,440.665568394,504.098251499
