,iteration,success,nllh,k,N,bic,c_sigma,sc2,tau,theta(cost=high),theta(cost=low)
0,0,True,44.716646644,5,24,105.32356244,171.411297014,0.0446052903609,183.88563151,55.0588685838,275.754822471
