,iteration,success,nllh,k,N,bic,c_0,sc2,tau_unif_rel,theta(cost=high),theta(cost=low)
0,0,True,38.8446100624,5,24,93.5794892766,55.8108728911,0.0438472212366,72.2680016552,18.2534795033,32.4530780479
