,iteration,success,nllh,k,N,bic,c_sigma,sc2,tau,theta(cost=high),theta(cost=low)
0,0,True,56.17072679,5,24,128.231722732,202.224628934,0.0186985407666,19.9454601535,266.845389775,635.781174007
