,iteration,success,nllh,k,N,bic,c_sigma,sc,tau,theta(cost=high),theta(cost=low)
0,0,True,51.0320825331,5,24,117.954434218,19.7426590844,0.023823112302,9.39980024077,15.9903095386,58.4410724219
