,iteration,success,nllh,k,N,bic,c_sigma,sc,tau,theta(cost=high),theta(cost=low)
0,0,True,53.319143852,5,24,122.528556856,54.8047600312,0.934702666582,49.1342281259,58.5006653161,50.4518483022
