,iteration,success,nllh,k,N,bic,c_0,tau_unif,theta(cost=high),theta(cost=low)
0,0,True,71.051437612,4,24,154.815090545,87.2111514895,9.93040821702,66.294722175,131.595906906
