,iteration,success,nllh,k,N,bic,c_sigma,sc,tau,theta(cost=high),theta(cost=low)
0,0,True,66.7818173867,5,24,149.453903925,12.9057554134,0.239799648411,1.31521492146,25.5025156256,58.4355258127
