,iteration,success,nllh,k,N,bic,c_sigma,sc,tau,theta(cost=high),theta(cost=low)
0,0,True,63.6620304293,5,24,143.21433001,0.0825536277569,0.197023021316,0.146860766607,29.374158058,80.8894840346
