,iteration,success,nllh,k,N,bic,c_sigma,sc,tau,theta(cost=high),theta(cost=low)
0,0,True,78.7114978501,5,24,173.313264852,20.734563979,0.072013590314,2.0889008089,65.6514780117,132.538354051
