,iteration,success,nllh,k,N,bic,c_sigma,sc,tau,theta(cost=high),theta(cost=low)
0,0,True,89.2293725579,5,24,194.349014268,44.9657821599,0.364750928327,6.15476062307,107.193405211,177.372570676
