,iteration,success,nllh,k,N,bic,c_sigma,sc2,tau,theta(cost=high),theta(cost=low)
0,0,True,71.1181141208,5,24,158.126497393,211.132947893,0.0483286030019,22.7221060821,217.796064933,792.710129313
