,iteration,success,nllh,k,N,bic,c_sigma,sc,tau,theta(cost=high),theta(cost=low)
0,0,True,70.9167038614,5,24,157.723676875,13.5279871288,0.043107673911,1.41133526035,39.8606627332,154.208517307
