,iteration,success,nllh,k,N,bic,c_sigma,sc,tau,theta(cost=high),theta(cost=low)
0,0,True,66.8371810131,5,24,149.564631178,10.0755709952,0.153671660862,1.53834530577,33.4433448134,84.5701200346
