,iteration,success,nllh,k,N,bic,c_0,sc2,tau_unif_rel,theta(cost=high),theta(cost=low)
0,0,True,59.8719580421,5,24,135.634185236,45.7490768538,0.0237517319104,150.080584343,150.223085249,177.836012426
