,iteration,success,nllh,k,N,bic,c_sigma,sc,tau,theta(cost=high),theta(cost=low)
0,0,True,54.9629820981,5,24,125.816233348,7.12938432791,0.124520688088,0.0579999949599,31.1657699293,32.1547942273
