,iteration,success,nllh,k,N,bic,c_sigma,sc,tau,theta(cost=high),theta(cost=low)
0,0,True,73.0084215969,5,24,161.907112346,8.71197268,0.122396432517,0.425523315481,44.1856830036,81.7701245516
