,iteration,success,nllh,k,N,bic,c_sigma,sc2,tau,theta(cost=high),theta(cost=low)
0,0,True,70.7389532049,5,24,157.368175561,246.058645603,0.028599475305,38.8385154424,395.503173962,808.268614494
