,iteration,success,nllh,k,N,bic,c_sigma,sc2,tau,theta(cost=high),theta(cost=low)
0,0,True,42.6053032527,5,24,101.100875657,264.385714394,2.83556499817,139.229305421,207.175437788,121.346496525
