,iteration,success,nllh,k,N,bic,c_0,sc2,tau_unif_rel,theta(cost=high),theta(cost=low)
0,0,True,74.5680220056,5,24,165.026313163,52.8095447328,0.0827845252344,7.76504464225,28.2020354281,139.314637155
