,iteration,success,nllh,k,N,bic,c_sigma,sc2,tau,theta(cost=high),theta(cost=low)
0,0,True,63.4292657962,5,24,142.748800744,126.850356607,0.0466916201305,9.02684131342,143.340659043,501.476264634
