,iteration,success,nllh,k,N,bic,c_sigma,sc2,tau,theta(cost=high),theta(cost=low)
0,0,True,55.9474941438,5,24,127.785257439,163.665910068,0.0276695135863,3.27087035904,238.212545586,333.655739897
