,iteration,success,nllh,k,N,bic,c_0,sc2,tau_unif_rel,theta(cost=high),theta(cost=low)
0,0,True,20.5867148157,5,24,57.0636987831,8.38529719477,0.0281569027486,199.226723209,0.463567082591,35.7566197809
