,iteration,success,nllh,k,N,bic,c_sigma,sc2,tau,theta(cost=high),theta(cost=low)
0,0,True,55.97324587,5,24,127.836760892,187.043943534,0.0260308261406,2.56947841815,244.118341397,337.295425888
