,iteration,success,nllh,k,N,bic,c_sigma,sc,tau,theta(cost=high),theta(cost=low)
0,0,True,63.1469144697,5,24,142.184098091,13.4059671896,0.12516137225,0.717428788301,23.9583018127,39.322142111
