,iteration,success,nllh,k,N,bic,c_sigma,sc,tau_unif,theta(cost=high),theta(cost=low)
0,0,True,28.5831643312,5,24,73.0565978141,48.3671902778,0.132633649762,237.369428223,22.2840233514,30.4446728382
