,iteration,success,nllh,k,N,bic,c_sigma,sc2,tau,theta(cost=high),theta(cost=low)
0,0,True,41.2536950896,5,24,98.3976593309,483.607651931,2.21146800844,15.1114496807,247.231599472,219.616479649
