,iteration,success,nllh,k,N,bic,c_sigma,sc,tau_unif,theta(cost=high),theta(cost=low)
0,0,True,73.3628445212,5,24,162.615958194,21.9221927787,0.25606292395,6.80987244075,56.9122764094,56.2008471552
