,iteration,success,nllh,k,N,bic,c_sigma,sc,tau,theta(cost=high),theta(cost=low)
0,0,True,46.9889275664,5,24,109.868124285,4.11246752631,0.148564628494,0.396817735536,19.7655383348,47.0793383893
