,iteration,success,nllh,k,N,bic,c_0,sc2,tau_unif_rel,theta(cost=high),theta(cost=low)
0,0,True,69.7954726481,5,24,155.481214448,52.6761560029,0.0418573671159,142.429453741,106.964996496,175.962617942
