,iteration,success,nllh,k,N,bic,c,r,tau,theta(cost=high),theta(cost=low)
0,0,True,61.1815915004,5,24,138.253452153,44.003738828,0.0545082998122,0.120931276524,27.3656650511,134.134652536
