,iteration,success,nllh,k,N,bic,c_sigma,sc,tau,theta(cost=high),theta(cost=low)
0,0,True,61.0005867306,5,24,137.891442613,8.19997230249,0.0636702781921,0.472887819818,34.9300474281,57.5854969248
