,iteration,success,nllh,k,N,bic,c_0,sc,tau_unif_rel,theta(cost=high),theta(cost=low)
0,0,True,71.8848420718,5,24,159.659953295,46.0356711686,0.426421705291,0.624185608067,18.9658538889,52.723379212
