,iteration,success,nllh,k,N,bic,c_sigma,sc,tau,theta(cost=high),theta(cost=low)
0,0,True,74.3401471116,5,24,164.570563375,7.16437215728,0.435079655254,0.621318366075,28.7222663467,58.0851510507
