,iteration,success,nllh,k,N,bic,c_0,sc,tau_unif_rel,theta(cost=high),theta(cost=low)
0,0,True,52.2934457813,5,24,120.477160714,42.3464229721,0.225003425258,15.7382196592,9.13627119648,32.9031434513
