,iteration,success,nllh,k,N,bic,c_sigma,sc,tau,theta(cost=high),theta(cost=low)
0,0,True,70.3399677439,5,24,156.57020464,58.1254222383,0.0368195444135,9.7822997554,88.5661550846,140.16192665
