,iteration,success,nllh,k,N,bic,c_sigma,sc,tau,theta(cost=high),theta(cost=low)
0,0,True,63.5672318005,5,24,143.024732753,10.2245074958,0.053302508606,5.03522828129,43.0779376029,64.2022841133
