,iteration,success,nllh,k,N,bic,c_sigma,sc,tau,theta(cost=high),theta(cost=low)
0,0,True,51.2981742588,5,24,118.486617669,35.857580433,0.261153884404,0.108592670796,36.6332009476,28.8043362618
