,iteration,success,nllh,k,N,bic,c_sigma,sc,tau,theta(cost=high),theta(cost=low)
0,0,True,61.6624312887,5,24,139.215131729,1.54107969559,0.0253961214525,0.259923902323,25.1120169565,144.647102331
