,iteration,success,nllh,k,N,bic,c_sigma,sc2,tau,theta(cost=high),theta(cost=low)
0,0,True,55.8883162525,5,24,127.666901657,160.787886698,0.0564148601218,46.6831257836,1.24083981462,860.266987145
