,iteration,success,nllh,k,N,bic,sc,tau_unif_rel,theta(cost=high),theta(cost=low)
0,0,True,71.860901276,4,24,156.434017873,0.356451596669,1.04920010435,22.8624907148,65.278789165
