,iteration,success,nllh,k,N,bic,c_sigma,sc2,tau,theta(cost=high),theta(cost=low)
0,0,True,80.232338037,5,24,176.354945226,111.501362541,0.0677117106431,7.09554354607,168.754475405,682.579817926
