,iteration,success,nllh,k,N,bic,c,r,tau,theta(cost=high),theta(cost=low)
0,0,True,64.4655880383,5,24,144.821445228,28.8494424037,0.068910053121,53.9944942027,23.51741424,282.289195495
