,iteration,success,nllh,k,N,bic,c_sigma,sc2,tau,theta(cost=high),theta(cost=low)
0,0,True,64.2691647594,5,24,144.428598671,100.877820521,0.0753371875305,111.334448611,69.886228041,459.352365144
