,iteration,success,nllh,k,N,bic,c_sigma,sc,tau,theta(cost=high),theta(cost=low)
0,0,True,53.4288554984,5,24,122.747980149,270.784410132,0.225287333273,188.817229751,229.037382805,229.578666676
