,iteration,success,nllh,k,N,bic,c_sigma,sc,tau_unif,theta(cost=high),theta(cost=low)
0,0,True,60.0113760066,5,24,135.913021165,4.82451124873,0.315321309918,5.67583397276,21.4035060904,30.1705783363
