,iteration,success,nllh,k,N,bic,c_sigma,sc,tau,theta(cost=high),theta(cost=low)
0,0,True,54.7030092718,5,24,125.296287695,7.07991635051,0.139893760532,1.77444024876,32.3727280516,37.3274800434
