,iteration,success,nllh,k,N,bic,c_0,tau_unif,theta(cost=high),theta(cost=low)
0,0,True,73.0625269547,4,24,158.837269231,6.09691446216,36.5197219925,55.4184350449,62.0550665534
