,iteration,success,nllh,k,N,bic,c_sigma,sc,tau,theta(cost=high),theta(cost=low)
0,0,True,72.9816180291,5,24,161.85350521,10.2768904542,0.0974447002052,0.00279765429025,40.0855859084,85.8495816709
