,iteration,success,nllh,k,N,bic,c_sigma,sc2,tau,theta(cost=high),theta(cost=low)
0,0,True,63.3736864112,5,24,142.637641974,131.547127443,0.0514987631672,107.21597698,108.476835952,552.365819308
