,iteration,success,nllh,k,N,bic,c_0,tau_unif,theta(cost=high),theta(cost=low)
0,0,True,50.236745848,4,24,113.185707017,98.3997048721,0.0301336053403,81.7004468216,77.911474176
