,iteration,success,nllh,k,N,bic,c_0,sc2,tau_unif_rel,theta(cost=high),theta(cost=low)
0,0,True,38.8275728162,5,24,93.5454147842,56.4308259643,0.045497559921,104.181308005,24.5337911209,45.0035971952
