,iteration,success,nllh,k,N,bic,c_sigma,sc,tau,theta(cost=high),theta(cost=low)
0,0,True,53.5901183766,5,24,123.070505905,9.14076669686,0.293394796617,0.0389664461195,15.3898238539,14.5220109172
