,iteration,success,nllh,k,N,bic,c_sigma,sc,tau,theta(cost=high),theta(cost=low)
0,0,True,54.7911523944,5,24,125.472573941,21.7429083167,0.0197234762297,2.42316750744,38.1411360618,34.1149136595
