,iteration,success,nllh,k,N,bic,c_sigma,sc,tau,theta(cost=high),theta(cost=low)
0,0,True,78.4552724958,5,24,172.800814143,27.4189672758,0.0730953017203,7.34516020437,48.4485944107,197.646110381
