,iteration,success,nllh,k,N,bic,c_sigma,sc,tau,theta(cost=high),theta(cost=low)
0,0,True,77.3150077716,5,24,170.520284695,2.92025263892,0.0386365109312,15.6793340562,34.0553420338,134.553895456
