,iteration,success,nllh,k,N,bic,c_sigma,sc,tau,theta(cost=high),theta(cost=low)
0,0,True,62.4486770631,5,24,140.787623278,64.6504368311,0.362784403588,4.44338296101,75.629762616,97.6465496798
