,iteration,success,nllh,k,N,bic,c_sigma,sc2,tau,theta(cost=high),theta(cost=low)
0,0,True,72.2903956756,5,24,160.471060503,72.4947459131,0.169606750532,14.7215242191,109.406269369,182.71884058
