,iteration,success,nllh,k,N,bic,c_0,sc,tau_unif_rel,theta(cost=high),theta(cost=low)
0,0,True,58.2647412286,5,24,132.419751609,48.3271316775,0.260239450997,1.87486683395,14.4951618415,83.0139702467
