,iteration,success,nllh,k,N,bic,c_0,sc2,tau_unif_rel,theta(cost=high),theta(cost=low)
0,0,True,61.6227403378,5,24,139.135749827,44.3149565874,0.0554159286589,16.0188079448,37.3392355192,125.792422417
