,iteration,success,nllh,k,N,bic,c_sigma,sc,tau_unif,theta(cost=high),theta(cost=low)
0,0,True,48.3539587337,5,24,112.598186619,80.8750453601,0.525367983148,217.733167377,134.334174675,41.1851423809
