,iteration,success,nllh,k,N,bic,c_sigma,sc2,tau,theta(cost=high),theta(cost=low)
0,0,True,82.4158228409,5,24,180.721914834,127.843653632,0.0635366430717,3.80967584751,326.587734499,537.264681727
