,iteration,success,nllh,k,N,bic,c_sigma,sc,tau,theta(cost=high),theta(cost=low)
0,0,True,69.7096094485,5,24,155.309488049,37.7595055762,0.0323090348926,5.4624701643,39.3863832057,160.69729717
