,iteration,success,nllh,k,N,bic,c_sigma,sc,tau,theta(cost=high),theta(cost=low)
0,0,True,64.7207362547,5,24,145.331741661,41.767488338,0.0951419015411,24.7416036803,39.441270571,134.770930659
