,iteration,success,nllh,k,N,bic,c_sigma,sc,tau,theta(cost=high),theta(cost=low)
0,0,True,60.0927694738,5,24,136.075808099,6.94482343656,0.275337110032,0.096943229099,23.9478432534,34.3833455878
