,iteration,success,nllh,k,N,bic,c_sigma,sc2,tau,theta(cost=high),theta(cost=low)
0,0,True,70.5000826933,5,24,156.890434538,137.7575495,0.0462050027679,8.65250100433,257.498894543,577.709370298
