,iteration,success,nllh,k,N,bic,c_sigma,sc,tau,theta(cost=high),theta(cost=low)
0,0,True,41.732930828,5,24,99.3561308076,89.9421540191,0.283905423437,8.82677686934,26.8880165858,18.0705453368
