,iteration,success,nllh,k,N,bic,c_sigma,sc2,tau,theta(cost=high),theta(cost=low)
0,0,True,88.0526672338,5,24,191.995603619,148.167357798,0.0603232026232,26.4283564619,469.114997618,738.938446882
