,iteration,success,nllh,k,N,bic,c_sigma,sc,tau,theta(cost=high),theta(cost=low)
0,0,True,71.4580742587,5,24,158.806417669,167.805903731,0.00640943247387,0.00133554282709,247.145227894,400.27919731
