,iteration,success,nllh,k,N,bic,c_sigma,sc,tau,theta(cost=high),theta(cost=low)
0,0,True,50.5147159607,5,24,116.919701073,14.1313394055,0.301195014161,4.50142548445,0.110092254357,63.6096519289
