,iteration,success,nllh,k,N,bic,c_sigma,sc2,tau,theta(cost=high),theta(cost=low)
0,0,True,51.0679291462,5,24,118.026127444,204.687474461,0.021245668543,19.1639766908,276.096167635,327.594485522
