,iteration,success,nllh,k,N,bic,c_sigma,sc2,tau,theta(cost=high),theta(cost=low)
0,0,True,65.2950945272,5,24,146.480458206,149.958928804,0.0349482559839,12.4687622411,172.595355807,568.591599096
