,iteration,success,nllh,k,N,bic,c_sigma,sc,tau,theta(cost=high),theta(cost=low)
0,0,True,66.7511958297,5,24,149.392660811,20.418730336,0.189967538047,11.9275920751,14.9430586071,96.3029451906
