,iteration,success,nllh,k,N,bic,c_sigma,sc,tau_unif,theta(cost=high),theta(cost=low)
0,0,True,54.96172418,5,24,125.813717512,9.56555009334,0.141525093403,0.260449923229,22.6771004834,29.6093125134
