,iteration,success,nllh,k,N,bic,c_sigma,tau_unif,theta(cost=high),theta(cost=low)
0,0,True,28.5598266307,4,24,69.8318685828,37.3526797691,178.298279749,18.6999779576,24.9620578241
