,iteration,success,nllh,k,N,bic,c_0,sc2,tau_unif_rel,theta(cost=high),theta(cost=low)
0,0,True,68.6539579845,5,24,153.198185121,46.0017550886,0.0733873683317,55.0015014614,44.4704519254,152.269355722
