,iteration,success,nllh,k,N,bic,c_sigma,sc2,tau,theta(cost=high),theta(cost=low)
0,0,True,50.8952024948,5,24,117.680674141,232.290751819,0.0213991380186,0.678795137454,292.480684639,331.570415605
