,iteration,success,nllh,k,N,bic,c_0,sc2,tau_unif_rel,theta(cost=high),theta(cost=low)
0,0,True,71.3602822559,5,24,158.610833664,48.9312590138,0.0777820103202,16.5288639382,82.1632386054,89.906289007
