,iteration,success,nllh,k,N,bic,c_sigma,sc2,tau,theta(cost=high),theta(cost=low)
0,0,True,61.5887706819,5,24,139.067810516,180.930329034,0.0323078696939,11.7181788637,159.863446737,818.173438101
