,iteration,success,nllh,k,N,bic,c_sigma,sc2,tau,theta(cost=high),theta(cost=low)
0,0,True,62.8377955879,5,24,141.565860328,115.158196127,0.0471364485694,0.743691494073,178.193994879,283.287697643
