,iteration,success,nllh,k,N,bic,c_0,tau_unif,theta(cost=high),theta(cost=low)
0,0,True,59.3245211675,4,24,131.361257656,20.269724151,14.6280244383,0.998516437846,137.293117958
