,iteration,success,nllh,k,N,bic,c_0,tau_unif,theta(cost=high),theta(cost=low)
0,0,True,21.1464130701,4,24,55.0050414615,54.6560126793,471.629258494,1.95221193991,41.7428227088
