,iteration,success,nllh,k,N,bic,c_sigma,sc,tau,theta(cost=high),theta(cost=low)
0,0,True,62.0030145224,5,24,139.896298197,13.6562471101,0.055519092932,0.0621362054541,11.9285103418,86.8354095301
