,iteration,success,nllh,k,N,bic,c_sigma,sc,tau,theta(cost=high),theta(cost=low)
0,0,True,73.5736424692,5,24,163.03755409,207.392708831,0.0276780021394,0.0423376370013,276.517201262,573.423993483
