,iteration,success,nllh,k,N,bic,c_0,sc,tau_unif,theta(cost=high),theta(cost=low)
0,0,True,51.0845769608,5,24,118.059423073,49.5553435451,0.034210536084,13.4285703607,21.6972226497,59.5919491567
