,iteration,success,nllh,k,N,bic,c_sigma,sc2,tau,theta(cost=high),theta(cost=low)
0,0,True,25.7713772325,5,24,67.4330236168,280.025856924,1.66835950029,112.27604092,24.2544108764,60.2496571568
