,iteration,success,nllh,k,N,bic,c_sigma,sc,tau_unif,theta(cost=high),theta(cost=low)
0,0,True,48.2974866845,5,24,112.485242521,146.370049739,0.0887294090204,62.6858177188,100.998664364,94.1875275031
