,iteration,success,nllh,k,N,bic,c_sigma,sc,tau,theta(cost=high),theta(cost=low)
0,0,True,66.4954565011,5,24,148.881182154,32.1996390344,0.0483611263939,6.74338606969,25.4129812902,123.717146842
