,iteration,success,nllh,k,N,bic,c_sigma,sc2,tau,theta(cost=high),theta(cost=low)
0,0,True,80.5474509453,5,24,176.985171042,88.3587081186,0.196389780751,26.7032208743,94.1393443473,293.804518986
