,iteration,success,nllh,k,N,bic,c_sigma,sc2,tau,theta(cost=high),theta(cost=low)
0,0,True,66.4091089895,5,24,148.708487131,105.151898116,0.049017537115,7.16388347404,147.590184757,499.829020892
