,iteration,success,nllh,k,N,bic,c_0,sc,tau_unif,theta(cost=high),theta(cost=low)
0,0,True,59.5703764896,5,24,135.031022131,39.2321179054,0.446052796318,21.7215722592,14.1118370475,25.5306043104
