,iteration,success,nllh,k,N,bic,c_sigma,sc2,tau,theta(cost=high),theta(cost=low)
0,0,True,71.7781711977,5,24,159.446611547,101.966052434,0.0590162086148,6.06636750531,234.19808592,340.999901146
