,iteration,success,nllh,k,N,bic,c_sigma,sc,tau,theta(cost=high),theta(cost=low)
0,0,True,25.70807424,5,24,67.3064176317,144.691608319,0.0423084339312,20.6008756366,10.6802501239,29.9477093203
