,iteration,success,nllh,k,N,bic,c_sigma,sc,tau,theta(cost=high),theta(cost=low)
0,0,True,50.0241779981,5,24,115.938625148,234.776304961,0.5336611806,67.2492935985,98.305550847,240.010266238
