,iteration,success,nllh,k,N,bic,c_sigma,sc2,tau,theta(cost=high),theta(cost=low)
0,0,True,40.9913402701,5,24,97.8729496919,238.279828129,0.0264381885091,81.3751027236,40.9162050197,252.237569417
