,iteration,success,nllh,k,N,bic,c_sigma,sc,tau,theta(cost=high),theta(cost=low)
0,0,True,83.9760677586,5,24,183.842404669,47.5306279298,0.0779218128879,4.45415547169,120.968020362,190.706391018
