,iteration,success,nllh,k,N,bic,c_0,tau_unif,theta(cost=high),theta(cost=low)
0,0,True,57.0155702523,4,24,126.743355826,39.9076432392,29.0887869974,6.1268479167,110.164877969
