,iteration,success,nllh,k,N,bic,c_sigma,sc2,tau,theta(cost=high),theta(cost=low)
0,0,True,44.8353889723,5,24,105.561047096,194.302777536,0.0479303541936,138.59263744,38.4670043945,274.255090478
