,iteration,success,nllh,k,N,bic,c_0,sc,tau_rel,theta(cost=high),theta(cost=low)
0,0,True,47.8647797616,5,24,111.619828675,47.6055878144,0.53195133538,20.6928011429,9.59008154674,7.57267959813
