,iteration,success,nllh,k,N,bic,c_sigma,sc2,tau,theta(cost=high),theta(cost=low)
0,0,True,74.8615819962,5,24,165.613433144,145.833712129,0.0827235740921,6.55120228086,225.048395349,506.621995169
