,iteration,success,nllh,k,N,bic,c_sigma,sc2,tau,theta(cost=high),theta(cost=low)
0,0,True,40.922970164,5,24,97.7362094797,159.774267488,0.0567945399961,151.611656921,39.9924312027,181.451747265
