,iteration,success,nllh,k,N,bic,c_sigma,sc,tau,theta(cost=high),theta(cost=low)
0,0,True,66.8177910116,5,24,149.525851175,11.1900086148,0.144923474356,0.408492524397,23.870053351,60.2085975982
