,iteration,success,nllh,k,N,bic,c_sigma,sc,tau,theta(cost=high),theta(cost=low)
0,0,True,72.222953481,5,24,160.336176114,19.9807281162,0.190392861875,0.27922704586,42.9580603197,111.9589922
