,iteration,success,nllh,k,N,bic,c_sigma,sc,tau,theta(cost=high),theta(cost=low)
0,0,True,77.0616309497,5,24,170.013531051,297.114892286,0.367660340624,0.0643171047108,579.221883215,599.078564165
