,iteration,success,nllh,k,N,bic,c_sigma,sc2,tau,theta(cost=high),theta(cost=low)
0,0,True,48.1187302638,5,24,112.127729679,117.088931077,0.0679497267092,187.073107007,190.966257257,48.5083839858
