,iteration,success,nllh,k,N,bic,c_0,tau_unif,theta(cost=high),theta(cost=low)
0,0,True,77.4465913997,4,24,167.605398121,1.60020456748,3.21189261185,92.2987809659,233.699268225
