,iteration,success,nllh,k,N,bic,c_sigma,sc2,tau,theta(cost=high),theta(cost=low)
0,0,True,49.4950422906,5,24,114.880353733,264.243932735,0.0279322840552,8.78037016458,239.917267761,240.876384471
