,iteration,success,nllh,k,N,bic,c_sigma,sc,tau,theta(cost=high),theta(cost=low)
0,0,True,37.7966908457,5,24,91.4836508431,15.3227898835,0.0133385010082,81.7297546766,9.38986429933,56.3569539238
