,iteration,success,nllh,k,N,bic,c_sigma,sc,tau,theta(cost=high),theta(cost=low)
0,0,True,63.6348280988,5,24,143.159925349,9.20993748768,0.00019355421798,1.60089581507,29.1803150855,138.549801435
