,iteration,success,nllh,k,N,bic,c_sigma,sc,tau,theta(cost=high),theta(cost=low)
0,0,True,60.2313679823,5,24,136.353005116,11.9852529784,0.0129644293382,13.3458879695,12.6100641987,109.691887763
