,iteration,success,nllh,k,N,bic,c_sigma,sc2,tau,theta(cost=high),theta(cost=low)
0,0,True,56.9945233979,5,24,129.879315948,184.708199829,0.182871271612,4.39697412464,114.631358736,247.62907286
