,iteration,success,nllh,k,N,bic,c_sigma,sc,tau,theta(cost=high),theta(cost=low)
0,0,True,75.4468877271,5,24,166.784044606,35.6095298497,0.70057371969,0.244730935587,59.8810421446,110.915252232
