,iteration,success,nllh,k,N,bic,c_sigma,sc2,tau,theta(cost=high),theta(cost=low)
0,0,True,50.9373769567,5,24,117.765023065,231.684879503,0.0201865697903,17.4607342208,314.500220255,349.999434951
