,iteration,success,nllh,k,N,bic,c_0,sc,tau_unif_rel,theta(cost=high),theta(cost=low)
0,0,True,48.0391367599,5,24,111.968542672,99.074879634,0.133016604809,2.01537724341,64.2116815633,66.7638255861
