,iteration,success,nllh,k,N,bic,c_0,sc,tau_unif_rel,theta(cost=high),theta(cost=low)
0,0,True,61.7434804547,5,24,139.377230061,51.751028728,0.398717232007,0.311298708382,24.2187141558,27.0951905825
