,iteration,success,nllh,k,N,bic,sc,tau_unif_rel,theta(cost=high),theta(cost=low)
0,0,True,63.6267137212,4,24,139.965642764,0.0764306359778,30.5671191818,7.24265581845,80.8440704922
