,iteration,success,nllh,k,N,bic,c_sigma,sc2,tau,theta(cost=high),theta(cost=low)
0,0,True,62.2318347837,5,24,140.353938719,123.935019894,0.0358085928754,6.27442012055,186.298445387,391.618877608
