,iteration,success,nllh,k,N,bic,c_sigma,sc2,tau,theta(cost=high),theta(cost=low)
0,0,True,81.8229112566,5,24,179.536091665,71.5447164992,0.0956301155659,5.72935315237,133.977828969,333.27264426
