,iteration,success,nllh,k,N,bic,c_sigma,sc2,tau,theta(cost=high),theta(cost=low)
0,0,True,72.301914105,5,24,160.494097362,125.332855852,0.123060034158,31.9253664203,207.537242996,253.305756655
