,iteration,success,nllh,k,N,bic,c_0,tau_unif,theta(cost=high),theta(cost=low)
0,0,True,59.1384473785,4,24,130.989110078,32.7239159992,0.817464176518,25.5574497711,87.7472937607
