,iteration,success,nllh,k,N,bic,c_sigma,sc2,tau,theta(cost=high),theta(cost=low)
0,0,True,59.3617721867,5,24,134.613813525,130.796457312,0.050417580592,2.58912194809,111.412347316,324.216830021
