,iteration,success,nllh,k,N,bic,c_sigma,sc2,tau,theta(cost=high),theta(cost=low)
0,0,True,70.3860470004,5,24,156.662363152,142.102299866,0.0528638384477,9.35935260845,207.442366304,450.495440552
