,iteration,success,nllh,k,N,bic,c_sigma,sc2,tau,theta(cost=high),theta(cost=low)
0,0,True,55.0716083413,5,24,126.033485834,251.821079705,0.0216686187773,14.7878640246,177.937493094,563.940854329
