,iteration,success,nllh,k,N,bic,c_sigma,sc2,tau,theta(cost=high),theta(cost=low)
0,0,True,49.5906552931,5,24,115.071579738,210.216536014,0.0417846381373,2.031619215,102.761416597,302.89236746
