,iteration,success,nllh,k,N,bic,c_sigma,sc2,tau,theta(cost=high),theta(cost=low)
0,0,True,72.609812756,5,24,161.109894664,249.904394907,0.0285137694199,33.101249333,663.72482388,560.364998526
