,iteration,success,nllh,k,N,bic,c_sigma,sc,tau,theta(cost=high),theta(cost=low)
0,0,True,67.0702848134,5,24,150.030838779,213.165204247,0.015566814333,6.88043028169,351.83448555,360.474650235
