,iteration,success,nllh,k,N,bic,c_sigma,sc2_mean,tau_normal_trunc,theta(cost=high),theta(cost=low)
0,0,True,25.7804140305,5,24,67.4510972128,75.4560541469,4.42727763825,44.7159262326,8.62148724493,16.0366848173
