,iteration,success,nllh,k,N,bic,c_sigma,sc,tau,theta(cost=high),theta(cost=low)
0,0,True,35.3326311312,5,24,86.5555314142,19.6480402031,0.339894993471,13.198988053,10.2264117423,13.4268985795
