,iteration,success,nllh,k,N,bic,c_sigma,sc,tau,theta(cost=high),theta(cost=low)
0,0,True,88.1322606903,5,24,192.154790532,118.523543874,0.600162190268,0.0424962486917,231.087267992,484.93825531
