,iteration,success,nllh,k,N,bic,c_sigma,sc,tau,theta(cost=high),theta(cost=low)
0,0,True,55.4860961286,5,24,126.862461409,5.23934189381,0.113507828573,0.000603876835092,12.8064716292,92.3962629114
