,iteration,success,nllh,k,N,bic,c_sigma,sc2,tau,theta(cost=high),theta(cost=low)
0,0,True,70.6613138105,5,24,157.212896773,94.1084751928,0.0543096930944,0.513181633603,212.253317343,332.174600204
