,iteration,success,nllh,k,N,bic,c_0,tau_unif,theta(cost=high),theta(cost=low)
0,0,True,66.816989975,4,24,146.346195271,56.4668582505,3.70024294574,38.812963844,135.781751076
