,iteration,success,nllh,k,N,bic,c_sigma,sc,tau,theta(cost=high),theta(cost=low)
0,0,True,62.525233554,5,24,140.94073626,11.3085885927,0.150497963635,11.8553968432,13.6776424919,53.429292298
