,iteration,success,nllh,k,N,bic,c_sigma,sc2,tau,theta(cost=high),theta(cost=low)
0,0,True,56.0714876869,5,24,128.033244525,111.88824242,0.0345483438585,5.36285029681,169.50868473,360.242840995
