,iteration,success,nllh,k,N,bic,c_sigma,sc2,tau,theta(cost=high),theta(cost=low)
0,0,True,72.5292067971,5,24,160.948682746,149.137368286,0.0511019938547,5.90196361113,369.768115853,365.213367235
