,iteration,success,nllh,k,N,bic,c_sigma,sc2,tau,theta(cost=high),theta(cost=low)
0,0,True,53.3560796462,5,24,122.602428444,253.336431083,2.05986323438,188.552073227,239.640128946,229.984641524
