,iteration,success,nllh,k,N,bic,c,tau_unif,theta(cost=high),theta(cost=low)
0,0,True,95.9545687173,4,24,204.621352756,37.1793449962,23.8531147646,46.7553077424,49.4886672708
