,iteration,success,nllh,k,N,bic,c_0,sc,tau_unif_rel,theta(cost=high),theta(cost=low)
0,0,True,61.4669998005,5,24,138.824268753,49.1772363072,0.442864049151,0.724864313024,3.14141787023,6.69745868468
