,iteration,success,nllh,k,N,bic,c_sigma,sc,tau,theta(cost=high),theta(cost=low)
0,0,True,46.6932519819,5,24,109.276773115,4.1364265301,0.38065544816,0.4880092341,10.5096629001,12.7385298625
