,iteration,success,nllh,k,N,bic,c_sigma,sc2,tau,theta(cost=high),theta(cost=low)
0,0,True,48.3593349369,5,24,112.608939026,120.262897566,0.0203720720879,4.80995078457,169.872277312,208.889671348
