,iteration,success,nllh,k,N,bic,c_sigma,sc,tau_unif,theta(cost=high),theta(cost=low)
0,0,True,69.0027461095,5,24,153.895761371,13.4514147401,0.0830321827358,2.84221295224,48.4893155797,77.3778277836
