,iteration,success,nllh,k,N,bic,c_sigma,sc,tau,theta(cost=high),theta(cost=low)
0,0,True,62.8990442953,5,24,141.688357742,13.5221574903,0.131930899552,0.404303955176,29.5324560136,44.0190409997
