,iteration,success,nllh,k,N,bic,c_sigma,sc,tau,theta(cost=high),theta(cost=low)
0,0,True,71.5063004304,5,24,158.902870013,12.6804655297,0.237388722093,2.07187317365,46.4139234506,58.5416142079
