,iteration,success,nllh,k,N,bic,c_sigma,sc2,tau,theta(cost=high),theta(cost=low)
0,0,True,63.1610585713,5,24,142.212386294,87.6730787607,0.0463463394352,2.78565297038,180.540370758,274.89420268
