,iteration,success,nllh,k,N,bic,c_sigma,sc,tau,theta(cost=high),theta(cost=low)
0,0,True,51.0656272171,5,24,118.021523586,27.2942046919,0.682732185838,0.0404366736257,14.3858971292,38.8306061894
