,iteration,success,nllh,k,N,bic,c_sigma,sc2,tau,theta(cost=high),theta(cost=low)
0,0,True,70.4962363644,5,24,156.88274188,58.3596249895,0.118846136324,5.50217754613,91.9238250109,249.10494746
