,iteration,success,nllh,k,N,bic,c_sigma,sc2,tau,theta(cost=high),theta(cost=low)
0,0,True,74.9122442887,5,24,165.714757729,274.721712695,0.0572490582173,44.0755686856,333.36568675,859.755875923
