,iteration,success,nllh,k,N,bic,c_sigma,sc2,tau,theta(cost=high),theta(cost=low)
0,0,True,91.0160970899,5,24,197.922463332,75.5075714127,0.352189857129,26.1056172221,206.054838106,275.723441395
