,iteration,success,nllh,k,N,bic,c_sigma,sc,tau,theta(cost=high),theta(cost=low)
0,0,True,57.7667397429,5,24,131.423748638,32.3478710649,0.0360099199848,4.23075514992,14.1233200165,97.9519067602
