,iteration,success,nllh,k,N,bic,c_sigma,sc,tau_trunc,theta(cost=high),theta(cost=low)
0,0,True,67.6624702406,5,24,151.215209633,39.9505811923,0.00923111469,2.32627811565,57.6351884563,97.184747636
