,iteration,success,nllh,k,N,bic,c_sigma,sc,tau,theta(cost=high),theta(cost=low)
0,0,True,50.7177720675,5,24,117.325813287,12.7814472546,0.0162258231509,10.7534558827,13.0522231978,47.6441113027
