,iteration,success,nllh,k,N,bic,c_sigma,sc,tau,theta(cost=high),theta(cost=low)
0,0,True,93.3151351267,5,24,202.520539405,19.513494607,0.178854785011,0.191205491112,146.413633628,204.496832097
