,iteration,success,nllh,k,N,bic,c_sigma,sc,tau,theta(cost=high),theta(cost=low)
0,0,True,79.6881044044,5,24,175.266477961,33.7375141671,0.257709656133,55.940938811,51.8575927944,209.834840498
