,iteration,success,nllh,k,N,bic,c,tau_unif,theta(cost=high),theta(cost=low)
0,0,True,78.769334063,4,24,170.250883447,47.34242303,14.6953366757,17.6576930765,49.2762326921
