,iteration,success,nllh,k,N,bic,c_0,sc,tau_unif_rel,theta(cost=high),theta(cost=low)
0,0,True,41.0093600705,5,24,97.9089892928,8.10873755755,0.047769991363,38.0950367345,25.7901345583,19.716254805
