,iteration,success,nllh,k,N,bic,c_sigma,sc2,tau,theta(cost=high),theta(cost=low)
0,0,True,66.1826342276,5,24,148.255537607,191.058836473,0.0247680151909,20.8570560812,516.403685274,584.003923098
