,iteration,success,nllh,k,N,bic,c_sigma,sc2,tau,theta(cost=high),theta(cost=low)
0,0,True,78.2500184225,5,24,172.390305997,47.6459070781,0.167919431678,6.63446133205,85.6629128141,219.326240302
