,iteration,success,nllh,k,N,bic,c_sigma,sc2,tau,theta(cost=high),theta(cost=low)
0,0,True,88.4357465862,5,24,192.761762324,97.8377454156,0.0914781724383,1.34517066327,260.991189593,584.389116858
