,iteration,success,nllh,k,N,bic,c_sigma,sc2,tau,theta(cost=high),theta(cost=low)
0,0,True,73.6694388791,5,24,163.22914691,50.0070359201,0.155423937844,0.0283697204952,65.9050640936,223.643340188
