,iteration,success,nllh,k,N,bic,c_sigma,sc2,tau_trunc,theta(cost=high),theta(cost=low)
0,0,True,59.4112520942,5,24,134.71277334,117.232619418,0.0369012847866,3.48848609526,94.6259942703,286.169376763
