,iteration,success,nllh,k,N,bic,c_sigma,sc,tau,theta(cost=high),theta(cost=low)
0,0,True,54.4796061114,5,24,124.849481374,20.2908388694,0.245515053784,0.0702946804546,0.255896080287,126.296147444
