,iteration,success,nllh,k,N,bic,c,r,tau,theta(cost=high),theta(cost=low)
0,0,True,76.1611476487,5,24,168.212564449,10.2950067103,0.022994700216,0.36962671874,64.4260861672,137.175424173
