,iteration,success,nllh,k,N,bic,c_sigma,sc,tau,theta(cost=high),theta(cost=low)
0,0,True,77.7767364289,5,24,171.44374201,23.7202679053,0.131492724472,3.09743234296,58.0683299652,117.538584522
