,iteration,success,nllh,k,N,bic,c_0,sc2,tau_unif_rel,theta(cost=high),theta(cost=low)
0,0,True,66.2352475849,5,24,148.360764322,59.5251713681,0.175706811915,113.895030165,20.7980798651,114.117341735
