,iteration,success,nllh,k,N,bic,c_0,sc2,tau_unif_rel,theta(cost=high),theta(cost=low)
0,0,True,61.5586682128,5,24,139.007605577,47.2600070529,0.138903998329,95.1984371737,15.811349893,128.86721321
