,iteration,success,nllh,k,N,bic,c_sigma,sc2,tau,theta(cost=high),theta(cost=low)
0,0,True,61.4694386274,5,24,138.829146406,92.5342641612,0.0650679251467,1.3458275756,90.2490650835,427.082374934
