,iteration,success,nllh,k,N,bic,c_sigma,sc2,tau,theta(cost=high),theta(cost=low)
0,0,True,89.5562922494,5,24,195.00285365,127.103010738,0.138686192406,29.1148252819,307.031735855,549.963265811
