,iteration,success,nllh,k,N,bic,c_sigma,sc2,tau,theta(cost=high),theta(cost=low)
0,0,True,72.4395479555,5,24,160.769365063,64.8672254177,0.113691108151,11.4840706747,163.576301613,161.652135371
