,iteration,success,nllh,k,N,bic,c_sigma,sc2,tau,theta(cost=high),theta(cost=low)
0,0,True,51.4273820823,5,24,118.745033316,119.030290445,0.0517837168875,7.62440538967,13.9710518204,360.730584758
