,iteration,success,nllh,k,N,bic,c_0,sc,tau_unif_rel,theta(cost=high),theta(cost=low)
0,0,True,54.1950326235,5,24,124.280334399,43.9462803234,0.187095613568,1.78426347107,16.825877273,89.7913816123
