,iteration,success,nllh,k,N,bic,c_sigma,sc,tau,theta(cost=high),theta(cost=low)
0,0,True,46.0779179285,5,24,108.046105009,3.7039851456,0.424033377444,0.0661476635438,8.71493739177,11.2684884208
