,iteration,success,nllh,k,N,bic,c_sigma,sc2,tau,theta(cost=high),theta(cost=low)
0,0,True,58.6867601196,5,24,133.263789391,132.084591066,0.0443477226066,6.26519656487,185.726698432,205.13953021
