,iteration,success,nllh,k,N,bic,c_sigma,sc,tau,theta(cost=high),theta(cost=low)
0,0,True,73.4681479041,5,24,162.82656496,9.54005521754,0.490976925444,1.08874720281,16.2722588114,59.4424071038
