,iteration,success,nllh,k,N,bic,c_sigma,sc2,tau,theta(cost=high),theta(cost=low)
0,0,True,70.2734815186,5,24,156.437232189,86.7668941933,0.0800959386056,7.22370973272,152.591091188,364.027405385
