,iteration,success,nllh,k,N,bic,c_sigma,sc,tau_unif,theta(cost=high),theta(cost=low)
0,0,True,47.0642699808,5,24,110.018809113,3.5591700298,0.198522151599,2.06316352149,17.4039660466,43.0147164548
