,iteration,success,nllh,k,N,bic,c_sigma,sc2,tau,theta(cost=high),theta(cost=low)
0,0,True,28.6500914861,5,24,73.190452124,61.88656335,1.56995117273,172.317838608,24.0080216747,37.0874491633
