,iteration,success,nllh,k,N,bic,c_sigma,sc,tau,theta(cost=high),theta(cost=low)
0,0,True,65.8289199679,5,24,147.548109087,36.1496828385,0.0387861154679,1.75143211941,38.2791235685,98.4023753359
