,iteration,success,nllh,k,N,bic,c_sigma,sc,tau,theta(cost=high),theta(cost=low)
0,0,True,46.5760970759,5,24,109.042463304,9.15033878381,0.0739323570927,0.216296653289,22.1107842947,26.6290592318
