,iteration,success,nllh,k,N,bic,c_sigma,sc,tau,theta(cost=high),theta(cost=low)
0,0,True,62.9081118571,5,24,141.706492866,92.3468349208,0.046217133064,1.05020386618,102.962813142,114.45697359
