,iteration,success,nllh,k,N,bic,c_sigma,sc,tau,theta(cost=high),theta(cost=low)
0,0,True,49.4870935354,5,24,114.864456222,26.7505183872,0.157310600412,2.50367551618,1.8318534318,73.3051384494
