,iteration,success,nllh,k,N,bic,c_0,tau_unif,theta(cost=high),theta(cost=low)
0,0,True,79.4168393886,4,24,171.545894099,3.57236918439,37.9371049184,71.8083951419,142.262427158
