,iteration,success,nllh,k,N,bic,c_0,sc2,tau_unif_rel,theta(cost=high),theta(cost=low)
0,0,True,67.3103476779,5,24,150.510964508,41.1954170489,0.0782659207453,4.90283365046,32.6070946797,59.996116414
