,iteration,success,nllh,k,N,bic,c_0,tau_unif,theta(cost=high),theta(cost=low)
0,0,True,75.3274888909,4,24,163.367193103,38.4673541097,6.80660912322,43.2894774934,79.5281284297
