,iteration,success,nllh,k,N,bic,c_sigma,sc,tau,theta(cost=high),theta(cost=low)
0,0,True,55.2142720463,5,24,126.318813244,7.42413322557,0.0482146098564,0.215398793704,25.4003484302,49.926367767
