,iteration,success,nllh,k,N,bic,c,r,tau,theta(cost=high),theta(cost=low)
0,0,True,47.8934695126,5,24,111.677208177,31.9888052775,0.0355764876069,87.424693745,38.625236877,6.78099390159
