,iteration,success,nllh,k,N,bic,c_sigma,sc,tau,theta(cost=high),theta(cost=low)
0,0,True,67.5505092046,5,24,150.991287561,33.1904913116,0.0530060291385,2.09606251776,52.8862631925,88.6435827145
