,iteration,success,nllh,k,N,bic,c_sigma,sc,tau,theta(cost=high),theta(cost=low)
0,0,True,57.4671523514,5,24,130.824573855,31.7193026206,0.011245095801,3.04824237735,12.9115127406,93.2236823604
