,iteration,success,nllh,k,N,bic,c,tau_unif,theta(cost=high),theta(cost=low)
0,0,True,69.5383443485,4,24,151.788904018,39.2450382261,24.1403254089,34.3973200186,47.545985388
