,iteration,success,nllh,k,N,bic,c_sigma,sc,tau,theta(cost=high),theta(cost=low)
0,0,True,50.5685901582,5,24,117.027449468,9.69572082268,0.20723053646,0.506002540181,16.0727405256,26.2398525503
