,iteration,success,nllh,k,N,bic,c_sigma,sc2,tau,theta(cost=high),theta(cost=low)
0,0,True,69.5934852113,5,24,155.077239574,110.839895815,0.0800566238596,24.0742877574,175.345083659,228.442894315
