,iteration,success,nllh,k,N,bic,c_sigma,sc,tau,theta(cost=high),theta(cost=low)
0,0,True,30.8669549332,5,24,77.6241790181,0.821687496249,0.199773210147,0.436328154979,14.2085353157,11.5408423918
