,iteration,success,nllh,k,N,bic,sc,tau_unif_rel,theta(cost=high),theta(cost=low)
0,0,True,85.9518973243,4,24,184.61600997,0.322989433151,13.6639963335,10.6705791649,37.8668755339
