,iteration,success,nllh,k,N,bic,c_sigma,tau_unif,theta(cost=high),theta(cost=low)
0,0,True,53.3256506906,4,24,119.363516703,9.75198971922,50.8503148978,13.064316763,68.3603341251
