,iteration,success,nllh,k,N,bic,c_0,sc,tau_rel,theta(cost=high),theta(cost=low)
0,0,True,63.1605522443,5,24,142.21137364,57.4193891257,0.34342910854,19.3247123674,13.4839134747,31.4949450054
