,iteration,success,nllh,k,N,bic,c_sigma,sc,tau_unif,theta(cost=high),theta(cost=low)
0,0,True,63.7070101724,5,24,143.304289497,9.44087283674,0.00625202341839,5.77985512405,33.3782886216,142.852662333
