,iteration,success,nllh,k,N,bic,c_sigma,sc,tau,theta(cost=high),theta(cost=low)
0,0,True,54.7780977508,5,24,125.446464653,0.807540644328,0.124067031129,15.6391056383,14.01178186,35.1051914447
