,iteration,success,nllh,k,N,bic,c_sigma,sc,tau,theta(cost=high),theta(cost=low)
0,0,True,29.4271660421,5,24,74.7446012359,183.676837409,0.22932278582,12.4608945732,37.4771748892,33.56209604
