,iteration,success,nllh,k,N,bic,c_sigma,sc2,tau,theta(cost=high),theta(cost=low)
0,0,True,31.7377772527,5,24,79.3658236572,137.607396476,0.0207743557506,8.60664175958,39.2447728958,93.9953225229
