,iteration,success,nllh,k,N,bic,c_sigma,sc2,tau,theta(cost=high),theta(cost=low)
0,0,True,58.6366671054,5,24,133.163603363,96.998697895,0.0550425044449,2.02543923873,115.851454261,154.176276045
