,iteration,success,nllh,k,N,bic,c_sigma,sc,tau,theta(cost=high),theta(cost=low)
0,0,True,21.0247008171,5,24,57.9396707858,2.47145530165,0.617152450201,42.1135874084,0.302179495095,3.99988947671
