,iteration,success,nllh,k,N,bic,c_0,sc2,tau_unif_rel,theta(cost=high),theta(cost=low)
0,0,True,67.5462245992,5,24,150.98271835,54.1888765244,0.0382618440138,28.4854840963,115.719327175,104.637517889
