,iteration,success,nllh,k,N,bic,c_sigma,sc2,tau,theta(cost=high),theta(cost=low)
0,0,True,52.8058450116,5,24,121.501959175,166.794338036,0.0397417408832,35.3883954946,77.1024775171,310.527537119
