,iteration,success,nllh,k,N,bic,c_sigma,sc2,tau,theta(cost=high),theta(cost=low)
0,0,True,61.8495465311,5,24,139.589362214,116.730132976,0.037021006431,3.68901362681,210.590056718,347.787229349
