,iteration,success,nllh,k,N,bic,c_sigma,sc2,tau,theta(cost=high),theta(cost=low)
0,0,True,65.732979569,5,24,147.35622829,175.711852531,2.25896604352,27.9018693256,176.711203459,228.885451563
