,iteration,success,nllh,k,N,bic,c_sigma,sc,tau,theta(cost=high),theta(cost=low)
0,0,True,58.6184485508,5,24,133.127166253,260.430309127,0.353708859806,0.00158192163572,210.590124469,424.192610251
