,iteration,success,nllh,k,N,bic,c_sigma,sc,tau_unif,theta(cost=high),theta(cost=low)
0,0,True,64.4349598621,5,24,144.760188876,8.71849610773,0.0224201633472,7.04371065803,33.3115896664,97.1331946221
