,iteration,success,nllh,k,N,bic,c_sigma,sc,tau,theta(cost=high),theta(cost=low)
0,0,True,56.096071868,5,24,128.082412888,9.63403773796,0.289101399279,12.6591760191,4.11043836592,75.6142381874
