,iteration,success,nllh,k,N,bic,c_0,tau_unif,theta(cost=high),theta(cost=low)
0,0,True,59.1776827634,4,24,131.067580848,38.09684782,8.63627205219,46.8287161171,41.7197768402
