,iteration,success,nllh,k,N,bic,c_sigma,sc2,tau,theta(cost=high),theta(cost=low)
0,0,True,49.6175405077,5,24,115.125350167,233.361319523,0.0439573197203,9.85166477448,117.591822545,348.272458702
