,iteration,success,nllh,k,N,bic,c_sigma,sc,tau,theta(cost=high),theta(cost=low)
0,0,True,60.406737974,5,24,136.7037451,0.28775845421,0.0186551666807,30.0062775269,13.7710725605,105.042569642
