,iteration,success,nllh,k,N,bic,c_sigma,sc,tau,theta(cost=high),theta(cost=low)
0,0,True,75.4643823644,5,24,166.81903388,194.827026148,0.748990206618,0.015715475586,221.14251614,565.162636816
