,iteration,success,nllh,k,N,bic,c_sigma,sc2,tau,theta(cost=high),theta(cost=low)
0,0,True,61.3577813127,5,24,138.605831777,64.7652120242,0.0875922786097,5.22230161082,62.1888115783,284.459792622
