,iteration,success,nllh,k,N,bic,c_sigma,sc2,tau,theta(cost=high),theta(cost=low)
0,0,True,73.9264661864,5,24,163.743201524,76.5746314234,0.0531078268926,5.0709736342,130.866907398,421.61711168
