,iteration,success,nllh,k,N,bic,c_sigma,sc2,tau,theta(cost=high),theta(cost=low)
0,0,True,51.3266205005,5,24,118.543510153,104.045559982,0.0708689226273,25.947747489,11.6302138086,324.05310766
