,iteration,success,nllh,k,N,bic,c_0,tau_unif,theta(cost=high),theta(cost=low)
0,0,True,67.6933466448,4,24,148.098908611,2.32163363881,4.59640023904,67.9459991382,109.517078501
