,iteration,success,nllh,k,N,bic,c_0,sc2,tau_unif_rel,theta(cost=high),theta(cost=low)
0,0,True,68.6857126621,5,24,153.261694476,44.4409402656,0.232166282722,0.974796820033,7.89365517249,83.1057409605
