,iteration,success,nllh,k,N,bic,c_sigma,sc,tau,theta(cost=high),theta(cost=low)
0,0,True,60.6758511922,5,24,137.241971536,1.2057002101,0.228857714157,0.543631657817,9.40772360762,66.9047565053
