,iteration,success,nllh,k,N,bic,c_sigma,sc,tau,theta(cost=high),theta(cost=low)
0,0,True,42.7508886283,5,24,101.392046408,252.198748312,0.395360297155,19.0008437412,178.850876479,82.9035740907
