,iteration,success,nllh,k,N,bic,c_sigma,sc,tau,theta(cost=high),theta(cost=low)
0,0,True,78.9278704486,5,24,173.746010049,16.2410364231,0.122816836685,0.0619547139766,61.5801786162,103.490848102
