,iteration,success,nllh,k,N,bic,c_sigma,sc2,tau,theta(cost=high),theta(cost=low)
0,0,True,50.8061994344,5,24,117.50266802,105.424940134,0.0630120335502,18.9845491156,0.314571232046,446.506572601
