,iteration,success,nllh,k,N,bic,c_sigma,sc2,tau_trunc,theta(cost=high),theta(cost=low)
0,0,True,75.3712698868,5,24,166.632808925,55.4938905737,0.117596293303,1.11389932123,85.6388415861,258.926131581
