,iteration,success,nllh,k,N,bic,c_sigma,sc,tau,theta(cost=high),theta(cost=low)
0,0,True,63.0183598852,5,24,141.926988922,9.4852079023,0.00260019138244,1.36511763522,22.6504525979,76.0772837254
