,iteration,success,nllh,k,N,bic,c_sigma,sc,tau,theta(cost=high),theta(cost=low)
0,0,True,55.0295097002,5,24,125.949288552,7.12041487532,0.069459762435,0.885070463007,14.4839706181,104.784632614
