,iteration,success,nllh,k,N,bic,c_0,tau_unif,theta(cost=high),theta(cost=low)
0,0,True,68.3588467087,4,24,149.429908739,60.8857637112,3.58203082381,43.6977436481,65.9530435671
