,iteration,success,nllh,k,N,bic,c_0,sc,tau_unif_rel,theta(cost=high),theta(cost=low)
0,0,True,39.6199486747,5,24,95.1301665012,20.3679950482,0.129497023783,0.914791935746,21.9555566058,11.7787330624
