,iteration,success,nllh,k,N,bic,c_sigma,sc,tau,theta(cost=high),theta(cost=low)
0,0,True,46.7363764601,5,24,109.363022072,9.41601927125,0.353458928917,1.07890111063,11.3731925035,13.0685411451
