,iteration,success,nllh,k,N,bic,c_sigma,sc,tau,theta(cost=high),theta(cost=low)
0,0,True,60.6718570116,5,24,137.233983175,0.965499215266,0.173433348666,0.368589428407,11.7109834925,81.4135226074
