,iteration,success,nllh,k,N,bic,c_sigma,tau_unif,theta(cost=high),theta(cost=low)
0,0,True,48.1206087392,4,24,108.9534328,60.5388500119,19.2566556382,49.121063852,38.8435361281
