,iteration,success,nllh,k,N,bic,c_sigma,sc2,tau,theta(cost=high),theta(cost=low)
0,0,True,63.4451894657,5,24,142.780648083,114.152032433,0.0491271772718,82.2007498267,79.930973568,521.626553382
