,iteration,success,nllh,k,N,bic,c_0,sc,tau_unif_rel,theta(cost=high),theta(cost=low)
0,0,True,29.17976296,5,24,74.2497950717,61.4001052424,0.00919900004115,136.83036502,18.0241326987,14.5150697126
