,iteration,success,nllh,k,N,bic,c_sigma,sc2,tau,theta(cost=high),theta(cost=low)
0,0,True,31.8694865152,5,24,79.6292421821,135.697525519,0.018862910731,14.7591729792,36.7063943426,106.224433055
