,iteration,success,nllh,k,N,bic,c_sigma,sc2,tau,theta(cost=high),theta(cost=low)
0,0,True,22.4456439063,5,24,60.7815569644,20.1488801735,1.8770869666,186.71284958,0.798903375168,24.7532561121
