,iteration,success,nllh,k,N,bic,c_sigma,sc2,tau,theta(cost=high),theta(cost=low)
0,0,True,67.3324879229,5,24,150.555244997,126.263570758,0.0622706760109,8.21982180975,179.131963457,280.228447857
