,iteration,success,nllh,k,N,bic,c_sigma,sc,tau_normal,theta(cost=high),theta(cost=low)
0,0,True,93.1905522274,5,24,202.271373606,19.1620753568,0.0573221043456,22.088017383,186.53452901,281.352008238
