,iteration,success,nllh,k,N,bic,c_sigma,sc2,tau,theta(cost=high),theta(cost=low)
0,0,True,55.0191701554,5,24,125.928609463,107.173896645,0.0547198551399,9.33766086005,80.7908706372,207.836341072
