,iteration,success,nllh,k,N,bic,c_sigma,sc,tau,theta(cost=high),theta(cost=low)
0,0,True,50.0682400734,5,24,116.026749299,10.8336831982,0.0495621983959,19.8038652882,3.04267083202,85.2160776527
