,iteration,success,nllh,k,N,bic,c_0,sc,tau_unif,theta(cost=high),theta(cost=low)
0,0,True,55.4585033311,5,24,126.807275814,76.0349782767,0.0910860858603,5.51550159506,51.8543053431,45.5098589019
