,iteration,success,nllh,k,N,bic,c_sigma,sc2,tau,theta(cost=high),theta(cost=low)
0,0,True,31.8789597923,5,24,79.6481887364,299.292231425,0.0100013444702,29.5018593588,84.292480205,209.470193311
