,iteration,success,nllh,k,N,bic,c_sigma,sc,tau,theta(cost=high),theta(cost=low)
0,0,True,98.9239101206,5,24,213.738089393,24.2178771841,0.232765498258,5.25352291464,170.303240238,149.464249964
