,iteration,success,nllh,k,N,bic,c_sigma,sc2,tau,theta(cost=high),theta(cost=low)
0,0,True,64.2253337633,5,24,144.340936678,104.305537548,0.066627658176,130.148940469,66.0685676859,447.83936868
