,iteration,success,nllh,k,N,bic,c_sigma,sc,tau_normal,theta(cost=high),theta(cost=low)
0,0,True,98.6433795819,5,24,213.177028316,20.5321611325,0.270184007306,6.23921105448,155.629318293,124.972516211
