,iteration,success,nllh,k,N,bic,c_sigma,sc2,tau,theta(cost=high),theta(cost=low)
0,0,True,61.4414153414,5,24,138.773099835,147.704633697,0.0327419995341,10.0732195153,217.163145128,359.941025354
