,iteration,success,nllh,k,N,bic,c_sigma,sc,tau,theta(cost=high),theta(cost=low)
0,0,True,70.4264394275,5,24,156.743148007,9.54903110051,0.124653166457,0.0192704112266,43.7494987673,57.731660642
