,iteration,success,nllh,k,N,bic,c_sigma,sc2,tau,theta(cost=high),theta(cost=low)
0,0,True,21.3139357981,5,24,58.5181407479,20.7970986426,0.395452256314,184.16581917,0.52869969664,11.4649089532
