,iteration,success,nllh,k,N,bic,c_sigma,sc,tau,theta(cost=high),theta(cost=low)
0,0,True,65.2677737194,5,24,146.425816591,53.2687884027,0.0230296431059,0.0544737876607,31.2874437753,198.824443429
