,iteration,success,nllh,k,N,bic,c_sigma,tau_unif,theta(cost=high),theta(cost=low)
0,0,True,89.574459765,4,24,191.861134851,96.2985813953,20.5234539088,234.808312156,394.613815788
