,iteration,success,nllh,k,N,bic,c_0,tau_unif,theta(cost=high),theta(cost=low)
0,0,True,71.5072446092,4,24,155.72670454,54.5723303776,0.768926505118,52.1403518783,69.6707912572
