,iteration,success,nllh,k,N,bic,c_sigma,sc,tau,theta(cost=high),theta(cost=low)
0,0,True,65.9239518641,5,24,147.73817288,32.5239422396,0.0143152652391,0.842838332108,40.9893717443,101.532409085
