,iteration,success,nllh,k,N,bic,c_sigma,sc2,tau,theta(cost=high),theta(cost=low)
0,0,True,62.7088726599,5,24,141.308014471,263.074584676,0.0200451577177,155.341237671,211.201823457,766.291297122
