,iteration,success,nllh,k,N,bic,c_sigma,sc,tau_normal,theta(cost=high),theta(cost=low)
0,0,True,63.9069801356,5,24,143.704229423,9.74240533784,0.00751838869394,2.42273214905,32.3355765016,114.29859952
