,iteration,success,nllh,k,N,bic,c_sigma,sc2,tau_trunc,theta(cost=high),theta(cost=low)
0,0,True,70.5321410593,5,24,156.95455127,77.0835951545,0.0607255724932,21.6642762084,115.120444062,264.368539513
