,iteration,success,nllh,k,N,bic,c_sigma,sc,tau,theta(cost=high),theta(cost=low)
0,0,True,39.2988437623,5,24,94.4879566764,15.7389606405,0.0625594976002,28.3708340198,6.01560075905,31.2808904826
