,iteration,success,nllh,k,N,bic,c_sigma,sc,tau,theta(cost=high),theta(cost=low)
0,0,True,55.2150830745,5,24,126.320435301,12.7435381458,0.145175849477,2.14425422758,21.3106374806,33.1493967788
