,iteration,success,nllh,k,N,bic,c_sigma,sc,tau,theta(cost=high),theta(cost=low)
0,0,True,60.5949082827,5,24,137.080085717,6.81922750927,0.00889587989903,0.0461478471405,30.5259126553,98.7620449628
