,iteration,success,nllh,k,N,bic,c_sigma,sc2,tau_trunc,theta(cost=high),theta(cost=low)
0,0,True,51.8882996872,5,24,119.666868526,58.6488139877,0.0444721485388,1.60223579439,76.2016894133,133.446141717
