,iteration,success,nllh,k,N,bic,c_sigma,sc,tau,theta(cost=high),theta(cost=low)
0,0,True,48.6223047693,5,24,113.13487869,265.158642559,0.786650216114,7.06321014124,198.365440966,165.243061454
