,iteration,success,nllh,k,N,bic,c_sigma,sc2,tau,theta(cost=high),theta(cost=low)
0,0,True,49.8179153391,5,24,115.52609983,190.610773031,1.95441840633,27.0716589146,91.3718933443,194.478907531
