,iteration,success,nllh,k,N,bic,c_sigma,sc,tau,theta(cost=high),theta(cost=low)
0,0,True,46.7025942562,5,24,109.295457664,10.8307563346,0.0364137220297,0.358258461229,27.3729406327,30.4413412988
