,iteration,success,nllh,k,N,bic,c_sigma,sc2,tau,theta(cost=high),theta(cost=low)
0,0,True,55.1475824947,5,24,126.185434141,289.122099951,0.020428306981,20.9168107081,253.811489745,554.757886302
