,iteration,success,nllh,k,N,bic,c_sigma,sc2,tau,theta(cost=high),theta(cost=low)
0,0,True,69.6369911464,5,24,155.164251445,237.423601377,0.0710981236381,33.0700001289,346.5146966,512.398761402
