,iteration,success,nllh,k,N,bic,c_sigma,sc2,tau,theta(cost=high),theta(cost=low)
0,0,True,41.3155782046,5,24,98.521425561,181.513394803,0.587347949848,0.381206804753,77.1924603502,89.4208530495
