,iteration,success,nllh,k,N,bic,c_0,sc,tau_unif_rel,theta(cost=high),theta(cost=low)
0,0,True,61.3724496522,5,24,138.635168456,37.0819400219,0.345147846481,0.628005058214,21.0193149364,18.8453965658
