,iteration,success,nllh,k,N,bic,c_0,tau_unif,theta(cost=high),theta(cost=low)
0,0,True,68.963457007,4,24,150.639129335,57.9145313965,26.55756578,53.6578454123,60.8869309326
