,iteration,success,nllh,k,N,bic,c_sigma,sc2,tau,theta(cost=high),theta(cost=low)
0,0,True,71.2466766494,5,24,158.383622451,197.522035084,0.0317340780143,20.7587040275,457.87522127,555.134073154
