,iteration,success,nllh,k,N,bic,c_sigma,sc,tau_unif,theta(cost=high),theta(cost=low)
0,0,True,59.1814358447,5,24,134.253140841,1.90187620953,0.000958391480585,55.2901222575,18.2731584985,93.7909561634
