,iteration,success,nllh,k,N,bic,c_sigma,sc2,tau,theta(cost=high),theta(cost=low)
0,0,True,82.2047121082,5,24,180.299693368,117.10538473,0.0609190582975,41.9777898978,284.292565257,569.790295721
