,iteration,success,nllh,k,N,bic,c_0,tau_unif,theta(cost=high),theta(cost=low)
0,0,True,85.2992507344,4,24,183.31071679,38.0645822614,10.492388125,63.9524029965,95.0066851003
