,iteration,success,nllh,k,N,bic,c_sigma,sc2,tau,theta(cost=high),theta(cost=low)
0,0,True,40.9913476443,5,24,97.8729644404,96.7961253421,0.0768349357441,108.881961591,24.9132873791,122.652308611
