,iteration,success,nllh,k,N,bic,c_0,sc2,tau_unif_rel,theta(cost=high),theta(cost=low)
0,0,True,100.979450345,5,24,217.849169842,68.4710554524,0.105930815353,149.109624339,131.037179713,159.198824098
