,iteration,success,nllh,k,N,bic,c_sigma,sc,tau_normal,theta(cost=high),theta(cost=low)
0,0,True,88.1224435973,5,24,192.135156346,8.44484384324,1.01297416029,2.64883792015,23.6841711703,50.5135444801
