,iteration,success,nllh,k,N,bic,c_sigma,sc,tau,theta(cost=high),theta(cost=low)
0,0,True,63.3777363168,5,24,142.645741785,2.49668675864,0.0013681340865,15.6001912433,37.0200898078,68.4189377692
