,iteration,success,nllh,k,N,bic,c_0,tau_unif,theta(cost=high),theta(cost=low)
0,0,True,21.0953937577,4,24,54.9030028368,56.9708281108,435.379446276,0.358935613104,36.9210973521
