,iteration,success,nllh,k,N,bic,c_sigma,sc,tau_trunc,theta(cost=high),theta(cost=low)
0,0,True,54.7525857644,5,24,125.395440681,0.848677306052,0.132910633841,94.1646986736,15.146206061,34.9767277663
