,iteration,success,nllh,k,N,bic,c,r,tau,theta(cost=high),theta(cost=low)
0,0,True,49.8226668979,5,24,115.535602948,52.5384943063,0.0988042655945,0.0179473546471,34.171700779,78.740492564
