,iteration,success,nllh,k,N,bic,c_0,sc,tau_unif_rel,theta(cost=high),theta(cost=low)
0,0,True,54.8739006859,5,24,125.638070524,99.5346715747,0.051394602361,38.8837290754,51.8557243088,62.1479903357
