,iteration,success,nllh,k,N,bic,c_sigma,sc,tau,theta(cost=high),theta(cost=low)
0,0,True,66.8433295381,5,24,149.576928228,9.62478805137,0.0756421136857,1.70533184192,40.3656535785,93.6498173288
