,iteration,success,nllh,k,N,bic,c_sigma,sc,tau,theta(cost=high),theta(cost=low)
0,0,True,55.1412821355,5,24,126.172833423,8.65517360534,0.168444768196,0.252155532364,20.1971249495,27.9150987797
