,iteration,success,nllh,k,N,bic,c_sigma,sc2,tau,theta(cost=high),theta(cost=low)
0,0,True,65.5156394409,5,24,146.921548034,128.279000198,0.0435534423965,2.69257732245,113.470435098,464.293976849
