,iteration,success,nllh,k,N,bic,c_0,sc2,tau_unif_rel,theta(cost=high),theta(cost=low)
0,0,True,41.7680940035,5,24,99.4264571586,44.375537874,0.0576473065242,13.2703277047,19.9338127813,9.37251438188
