,iteration,success,nllh,k,N,bic,c,tau_unif,theta(cost=high),theta(cost=low)
0,0,True,75.3743328905,4,24,163.460881102,42.7624531432,4.62925203271,25.8706783941,49.6543061629
