,iteration,success,nllh,k,N,bic,c_sigma,sc,tau_trunc,theta(cost=high),theta(cost=low)
0,0,True,70.4203130944,5,24,156.730895341,10.5706776007,0.0301998817855,1.4725128061,33.1937429882,151.533824689
