,iteration,success,nllh,k,N,bic,c_sigma,sc,tau,theta(cost=high),theta(cost=low)
0,0,True,72.6205283644,5,24,161.131325881,21.0292200726,0.248517663939,2.84941977328,37.1758986511,119.27203832
