,iteration,success,nllh,k,N,bic,c,r,tau,theta(cost=high),theta(cost=low)
0,0,True,85.1077374255,5,24,186.105744003,13.475326351,0.00866073382789,0.033164163196,93.5874295379,126.018714251
