,iteration,success,nllh,k,N,bic,c_sigma,sc,tau,theta(cost=high),theta(cost=low)
0,0,True,52.1625806498,5,24,120.215430451,7.05220881858,0.0898274026931,1.65183621953,18.3200602429,75.9731962375
