,iteration,success,nllh,k,N,bic,c_sigma,sc,tau,theta(cost=high),theta(cost=low)
0,0,True,39.130864161,5,24,94.1519974738,61.1723196781,0.830782881028,33.6740895635,28.8443471831,32.8238558201
