,iteration,success,nllh,k,N,bic,c_sigma,sc2,tau,theta(cost=high),theta(cost=low)
0,0,True,48.4679531369,5,24,112.826175426,206.885442813,0.0134201520141,16.3960962359,272.53549353,393.907242815
