,iteration,success,nllh,k,N,bic,c_sigma,sc2,tau,theta(cost=high),theta(cost=low)
0,0,True,61.4514851412,5,24,138.793239434,92.3153459223,0.59397549345,179.094295547,43.2624757172,309.735871943
