,iteration,success,nllh,k,N,bic,c_sigma,sc2,tau,theta(cost=high),theta(cost=low)
0,0,True,75.5435168092,5,24,166.97730277,156.223168046,0.21836576637,3.66207536983,270.813243879,430.477296656
