,iteration,success,nllh,k,N,bic,c_sigma,sc,tau,theta(cost=high),theta(cost=low)
0,0,True,56.1524709939,5,24,128.195211139,16.696974318,0.0820491575879,8.49591515167,9.88943996544,60.2842918797
