,iteration,success,nllh,k,N,bic,c_sigma,sc2,tau,theta(cost=high),theta(cost=low)
0,0,True,40.06052829,5,24,96.0113257318,291.823008726,0.00888782748055,12.284959962,397.386350078,424.848749839
