,iteration,success,nllh,k,N,bic,c_sigma,sc,tau,theta(cost=high),theta(cost=low)
0,0,True,57.8214543037,5,24,131.533177759,126.70804969,0.157126157325,16.2020042333,146.778502936,151.290311813
