,iteration,success,nllh,k,N,bic,c_0,tau_unif,theta(cost=high),theta(cost=low)
0,0,True,68.7353236267,4,24,150.182862575,52.2163674545,4.39557398256,43.4061937703,52.0935953768
