,iteration,success,nllh,k,N,bic,c_sigma,sc2,tau,theta(cost=high),theta(cost=low)
0,0,True,81.9295130211,5,24,179.749295194,129.619026601,0.0731228797497,19.4445746913,174.686515944,533.495642309
