,iteration,success,nllh,k,N,bic,c_sigma,sc2,tau,theta(cost=high),theta(cost=low)
0,0,True,64.6034059065,5,24,145.097080965,78.7008435158,0.130994804708,30.2139689417,47.6486014872,306.015579515
