,iteration,success,nllh,k,N,bic,c_sigma,sc,tau,theta(cost=high),theta(cost=low)
0,0,True,57.0294125028,5,24,129.949094157,263.897445285,1.33909439406,20.6902466312,161.607992901,353.466264609
