,iteration,success,nllh,k,N,bic,c_sigma,sc2,tau,theta(cost=high),theta(cost=low)
0,0,True,81.4101940184,5,24,178.710657189,151.48792,0.0544155529502,2.78190066603,194.134982405,558.392834971
