,iteration,success,nllh,k,N,bic,c_sigma,sc2,tau,theta(cost=high),theta(cost=low)
0,0,True,56.2129818075,5,24,128.316232767,195.569255188,0.0219853396359,1.70902362536,260.031994894,570.363029466
