,iteration,success,nllh,k,N,bic,c_0,sc,tau_unif_rel,theta(cost=high),theta(cost=low)
0,0,True,60.9815608573,5,24,137.853390866,42.4320180215,0.311337163619,8.24713350136,17.7958480099,25.013635367
