,iteration,success,nllh,k,N,bic,c_0,sc2,tau_unif_rel,theta(cost=high),theta(cost=low)
0,0,True,80.8822811424,5,24,177.654831437,42.4780106632,0.0513128768415,3.8772989891,87.5861131931,171.460220212
