,iteration,success,nllh,k,N,bic,c_sigma,sc,tau,theta(cost=high),theta(cost=low)
0,0,True,28.6239753749,5,24,73.1382199016,27.7582591764,1.31765517295,76.8880900069,13.1700563238,16.7253284519
