,iteration,success,nllh,k,N,bic,c_sigma,sc,tau,theta(cost=high),theta(cost=low)
0,0,True,79.3721539436,5,24,174.634577039,25.4476657392,0.106131360952,4.40833477004,72.0038789203,145.406806401
