,iteration,success,nllh,k,N,bic,c_0,sc,tau_unif,theta(cost=high),theta(cost=low)
0,0,True,68.2487355959,5,24,152.387740344,14.1981969193,0.479481778259,54.6424817993,11.2489254506,45.310764469
