,iteration,success,nllh,k,N,bic,c_0,sc,tau_unif,theta(cost=high),theta(cost=low)
0,0,True,67.0150008549,5,24,149.920270862,57.7192743633,0.237147827942,1.10539981906,22.1558092431,37.6153478158
