,iteration,success,nllh,k,N,bic,c_sigma,sc2,tau,theta(cost=high),theta(cost=low)
0,0,True,61.5354533043,5,24,138.96117576,120.474808598,0.0534230934708,4.7922355344,116.220618813,507.727720389
