,iteration,success,nllh,k,N,bic,c_sigma,sc2,tau,theta(cost=high),theta(cost=low)
0,0,True,99.0521165025,5,24,213.994502157,71.1879276417,0.126644068186,56.7170810644,350.780138683,544.264012418
