,iteration,success,nllh,k,N,bic,c_0,tau_unif,theta(cost=high),theta(cost=low)
0,0,True,36.2397956891,4,24,85.1918066996,71.193394177,14.7956736229,10.7914749872,18.9379128439
