,iteration,success,nllh,k,N,bic,c_0,sc2,tau_unif_rel,theta(cost=high),theta(cost=low)
0,0,True,67.8315965832,5,24,151.553462318,49.2736321011,0.115239707606,151.333025042,50.5519569751,157.55434095
