,iteration,success,nllh,k,N,bic,c_sigma,sc,tau,theta(cost=high),theta(cost=low)
0,0,True,92.024327463,5,24,199.938924078,15.1618758751,0.0834997462181,3.70892962548,168.622614516,248.870906721
