,iteration,success,nllh,k,N,bic,c_sigma,sc,tau,theta(cost=high),theta(cost=low)
0,0,True,70.6927599457,5,24,157.275789043,169.437991924,0.01242799807,0.0883559918652,162.153521661,485.884796102
