,iteration,success,nllh,k,N,bic,c_sigma,tau_unif,theta(cost=high),theta(cost=low)
0,0,True,69.7112131859,4,24,152.134641693,39.3853852159,7.0862114828,45.9889747748,192.29641089
