,iteration,success,nllh,k,N,bic,c_sigma,sc,tau,theta(cost=high),theta(cost=low)
0,0,True,42.6660505281,5,24,101.222370208,106.428643107,1.37325772437,94.1773931909,88.1316090762,47.5803636867
