,iteration,success,nllh,k,N,bic,c_sigma,sc,tau,theta(cost=high),theta(cost=low)
0,0,True,79.5633171356,5,24,175.016903423,24.3600876918,0.0995597228209,5.52414721341,76.5935802043,123.542632897
