,iteration,success,nllh,k,N,bic,c_sigma,sc,tau_unif,theta(cost=high),theta(cost=low)
0,0,True,50.8071196432,5,24,117.504508438,11.8451037371,0.0323863508447,30.3528015948,13.006475379,51.9905062452
