,iteration,success,nllh,k,N,bic,c_sigma,sc,tau,theta(cost=high),theta(cost=low)
0,0,True,56.9898225345,5,24,129.869914221,243.421866481,0.0716969354678,8.26028642135,282.612595351,319.39555106
