,iteration,success,nllh,k,N,bic,c_sigma,sc2,tau_trunc,theta(cost=high),theta(cost=low)
0,0,True,72.4595622531,5,24,160.809393658,69.69817758,0.0821210559358,9.79240469882,174.178613022,160.561137369
