,iteration,success,nllh,k,N,bic,c_sigma,sc2,tau,theta(cost=high),theta(cost=low)
0,0,True,71.6967182704,5,24,159.283705693,254.59067317,0.0445815732891,14.102868758,387.896992324,603.817969232
