,iteration,success,nllh,k,N,bic,c_sigma,sc,tau,theta(cost=high),theta(cost=low)
0,0,True,22.2120733782,5,24,60.3144159082,239.565769653,0.415647839744,11.1936006296,3.06344816834,53.2839314525
