,iteration,success,nllh,k,N,bic,c_sigma,sc,tau,theta(cost=high),theta(cost=low)
0,0,True,65.7496596343,5,24,147.38958842,21.885716441,0.171080159361,4.04497396839,28.7270730986,68.3355812914
