,iteration,success,nllh,k,N,bic,c_0,tau_unif,theta(cost=high),theta(cost=low)
0,0,True,87.0708011835,4,24,186.853817688,30.6191833767,15.4354419279,87.0748092969,117.311374568
