,iteration,success,nllh,k,N,bic,c_sigma,sc2,tau_trunc,theta(cost=high),theta(cost=low)
0,0,True,71.2006983332,5,24,158.291665818,53.7220353363,0.0944658565451,66.9925477151,41.7061366566,280.076317475
