,iteration,success,nllh,k,N,bic,c_0,sc2,tau_unif_rel,theta(cost=high),theta(cost=low)
0,0,True,71.5853649098,5,24,159.060998971,48.1609411427,0.0471129763063,46.4936149181,134.366660765,144.439569319
