,iteration,success,nllh,k,N,bic,c_sigma,sc,tau,theta(cost=high),theta(cost=low)
0,0,True,41.3703849018,5,24,98.6310389554,91.7233263262,0.000625647706131,18.1158762647,53.8315798641,48.4413107271
