,iteration,success,nllh,k,N,bic,c_sigma,sc2,tau,theta(cost=high),theta(cost=low)
0,0,True,63.3869147896,5,24,142.664098731,175.088007592,0.0198544321698,43.393953764,404.611081463,581.315912697
