,iteration,success,nllh,k,N,bic,c_sigma,sc2,tau,theta(cost=high),theta(cost=low)
0,0,True,44.7429972951,5,24,105.376263742,120.182876096,0.0936050508912,91.6575399323,42.6488308693,169.457592711
