,iteration,success,nllh,k,N,bic,c_sigma,sc2,tau,theta(cost=high),theta(cost=low)
0,0,True,59.372734224,5,24,134.6357376,229.17483262,0.0289928076681,1.63497739484,216.514078856,503.351159844
