,iteration,success,nllh,k,N,bic,c_sigma,sc2,tau,theta(cost=high),theta(cost=low)
0,0,True,67.2199228546,5,24,150.330114861,157.092223123,0.038173266319,47.4760335646,245.449765895,413.191714163
