,iteration,success,nllh,k,N,bic,c_sigma,sc2,tau,theta(cost=high),theta(cost=low)
0,0,True,77.4991883336,5,24,170.888645819,162.915222608,0.0282213007359,25.534635579,490.871189329,895.361356887
