,iteration,success,nllh,k,N,bic,c_sigma,sc,tau,theta(cost=high),theta(cost=low)
0,0,True,30.8354736587,5,24,77.5612164691,0.482459065184,0.168151959686,0.0368778572042,15.1629099632,11.599994096
