,iteration,success,nllh,k,N,bic,c_sigma,sc,tau,theta(cost=high),theta(cost=low)
0,0,True,82.9501804187,5,24,181.790629989,61.4067507457,0.18866918934,8.39480077969,78.241783477,256.98072192
