,iteration,success,nllh,k,N,bic,c_0,sc2,tau_unif_rel,theta(cost=high),theta(cost=low)
0,0,True,72.9079338562,5,24,161.706136864,35.5334272929,0.0432608394002,37.2030204079,73.7177676795,188.556705501
