,iteration,success,nllh,k,N,bic,c_sigma,sc2,tau_trunc,theta(cost=high),theta(cost=low)
0,0,True,76.4848083085,5,24,168.859885769,43.9889036262,0.114561332466,20.3352306186,84.7223398571,231.969766021
