,iteration,success,nllh,k,N,bic,c,tau,theta(cost=high),theta(cost=low)
0,0,True,51.4526260894,4,24,115.6174675,99.4630300864,36.1295644022,78.6444580363,60.3690879842
