,iteration,success,nllh,k,N,bic,c_sigma,sc2,tau,theta(cost=high),theta(cost=low)
0,0,True,52.0808454733,5,24,120.051960098,197.015964729,0.0219178846082,14.1098277018,226.98169163,426.011301999
