,iteration,success,nllh,k,N,bic,c_sigma,tau_unif,theta(cost=high),theta(cost=low)
0,0,True,69.4612622938,4,24,151.634739909,26.3793050034,0.638566361556,32.1725961129,144.901577973
