,iteration,success,nllh,k,N,bic,c_sigma,sc2,tau,theta(cost=high),theta(cost=low)
0,0,True,54.741781497,5,24,125.373832146,140.905726898,0.0372244117433,197.232475144,105.401975926,421.216740305
