,iteration,success,nllh,k,N,bic,c_0,tau_unif,theta(cost=high),theta(cost=low)
0,0,True,51.4056094046,4,24,115.523434131,28.9383940218,41.0019819279,2.39579955423,85.113568718
