,iteration,success,nllh,k,N,bic,c_sigma,sc2,tau,theta(cost=high),theta(cost=low)
0,0,True,63.193415863,5,24,142.277100878,98.4952586879,0.0481844342705,9.36402911098,115.396998148,537.050241414
