,iteration,success,nllh,k,N,bic,c_sigma,sc,tau,theta(cost=high),theta(cost=low)
0,0,True,73.1066988525,5,24,162.103666857,11.5353273279,0.120074376774,0.758070071718,49.6112862507,85.3828936588
