,iteration,success,nllh,k,N,bic,c_sigma,sc2,tau,theta(cost=high),theta(cost=low)
0,0,True,60.2302962508,5,24,136.350861653,71.0715910112,0.0596718333346,4.16873701989,79.7443665061,314.123662341
