,iteration,success,nllh,k,N,bic,c_0,sc2,tau_unif_rel,theta(cost=high),theta(cost=low)
0,0,True,29.4857433208,5,24,74.8617557933,40.9191635325,0.109248759486,119.67867679,10.1401609319,13.0793189078
