,iteration,success,nllh,k,N,bic,c_0,sc2,tau_unif_rel,theta(cost=high),theta(cost=low)
0,0,True,66.2670069615,5,24,148.424283075,46.6943979952,0.0586915261433,1.07494553305,32.9200204764,189.349644161
