,iteration,success,nllh,k,N,bic,c_sigma,tau_unif,theta(cost=high),theta(cost=low)
0,0,True,50.7033818712,4,24,114.118979064,15.9133744495,56.234135583,0.238045029774,116.324085448
