,iteration,success,nllh,k,N,bic,c_sigma,sc,tau,theta(cost=high),theta(cost=low)
0,0,True,77.5533222883,5,24,170.996913728,194.034976506,0.0320618331153,0.0239702464962,354.233716658,483.693847196
