,iteration,success,nllh,k,N,bic,c_sigma,sc,tau_unif,theta(cost=high),theta(cost=low)
0,0,True,73.4899249233,5,24,162.870118998,79.4461952312,0.0116819194823,44.3036100753,132.196139681,228.490257628
