,iteration,success,nllh,k,N,bic,c_sigma,sc2,tau,theta(cost=high),theta(cost=low)
0,0,True,31.7812988884,5,24,79.4528669285,164.503717219,0.0186148819636,0.462687497441,50.0185822717,113.219636632
