,iteration,success,nllh,k,N,bic,c_sigma,sc,tau,theta(cost=high),theta(cost=low)
0,0,True,56.8086345346,5,24,129.507538221,205.206805372,0.0264102688667,0.0268046291918,172.748093723,283.015072958
