,iteration,success,nllh,k,N,bic,c_sigma,sc2,tau,theta(cost=high),theta(cost=low)
0,0,True,89.2008472971,5,24,194.291963746,123.090867538,0.142674939139,27.9430704861,284.878111987,475.799726267
