,iteration,success,nllh,k,N,bic,c_sigma,sc2,tau,theta(cost=high),theta(cost=low)
0,0,True,60.1340621105,5,24,136.158393373,210.869575849,0.0218343023073,2.70901954234,204.760966249,827.767746661
