,iteration,success,nllh,k,N,bic,c_sigma,sc2,tau,theta(cost=high),theta(cost=low)
0,0,True,81.8476943318,5,24,179.585657815,117.51247097,0.0556913646271,5.40763583296,248.657879127,529.136530137
