,iteration,success,nllh,k,N,bic,c_sigma,sc,tau,theta(cost=high),theta(cost=low)
0,0,True,41.3506149574,5,24,98.5914990665,131.661255987,0.482771613854,4.11643054836,63.5727992271,73.8177528341
