,iteration,success,nllh,k,N,bic,c_sigma,sc2,tau,theta(cost=high),theta(cost=low)
0,0,True,71.6445629476,5,24,159.179395047,73.4193545377,0.0705538056781,4.61952700331,152.595833398,355.949711857
