,iteration,success,nllh,k,N,bic,c_sigma,sc,tau,theta(cost=high),theta(cost=low)
0,0,True,83.8446656073,5,24,183.579600366,117.017432782,0.0695888804927,0.399881588775,156.34452981,508.574098677
