,iteration,success,nllh,k,N,bic,c_sigma,sc2,tau,theta(cost=high),theta(cost=low)
0,0,True,56.2834267642,5,24,128.45712268,182.76561412,0.0222041199671,8.16964431015,269.219212866,552.464430902
