,iteration,success,nllh,k,N,bic,c_sigma,sc,tau,theta(cost=high),theta(cost=low)
0,0,True,64.8584125803,5,24,145.607094312,9.78642689398,0.54150922588,0.555270936446,12.9978387521,35.8737354861
