,iteration,success,nllh,k,N,bic,c_sigma,sc2,tau_trunc,theta(cost=high),theta(cost=low)
0,0,True,51.0178897039,5,24,117.926048559,142.404641803,0.022459436932,4.42808614968,174.815092275,209.39953792
