,iteration,success,nllh,k,N,bic,c_sigma,sc2,tau,theta(cost=high),theta(cost=low)
0,0,True,70.3889192797,5,24,156.668107711,76.9293155296,0.0879871790332,4.1411478674,128.099420132,287.152260966
