,iteration,success,nllh,k,N,bic,c_sigma,sc,tau,theta(cost=high),theta(cost=low)
0,0,True,73.1184979418,5,24,162.127265035,12.403558928,0.0871434998397,1.07840828905,46.8352992782,101.896152677
