,iteration,success,nllh,k,N,bic,c_sigma,sc,tau,theta(cost=high),theta(cost=low)
0,0,True,60.9254290437,5,24,137.741127239,9.97847318292,0.240674896206,1.91263768131,19.8553634984,41.5387443075
