,iteration,success,nllh,k,N,bic,c_sigma,sc,tau,theta(cost=high),theta(cost=low)
0,0,True,70.4387431213,5,24,156.767755394,86.465412314,0.0181263871059,0.0345348874693,134.908547804,207.014154373
