,iteration,success,nllh,k,N,bic,c_0,tau_unif,theta(cost=high),theta(cost=low)
0,0,True,68.6261549695,4,24,149.96452526,98.7086982983,31.9775079637,87.6351364491,119.392685953
