,iteration,success,nllh,k,N,bic,c_sigma,sc2,tau,theta(cost=high),theta(cost=low)
0,0,True,65.3488788495,5,24,146.588026851,93.2322230246,0.0499369351252,0.547559645938,106.430557947,338.781847748
