,iteration,success,nllh,k,N,bic,c_sigma,sc2,tau,theta(cost=high),theta(cost=low)
0,0,True,42.5545225279,5,24,100.999314207,256.894870028,2.94001042848,97.6799889226,178.722478827,116.089415761
