,iteration,success,nllh,k,N,bic,c_sigma,sc2,tau_trunc,theta(cost=high),theta(cost=low)
0,0,True,49.7853209953,5,24,115.460911142,157.758736706,0.0418703726499,0.69720848612,78.2008403093,207.178970104
