,iteration,success,nllh,k,N,bic,c_sigma,sc,tau,theta(cost=high),theta(cost=low)
0,0,True,59.7219655205,5,24,135.334200193,4.55757038386,0.272641060558,0.188446943208,20.995964492,30.5044202354
