,iteration,success,nllh,k,N,bic,c_sigma,sc2,tau,theta(cost=high),theta(cost=low)
0,0,True,63.3163746897,5,24,142.523018531,47.7071270391,0.10135153204,6.11476439424,45.7513534671,281.130500016
