,iteration,success,nllh,k,N,bic,c_sigma,sc,tau,theta(cost=high),theta(cost=low)
0,0,True,68.3858572217,5,24,152.661983595,15.4328298764,0.174201290097,0.257451855723,19.7423025742,117.270497375
