,iteration,success,nllh,k,N,bic,c_0,sc2,tau_unif_rel,theta(cost=high),theta(cost=low)
0,0,True,78.7253768007,5,24,173.341022753,53.8578294122,0.100636921892,46.6740200229,46.3964731622,66.0580680482
