,iteration,success,nllh,k,N,bic,c_sigma,sc,tau_trunc,theta(cost=high),theta(cost=low)
0,0,True,67.6971073789,5,24,151.28448391,42.9636761996,0.00923797106342,2.46384067479,74.0087879572,96.8495986086
