,iteration,success,nllh,k,N,bic,c_sigma,sc,tau_unif_rel,theta(cost=high),theta(cost=low)
0,0,True,72.3790291651,5,24,160.648327482,29.9465157143,0.0548081676547,7.95959939195,53.749312259,161.625845686
