,iteration,success,nllh,k,N,bic,c_sigma,sc,tau,theta(cost=high),theta(cost=low)
0,0,True,67.2813176336,5,24,150.452904419,1.10431237219,0.146585960045,14.0494673543,36.6329177844,96.5508162343
