,iteration,success,nllh,k,N,bic,c_sigma,sc2,tau,theta(cost=high),theta(cost=low)
0,0,True,48.0280138622,5,24,111.946296876,116.358513102,0.0988764366334,199.031979461,205.809483713,74.6138936946
