,iteration,success,nllh,k,N,bic,c_0,tau_unif,theta(cost=high),theta(cost=low)
0,0,True,76.1340192923,4,24,164.980253906,83.8751943245,1.19724743247,80.4296576369,150.231912871
