,iteration,success,nllh,k,N,bic,c_0,sc,tau_unif_rel,theta(cost=high),theta(cost=low)
0,0,True,62.981714002,5,24,141.853697156,53.8861838346,0.412588765299,0.551842049116,20.8565166439,22.2342578091
