,iteration,success,nllh,k,N,bic,c_sigma,sc,tau,theta(cost=high),theta(cost=low)
0,0,True,46.9576852471,5,24,109.805639646,4.56130498548,0.147539175658,0.0281982290998,18.2315819415,43.3901967336
