,iteration,success,nllh,k,N,bic,c_sigma,sc2,tau,theta(cost=high),theta(cost=low)
0,0,True,53.6510091341,5,24,123.19228742,206.892483977,1.84444086024,140.072824605,186.849531653,173.593592734
