,iteration,success,nllh,k,N,bic,c_sigma,sc,tau,theta(cost=high),theta(cost=low)
0,0,True,48.0441235219,5,24,111.978516196,39.4176595169,0.586329695077,40.3712919451,58.8135903683,14.6974205386
