,iteration,success,nllh,k,N,bic,c_sigma,sc2,tau_trunc,theta(cost=high),theta(cost=low)
0,0,True,48.1815472534,5,24,112.253363659,217.854111525,0.0635116002726,36.9323121265,177.380000429,171.26435047
