,iteration,success,nllh,k,N,bic,c_sigma,sc,tau,theta(cost=high),theta(cost=low)
0,0,True,16.6494852977,5,24,49.1892397472,236.713847032,1.39823120342,1.83400076038,0.158855494623,3.06718104457
