,iteration,success,nllh,k,N,bic,c_sigma,sc,tau,theta(cost=high),theta(cost=low)
0,0,True,63.6524172205,5,24,143.195103593,12.5751384548,0.0224516862916,4.36265002368,34.116403695,69.4566493257
