,iteration,success,nllh,k,N,bic,c_0,tau_unif,theta(cost=high),theta(cost=low)
0,0,True,68.0117720651,4,24,148.735759452,31.4183365304,45.3276701882,36.5411627255,56.5984406059
