,iteration,success,nllh,k,N,bic,c_sigma,sc2,tau,theta(cost=high),theta(cost=low)
0,0,True,61.9611245607,5,24,139.812518273,36.4981004514,0.120828808109,171.881430567,64.9630901417,206.810168696
