,iteration,success,nllh,k,N,bic,c_sigma,sc,tau,theta(cost=high),theta(cost=low)
0,0,True,70.7101108192,5,24,157.31049079,9.8914410195,0.0179954708463,0.0190200027097,33.3529932306,163.129194943
