,iteration,success,nllh,k,N,bic,c_0,sc,tau_unif_rel,theta(cost=high),theta(cost=low)
0,0,True,68.1345321021,5,24,152.159333356,53.5336260574,0.376737025098,0.0423308994946,28.2596324241,36.7642560133
