,iteration,success,nllh,k,N,bic,c_sigma,sc,tau,theta(cost=high),theta(cost=low)
0,0,True,51.4019192957,5,24,118.694107743,17.6373058399,0.094624335146,0.128867318375,12.0701120547,47.9209787115
