,iteration,success,nllh,k,N,bic,c_sigma,sc2,tau,theta(cost=high),theta(cost=low)
0,0,True,71.5363434016,5,24,158.962955955,185.417371494,0.0337091297116,11.7482756768,408.429119311,598.989020582
