,iteration,success,nllh,k,N,bic,c_sigma,sc2,tau,theta(cost=high),theta(cost=low)
0,0,True,75.4120814237,5,24,166.714431999,214.703631152,0.849915455729,15.5450684629,370.262112317,499.533138658
