,iteration,success,nllh,k,N,bic,c_sigma,sc,tau,theta(cost=high),theta(cost=low)
0,0,True,69.4281095813,5,24,154.746488314,30.6475051489,0.00742313447721,3.18925870233,34.6099819536,170.379305285
