,iteration,success,nllh,k,N,bic,c_sigma,sc,tau,theta(cost=high),theta(cost=low)
0,0,True,63.7181916757,5,24,143.326652503,0.116563372497,0.183460146313,0.135540493611,35.5024070622,88.7443344513
