,iteration,success,nllh,k,N,bic,c_sigma,sc,tau_trunc,theta(cost=high),theta(cost=low)
0,0,True,70.0573647646,5,24,156.004998681,57.0297781133,0.0143092034523,0.203444130737,85.5886165108,144.340919463
