,iteration,success,nllh,k,N,bic,c_sigma,sc,tau,theta(cost=high),theta(cost=low)
0,0,True,60.4388107548,5,24,136.767890661,41.9983032262,0.136939975028,98.8378799983,25.4709345165,166.232807129
