,iteration,success,nllh,k,N,bic,c_sigma,sc2,tau,theta(cost=high),theta(cost=low)
0,0,True,80.7091491229,5,24,177.308567397,56.5000077157,0.196056019294,6.60935782079,105.25170094,259.562217952
