,iteration,success,nllh,k,N,bic,c_sigma,sc,tau,theta(cost=high),theta(cost=low)
0,0,True,22.7397415099,5,24,61.3697521715,13.7576263027,1.38725955874,82.6103673639,1.40234786405,13.6326938704
