,iteration,success,nllh,k,N,bic,c_sigma,sc,tau,theta(cost=high),theta(cost=low)
0,0,True,39.1428885329,5,24,94.1760462175,139.448831027,0.836438903644,15.0426994912,60.1676928936,69.3749523867
