,iteration,success,nllh,k,N,bic,c_sigma,sc,tau,theta(cost=high),theta(cost=low)
0,0,True,49.6648251559,5,24,115.219919463,16.6039611456,0.132430397065,7.61122857601,2.18380770818,72.8355814635
