,iteration,success,nllh,k,N,bic,c_0,sc,tau_unif_rel,theta(cost=high),theta(cost=low)
0,0,True,78.1267416058,5,24,172.143752363,44.4018762928,0.417481781751,41.0715892488,15.7464382216,85.0369599905
