,iteration,success,nllh,k,N,bic,c_sigma,sc,tau,theta(cost=high),theta(cost=low)
0,0,True,41.3519798575,5,24,98.5942288668,211.984443238,0.730951548289,10.763553592,102.678684993,97.9595068292
