,iteration,success,nllh,k,N,bic,c_sigma,sc2,tau_trunc,theta(cost=high),theta(cost=low)
0,0,True,55.447324776,5,24,126.784918704,82.6800165381,0.0347880297915,3.76609898152,88.6839277936,260.807091137
