,iteration,success,nllh,k,N,bic,c_0,sc,tau_rel,theta(cost=high),theta(cost=low)
0,0,True,56.5783848472,5,24,129.047038846,20.6672934423,0.329812569932,19.0962476116,0.156022641066,91.1558600033
