,iteration,success,nllh,k,N,bic,c_0,sc2,tau_unif_rel,theta(cost=high),theta(cost=low)
0,0,True,55.5051906293,5,24,126.90065041,46.6173877679,0.0556728535967,178.614869062,44.2547501589,155.650443848
