,iteration,success,nllh,k,N,bic,c_sigma,sc2,tau,theta(cost=high),theta(cost=low)
0,0,True,75.3683972868,5,24,166.627063725,201.404853195,0.393877343458,15.2517712147,211.584196672,558.549400654
