,iteration,success,nllh,k,N,bic,c_sigma,sc2,tau,theta(cost=high),theta(cost=low)
0,0,True,51.0226775477,5,24,117.935624247,135.247816599,0.0329225969414,13.4342903537,182.305068107,184.665082138
