,iteration,success,nllh,k,N,bic,c,r,tau,theta(cost=high),theta(cost=low)
0,0,True,32.0385881668,5,24,79.9674454854,32.9435013705,0.0711525237854,52.4847616726,10.4007584401,8.57523778309
