,iteration,success,nllh,k,N,bic,c_0,sc,tau_unif,theta(cost=high),theta(cost=low)
0,0,True,65.2098165917,5,24,146.309902335,55.1150496862,0.185005617432,3.92929385993,29.5547362525,99.665997084
