,iteration,success,nllh,k,N,bic,c_sigma,sc,tau_unif,theta(cost=high),theta(cost=low)
0,0,True,80.3042580201,5,24,176.498785192,76.9550713369,0.0575069359079,33.9915687099,87.2741600889,277.887987154
