,iteration,success,nllh,k,N,bic,c_sigma,sc2,tau,theta(cost=high),theta(cost=low)
0,0,True,50.618505028,5,24,117.127279208,165.054467713,0.046166285855,27.6905577519,2.34311046463,585.698820129
