,iteration,success,nllh,k,N,bic,c_sigma,sc2,tau,theta(cost=high),theta(cost=low)
0,0,True,65.3277773796,5,24,146.545823911,259.4249373,0.0214035665311,7.80322156488,286.567673087,897.748294396
