,iteration,success,nllh,k,N,bic,c_0,sc,tau_unif,theta(cost=high),theta(cost=low)
0,0,True,94.796882869,5,24,205.48403489,62.8209764355,0.309851072175,43.900293835,46.7872182335,96.6126764084
