,iteration,success,nllh,k,N,bic,sc,tau_unif_rel,theta(cost=high),theta(cost=low)
0,0,True,60.9923694478,4,24,134.696954217,0.151258383722,8.56301080757,18.4821395794,66.7677229997
