,iteration,success,nllh,k,N,bic,c_sigma,sc2,tau,theta(cost=high),theta(cost=low)
0,0,True,50.7159500487,5,24,117.322169249,147.721948691,0.0519020550214,79.4044032377,1.73666310583,592.236711283
