,iteration,success,nllh,k,N,bic,c_sigma,sc2,tau,theta(cost=high),theta(cost=low)
0,0,True,73.8811932633,5,24,163.652655678,103.59282859,0.0729582335345,14.4942391559,124.50460008,478.408619534
