,iteration,success,nllh,k,N,bic,c_sigma,sc2,tau,theta(cost=high),theta(cost=low)
0,0,True,63.1909546021,5,24,142.272178356,111.231833124,0.0346253547738,1.97990462766,219.319530833,382.990285656
