,iteration,success,nllh,k,N,bic,c_sigma,sc,tau,theta(cost=high),theta(cost=low)
0,0,True,51.4827089318,5,24,118.855687015,240.900626106,0.436307074591,0.0370776050178,118.276914956,328.11852826
