,iteration,success,nllh,k,N,bic,c_sigma,sc,tau_unif,theta(cost=high),theta(cost=low)
0,0,True,60.3687406292,5,24,136.62775041,6.27763252091,0.124517750466,0.980574843601,26.5033962889,80.4488171605
