,iteration,success,nllh,k,N,bic,c_sigma,sc2,tau,theta(cost=high),theta(cost=low)
0,0,True,60.0755735226,5,24,136.041416197,379.969345974,0.0118144916815,22.5883057071,865.487957755,916.217296649
