,iteration,success,nllh,k,N,bic,c_sigma,sc2,tau,theta(cost=high),theta(cost=low)
0,0,True,54.5569735345,5,24,125.004216221,114.153123863,0.0413691323301,155.223138736,68.8108226652,361.592822423
