,iteration,success,nllh,k,N,bic,c_sigma,sc2,tau,theta(cost=high),theta(cost=low)
0,0,True,74.7983843139,5,24,165.487037779,117.566912347,0.0513309613672,15.3395261892,294.420054558,388.968411275
