,iteration,success,nllh,k,N,bic,c_sigma,sc2,tau_trunc,theta(cost=high),theta(cost=low)
0,0,True,68.4106501077,5,24,152.711569367,113.33960373,0.0442825590429,161.868164698,147.886987215,296.510088519
