,iteration,success,nllh,k,N,bic,c_sigma,sc,tau,theta(cost=high),theta(cost=low)
0,0,True,31.3025152091,5,24,78.49529957,0.691619749542,0.30932436209,4.50500995449,2.41107815458,5.5134869638
