,iteration,success,nllh,k,N,bic,c_sigma,sc2,tau,theta(cost=high),theta(cost=low)
0,0,True,50.9311953997,5,24,117.752659951,181.183950249,0.0244810027317,10.4401342511,271.664860745,284.731954318
