,iteration,success,nllh,k,N,bic,c_sigma,sc2,tau,theta(cost=high),theta(cost=low)
0,0,True,16.5858768918,5,24,49.0620229353,85.751192372,6.7152999011,96.5064749457,0.371521215404,0.107574264062
