,iteration,success,nllh,k,N,bic,c_sigma,sc2,tau,theta(cost=high),theta(cost=low)
0,0,True,77.6176021286,5,24,171.125473409,102.98510277,0.0480800503849,5.84798763274,312.981540933,555.834420033
