,iteration,success,nllh,k,N,bic,c_sigma,sc2,tau,theta(cost=high),theta(cost=low)
0,0,True,67.0741706128,5,24,150.038610377,205.203173701,0.032305045838,44.1445287772,296.856182379,486.385454703
