,iteration,success,nllh,k,N,bic,c_sigma,sc2,tau,theta(cost=high),theta(cost=low)
0,0,True,63.355384536,5,24,142.601038224,267.692774953,0.0148688025929,43.0282424537,499.725776974,778.930949897
