,iteration,success,nllh,k,N,bic,c_sigma,sc2,tau_trunc,theta(cost=high),theta(cost=low)
0,0,True,73.8399006687,5,24,163.570070489,51.6395700223,0.0747177528667,4.89488037676,62.8628322258,228.837068874
