,iteration,success,nllh,k,N,bic,c_sigma,sc,tau_trunc,theta(cost=high),theta(cost=low)
0,0,True,83.2235235661,5,24,182.337316284,13.0203014425,0.628630952715,0.321847971329,25.7224522639,60.1003316452
