,iteration,success,nllh,k,N,bic,c_sigma,sc,tau,theta(cost=high),theta(cost=low)
0,0,True,73.9216130127,5,24,163.733495177,4.81670763523,0.403779146473,0.0187390013994,26.4992432572,45.1827102755
