,iteration,success,nllh,k,N,bic,c_sigma,sc2,tau_trunc,theta(cost=high),theta(cost=low)
0,0,True,56.7107799544,5,24,129.31182906,121.781471157,0.0405353299539,141.989959403,92.1936284098,282.000751278
