,iteration,success,nllh,k,N,bic,c_0,sc2,tau_unif_rel,theta(cost=high),theta(cost=low)
0,0,True,87.9174062994,5,24,191.72508175,54.9046297216,0.0600415550626,76.7512469106,60.1610207508,112.314667696
