,iteration,success,nllh,k,N,bic,c_sigma,sc,tau,theta(cost=high),theta(cost=low)
0,0,True,57.4392515427,5,24,130.768772237,36.9972453404,0.0164712816673,2.94800015751,17.4655067446,111.081484222
