,iteration,success,nllh,k,N,bic,c_sigma,sc2,tau,theta(cost=high),theta(cost=low)
0,0,True,73.3913353183,5,24,162.672939788,116.75939567,0.0645534741864,6.61569203874,156.568900832,489.730428141
