,iteration,success,nllh,k,N,bic,c_sigma,sc2,tau,theta(cost=high),theta(cost=low)
0,0,True,74.9640089957,5,24,165.818287143,120.754202843,0.115467333931,10.3165366462,216.269761862,379.549886293
