,iteration,success,nllh,k,N,bic,c_sigma,sc,tau_trunc,theta(cost=high),theta(cost=low)
0,0,True,30.8768901972,5,24,77.6440495461,0.428363590002,0.200770433789,0.208020463211,13.8143878265,10.1891814047
