,iteration,success,nllh,k,N,bic,c_sigma,sc2,tau,theta(cost=high),theta(cost=low)
0,0,True,62.9903702831,5,24,141.871009718,76.9085992424,0.0622784022787,4.76873121806,166.111662145,219.914682638
