,iteration,success,nllh,k,N,bic,c_sigma,sc,tau,theta(cost=high),theta(cost=low)
0,0,True,62.8625371705,5,24,141.615343493,248.146652998,0.0264205109234,0.0545356509209,202.344187027,512.059560886
