,iteration,success,nllh,k,N,bic,c_sigma,sc,tau,theta(cost=high),theta(cost=low)
0,0,True,54.8319797579,5,24,125.554228668,6.46623684447,0.186174086645,1.98008683068,29.3769379585,34.4245555513
