,iteration,success,nllh,k,N,bic,c_sigma,sc2,tau,theta(cost=high),theta(cost=low)
0,0,True,53.2957973482,5,24,122.481863848,169.349300002,2.39590889972,188.280854972,174.883451029,169.397230364
