,iteration,success,nllh,k,N,bic,c_sigma,sc2,tau,theta(cost=high),theta(cost=low)
0,0,True,22.2898887061,5,24,60.470046564,10.7523585771,2.69963005696,179.00612161,0.337245375247,14.0944211568
