,iteration,success,nllh,k,N,bic,c_sigma,sc2,tau,theta(cost=high),theta(cost=low)
0,0,True,78.1175306489,5,24,172.12533045,63.075208142,0.0696138885856,20.496907575,224.559075185,354.10334485
