,iteration,success,nllh,k,N,bic,c_0,sc,tau_unif,theta(cost=high),theta(cost=low)
0,0,True,72.1262085384,5,24,160.142686229,31.8391972117,0.149779866051,1.79216601194,16.7558585991,82.2885004269
