,iteration,success,nllh,k,N,bic,c_sigma,sc2,tau,theta(cost=high),theta(cost=low)
0,0,True,63.1911811712,5,24,142.272631494,228.3202018,0.023984793527,32.1825416599,433.326894075,583.684174723
