,iteration,success,nllh,k,N,bic,c_sigma,sc2,tau,theta(cost=high),theta(cost=low)
0,0,True,87.7856271909,5,24,191.461523533,93.3343920226,0.0837791518423,22.2142718559,282.728953881,558.663662155
