,iteration,success,nllh,k,N,bic,c_0,tau_unif,theta(cost=high),theta(cost=low)
0,0,True,84.0605199816,4,24,180.833255285,67.5908540622,50.8195411417,79.4715510253,170.798589948
