,iteration,success,nllh,k,N,bic,c_sigma,sc2,tau,theta(cost=high),theta(cost=low)
0,0,True,61.9337355987,5,24,139.757740349,226.982559333,0.0271775581352,22.1214313001,407.38654619,421.03509344
