,iteration,success,nllh,k,N,bic,c_sigma,sc,tau,theta(cost=high),theta(cost=low)
0,0,True,62.1388338458,5,24,140.167936843,13.1943507524,0.413058206233,1.23244920536,25.6179546856,28.8563805997
