,iteration,success,nllh,k,N,bic,c_0,sc2,tau_unif_rel,theta(cost=high),theta(cost=low)
0,0,True,59.642212004,5,24,135.17469316,46.1080235855,0.0277932320004,58.6767266069,82.7250525033,97.7542428576
