,iteration,success,nllh,k,N,bic,c_sigma,sc2,tau,theta(cost=high),theta(cost=low)
0,0,True,49.4533212775,5,24,114.796911707,279.699341532,0.0242521003085,30.3106500864,230.807887763,279.543047186
