,iteration,success,nllh,k,N,bic,c,tau,theta(cost=high),theta(cost=low)
0,0,True,26.5186292839,4,24,65.7494738892,99.2712981247,74.6474425438,35.741122917,31.1752017343
