,iteration,success,nllh,k,N,bic,c_sigma,sc,tau,theta(cost=high),theta(cost=low)
0,0,True,42.780995264,5,24,101.45225968,22.7177049572,0.0509835376244,33.4617306573,8.38669688952,43.7068066713
