,iteration,success,nllh,k,N,bic,c_sigma,sc,tau_unif_rel,theta(cost=high),theta(cost=low)
0,0,True,63.0228240097,5,24,141.935917171,17.0133089655,0.148102890903,1.60579180778,29.0362703819,46.9934108543
