,iteration,success,nllh,k,N,bic,c_sigma,sc2,tau,theta(cost=high),theta(cost=low)
0,0,True,55.6939539401,5,24,127.278177032,237.261395727,0.0233929526171,14.5320505363,289.706011267,451.690735585
