,iteration,success,nllh,k,N,bic,c_sigma,sc2,tau,theta(cost=high),theta(cost=low)
0,0,True,69.6798158684,5,24,155.249900888,203.710224202,0.027911493449,94.4921745156,466.185101963,596.935016066
