,iteration,success,nllh,k,N,bic,c_sigma,sc,tau,theta(cost=high),theta(cost=low)
0,0,True,63.0118703726,5,24,141.914009897,18.2185959022,0.0877148084222,32.1626136532,14.0847262646,121.540932723
