,iteration,success,nllh,k,N,bic,c_sigma,sc,tau,theta(cost=high),theta(cost=low)
0,0,True,62.1610209879,5,24,140.212311127,9.19291502956,0.454878336699,0.104447897326,13.7718800307,23.5818411136
