,iteration,success,nllh,k,N,bic,c_sigma,sc,tau,theta(cost=high),theta(cost=low)
0,0,True,20.9976889242,5,24,57.8856470001,0.891628959569,0.438132259028,80.7245824016,0.185431393088,6.26602777543
