,iteration,success,nllh,k,N,bic,c_sigma,sc2,tau_trunc,theta(cost=high),theta(cost=low)
0,0,True,65.6393083712,5,24,147.168885894,92.0951127434,0.102141427242,17.8436817153,41.2683410845,289.931107451
