,iteration,success,nllh,k,N,bic,c,r,tau,theta(cost=high),theta(cost=low)
0,0,True,55.251801253,5,24,126.393871658,33.5248568117,0.0805213363633,0.128474381083,43.9019841557,383.187336289
