,iteration,success,nllh,k,N,bic,c_sigma,sc,tau,theta(cost=high),theta(cost=low)
0,0,True,49.4253360905,5,24,114.740941333,4.36424144453,0.14738922067,0.0196064845922,13.3119881129,47.9825738255
