,iteration,success,nllh,k,N,bic,c_sigma,sc,tau_unif,theta(cost=high),theta(cost=low)
0,0,True,52.7367108568,5,24,121.363690865,8.20546433176,0.134394521021,34.8855233927,9.67921191968,50.2673504152
