,iteration,success,nllh,k,N,bic,c_sigma,sc,tau,theta(cost=high),theta(cost=low)
0,0,True,50.8381870919,5,24,117.566643336,40.5855921789,0.265331648103,0.92273274372,23.5445979217,51.1367083375
