,iteration,success,nllh,k,N,bic,c_sigma,sc,tau,theta(cost=high),theta(cost=low)
0,0,True,52.104148785,5,24,120.098566722,230.387917122,0.473016175475,0.0780901188878,209.587769548,179.170995768
