,iteration,success,nllh,k,N,bic,c_0,tau_unif,theta(cost=high),theta(cost=low)
0,0,True,74.5089667612,4,24,161.730148844,54.8116256664,12.4499590242,63.821926537,65.9270919916
