,iteration,success,nllh,k,N,bic,c_sigma,sc,tau,theta(cost=high),theta(cost=low)
0,0,True,76.0296556409,5,24,167.949580434,146.233803312,0.0103347849446,0.033714551695,201.186535783,545.634951041
