,iteration,success,nllh,k,N,bic,c_sigma,sc2,tau,theta(cost=high),theta(cost=low)
0,0,True,98.8413678402,5,24,213.573004832,65.0815233235,0.121469926834,26.8315169125,366.133790463,591.394074701
