,iteration,success,nllh,k,N,bic,c_sigma,sc,tau,theta(cost=high),theta(cost=low)
0,0,True,57.010622073,5,24,129.911513298,32.8944849491,0.0253112266022,1.64152003008,12.979366333,111.366334798
