,iteration,success,nllh,k,N,bic,c_sigma,sc,tau,theta(cost=high),theta(cost=low)
0,0,True,55.3249146342,5,24,126.54009842,11.9429896364,0.0138879662805,1.96670267932,18.2629525644,68.2192914787
