,iteration,success,nllh,k,N,bic,c_sigma,sc,tau_unif,theta(cost=high),theta(cost=low)
0,0,True,75.2797184796,5,24,166.449706111,72.6895524333,0.545699386505,0.379256583899,107.656284738,183.209774888
