,iteration,success,nllh,k,N,bic,c_sigma,sc,tau_trunc,theta(cost=high),theta(cost=low)
0,0,True,61.3388112093,5,24,138.56789157,0.772731193586,0.259564193486,119.67487013,8.35939499138,66.8817292765
