,iteration,success,nllh,k,N,bic,c,r,tau,theta(cost=high),theta(cost=low)
0,0,True,63.9943855919,5,24,143.879040335,2.69726022842,0.0587448352879,0.004730097295,117.181525404,364.812069547
