,iteration,success,nllh,k,N,bic,c_0,sc2,tau_unif_rel,theta(cost=high),theta(cost=low)
0,0,True,69.530050793,5,24,154.950370738,51.4376026182,0.0533471155084,109.53966004,89.6477755386,130.489746906
