,iteration,success,nllh,k,N,bic,c_0,pow_gain,tau_unif_rel,theta(cost=high),theta(cost=low)
0,0,True,91.0789832256,5,24,198.048235603,68.9646302936,1.08465626507,79.6615239579,144.443971689,156.524131827
