,iteration,success,nllh,k,N,bic,c_sigma,sc2,tau,theta(cost=high),theta(cost=low)
0,0,True,31.8458672689,5,24,79.5820036895,190.944495551,0.0167571504386,11.5424799007,60.2078509636,120.171210008
