,iteration,success,nllh,k,N,bic,c_0,sc,tau_unif_rel,theta(cost=high),theta(cost=low)
0,0,True,71.5543901522,5,24,158.999049456,22.2970752889,0.330459609605,0.866078162133,44.9822942043,59.884758275
