,iteration,success,nllh,k,N,bic,c_sigma,sc,tau,theta(cost=high),theta(cost=low)
0,0,True,58.1960155351,5,24,132.282300222,147.738984389,0.0152009892825,8.03506401623,124.44409184,251.607411763
