,iteration,success,nllh,k,N,bic,c_sigma,sc,tau,theta(cost=high),theta(cost=low)
0,0,True,80.7631035239,5,24,177.4164762,22.1750666227,0.231649078635,0.0666074457042,56.2901450881,111.1530091
