,iteration,success,nllh,k,N,bic,c_sigma,sc2,tau,theta(cost=high),theta(cost=low)
0,0,True,74.0418585594,5,24,163.973986271,74.8224828942,0.0724458395397,6.33222926827,127.639974946,340.873289058
