,iteration,success,nllh,k,N,bic,c_sigma,sc,tau,theta(cost=high),theta(cost=low)
0,0,True,69.2557989163,5,24,154.401866984,42.4309019011,0.214248202859,2.06214961194,44.1085904149,65.9805564601
