,iteration,success,nllh,k,N,bic,c_0,sc2,tau_unif_rel,theta(cost=high),theta(cost=low)
0,0,True,113.107077567,5,24,242.104424286,50.8162870463,0.598633448069,66.6017706927,66.1568568598,84.0513276724
