,iteration,success,nllh,k,N,bic,c_sigma,sc,tau,theta(cost=high),theta(cost=low)
0,0,True,78.7095991593,5,24,173.30946747,22.9703973059,0.175360918992,3.88188719912,42.2758401363,155.986463882
