,iteration,success,nllh,k,N,bic,c_0,tau_unif,theta(cost=high),theta(cost=low)
0,0,True,65.1004981624,4,24,142.913211646,32.2564684073,20.0336049721,50.3949599003,49.1964939709
