,iteration,success,nllh,k,N,bic,c_sigma,sc,tau,theta(cost=high),theta(cost=low)
0,0,True,68.9830915607,5,24,153.856452273,12.4160170752,0.060730690155,0.0271247106363,45.075684681,76.3289360412
