,iteration,success,nllh,k,N,bic,c_sigma,sc2,tau,theta(cost=high),theta(cost=low)
0,0,True,98.6620013063,5,24,213.214271764,40.8498984925,0.209356494814,26.2262002851,239.742817622,374.836472377
