,iteration,success,nllh,k,N,bic,c_0,sc,tau_unif_rel,theta(cost=high),theta(cost=low)
0,0,True,71.9084313484,5,24,159.707131848,43.2041052803,0.386637129098,0.510048403258,22.8904169651,57.3159439144
