,iteration,success,nllh,k,N,bic,c_sigma,sc,tau,theta(cost=high),theta(cost=low)
0,0,True,39.2629062852,5,24,94.4160817222,20.4657353569,0.0235197388306,25.432137448,6.34878569486,33.3418136299
