,iteration,success,nllh,k,N,bic,c_sigma,sc2,tau,theta(cost=high),theta(cost=low)
0,0,True,57.9347249748,5,24,131.759719101,129.670493888,0.112645188649,31.6528701697,48.7096624421,334.010920131
