,iteration,success,nllh,k,N,bic,c_sigma,sc,tau_normal,theta(cost=high),theta(cost=low)
0,0,True,69.0047676625,5,24,153.899804477,10.2205084877,0.16891249295,0.948598525217,35.636343559,69.2096217044
