,iteration,success,nllh,k,N,bic,c_sigma,sc,tau_trunc,theta(cost=high),theta(cost=low)
0,0,True,54.8825544148,5,24,125.655377981,7.38362340987,0.133483725438,0.687014793968,32.5829025468,36.5758689155
