,iteration,success,nllh,k,N,bic,sc,tau_unif_rel,theta(cost=high),theta(cost=low)
0,0,True,39.0289665649,4,24,90.7701484513,0.05090690825,49.5639231868,5.89806903893,30.4551851507
