,iteration,success,nllh,k,N,bic,c_sigma,sc2,tau,theta(cost=high),theta(cost=low)
0,0,True,99.8141229425,5,24,215.518515037,116.676266662,0.0691774071362,1.92714328489,633.297318002,775.29541469
