,iteration,success,nllh,k,N,bic,c_sigma,sc2,tau,theta(cost=high),theta(cost=low)
0,0,True,78.3080531746,5,24,172.506375501,37.1282570767,0.215167578567,11.9623871373,76.1165617618,167.459566731
