,iteration,success,nllh,k,N,bic,c_sigma,sc2,tau,theta(cost=high),theta(cost=low)
0,0,True,54.6037312465,5,24,125.097731645,113.507292337,0.0375977313943,161.911612527,69.6187046141,423.806726736
