,iteration,success,nllh,k,N,bic,c_sigma,sc,tau,theta(cost=high),theta(cost=low)
0,0,True,76.8837662238,5,24,169.657801599,63.2995411622,0.0501527039119,5.04329073905,96.0354749347,185.515316962
