,iteration,success,nllh,k,N,bic,c_sigma,sc,tau,theta(cost=high),theta(cost=low)
0,0,True,81.7795239896,5,24,179.449317131,22.5922047532,0.310067191887,0.380931235954,30.5542063541,103.03348413
