,iteration,success,nllh,k,N,bic,c_sigma,sc,tau,theta(cost=high),theta(cost=low)
0,0,True,49.9269640372,5,24,115.744197226,18.2981775017,0.102565291398,0.14745521416,2.20626862252,83.6840162378
