,iteration,success,nllh,k,N,bic,c_sigma,sc,tau,theta(cost=high),theta(cost=low)
0,0,True,95.5364001813,5,24,206.963069514,65.0664608831,0.15952234819,1.85223077071,115.36768228,183.770667858
