,iteration,success,nllh,k,N,bic,c_sigma,sc,tau,theta(cost=high),theta(cost=low)
0,0,True,43.8490046132,5,24,103.588278378,9.030963147,0.102383520225,1.01687785293,20.03729016,19.7867917799
