,iteration,success,nllh,k,N,bic,c_sigma,sc,tau,theta(cost=high),theta(cost=low)
0,0,True,66.6920084362,5,24,149.274286024,17.767291541,0.209543639482,0.317217168509,20.9474665498,52.9173652016
