,iteration,success,nllh,k,N,bic,c_sigma,sc,tau,theta(cost=high),theta(cost=low)
0,0,True,74.4564566743,5,24,164.8031825,198.167658763,0.059988676234,9.84963147393,370.971383354,469.369115213
