,iteration,success,nllh,k,N,bic,c_0,sc,tau_unif,theta(cost=high),theta(cost=low)
0,0,True,72.7888920011,5,24,161.468053154,30.9555294845,0.0886023955928,3.30762515961,18.5659866238,86.4639892481
