,iteration,success,nllh,k,N,bic,c_sigma,sc,tau_unif,theta(cost=high),theta(cost=low)
0,0,True,82.0370465477,5,24,179.964362247,35.7139680666,0.228197258572,4.46724474177,44.5212733852,149.376018655
