,iteration,success,nllh,k,N,bic,c_sigma,sc2,tau,theta(cost=high),theta(cost=low)
0,0,True,16.5748138849,5,24,49.0398969216,291.904462909,2.29739244387,135.641145884,1.13366962766,0.574906913817
