,iteration,success,nllh,k,N,bic,c_sigma,sc2,tau,theta(cost=high),theta(cost=low)
0,0,True,55.2634849341,5,24,126.41723902,103.195934914,0.0342382471651,2.98624306763,116.017431913,369.940391328
