,iteration,success,nllh,k,N,bic,c_sigma,sc2,tau,theta(cost=high),theta(cost=low)
0,0,True,40.1040822507,5,24,96.0984336532,116.954689579,0.0236308786033,11.2405694165,166.393284237,149.554457564
