,iteration,success,nllh,k,N,bic,c_sigma,sc2,tau,theta(cost=high),theta(cost=low)
0,0,True,61.314560172,5,24,138.519389496,163.518998049,0.0215757600999,7.60804393461,297.45581462,554.457201081
