,iteration,success,nllh,k,N,bic,c_sigma,sc,tau,theta(cost=high),theta(cost=low)
0,0,True,50.5440579755,5,24,116.978385103,19.4116147183,0.152033928244,0.00294332578229,0.171429488161,90.3829378891
