,iteration,success,nllh,k,N,bic,c_sigma,sc,tau,theta(cost=high),theta(cost=low)
0,0,True,78.0407866219,5,24,171.971842395,31.020506266,0.0542606227936,9.59870524314,72.8159584341,170.6311143
