,iteration,success,nllh,k,N,bic,c_0,tau_unif,theta(cost=high),theta(cost=low)
0,0,True,46.6469773036,4,24,106.006169928,21.9851095454,54.8662091668,45.1642912882,14.1633770534
