,iteration,success,nllh,k,N,bic,c_sigma,sc,tau,theta(cost=high),theta(cost=low)
0,0,True,60.8438382407,5,24,137.577945633,118.952149246,0.0457764000766,9.00678954256,0.219942892605,507.381039144
