,iteration,success,nllh,k,N,bic,c,r,tau,theta(cost=high),theta(cost=low)
0,0,True,84.8870556758,5,24,185.664380503,25.0058612529,0.0403037654659,0.53253348557,112.185824942,265.660039057
