,iteration,success,nllh,k,N,bic,c_sigma,sc2,tau,theta(cost=high),theta(cost=low)
0,0,True,63.2321119961,5,24,142.354493144,77.7728430845,0.0536516760609,2.23529352706,140.805599034,231.233904745
