,iteration,success,nllh,k,N,bic,c_sigma,sc,tau_trunc,theta(cost=high),theta(cost=low)
0,0,True,51.7434127301,5,24,119.377094612,222.84446688,0.430848824903,0.569435050482,192.116529394,193.662680611
