,iteration,success,nllh,k,N,bic,c_0,sc2,tau_unif_rel,theta(cost=high),theta(cost=low)
0,0,True,83.227860068,5,24,182.345989288,38.0937393416,0.0527703649593,105.710044795,116.598249267,142.173568065
