,iteration,success,nllh,k,N,bic,c_sigma,sc,tau,theta(cost=high),theta(cost=low)
0,0,True,64.0544589943,5,24,143.99918714,9.21709679566,0.0268375607209,4.48910161601,35.1540496453,110.527258768
