,iteration,success,nllh,k,N,bic,c_0,sc,tau_unif_rel,theta(cost=high),theta(cost=low)
0,0,True,76.7077724734,5,24,169.305814099,39.1497992817,0.569201792694,3.3224072628,24.690032014,42.8294706643
