,iteration,success,nllh,k,N,bic,c_0,sc,tau_rel,theta(cost=high),theta(cost=low)
0,0,True,20.7597371155,5,24,57.4097433827,3.23425392683,0.210245813681,47.0907357191,0.35737122948,7.73134039974
