,iteration,success,nllh,k,N,bic,c_sigma,sc2,tau,theta(cost=high),theta(cost=low)
0,0,True,75.191060017,5,24,166.272389186,115.122139362,0.239296780388,13.6694589307,118.953373945,259.901757497
