,iteration,success,nllh,k,N,bic,sc,tau_unif_rel,theta(cost=high),theta(cost=low)
0,0,True,52.1918319105,4,24,117.095879142,0.204037148181,19.5882119812,9.81141515729,32.9518083613
