,iteration,success,nllh,k,N,bic,c_sigma,sc2,tau,theta(cost=high),theta(cost=low)
0,0,True,51.3053552918,5,24,118.500979735,178.026209238,0.0332411402241,18.0635810659,23.5086818833,563.826215552
