,iteration,success,nllh,k,N,bic,c_sigma,sc,tau_unif,theta(cost=high),theta(cost=low)
0,0,True,49.4967671071,5,24,114.883803366,13.3136469939,0.0269598133628,42.1069465718,2.17402444756,87.6516853345
