,iteration,success,nllh,k,N,bic,c_sigma,sc,tau,theta(cost=high),theta(cost=low)
0,0,True,49.8772055,5,24,115.644680152,137.998278327,0.565508769996,3.37536954535,65.6960169836,135.199413207
