,iteration,success,nllh,k,N,bic,c_sigma,sc2,tau,theta(cost=high),theta(cost=low)
0,0,True,49.4597454111,5,24,114.809759974,194.174324777,0.0299726381296,14.3592020575,179.928990847,181.204491408
