,iteration,success,nllh,k,N,bic,c_sigma,sc,tau,theta(cost=high),theta(cost=low)
0,0,True,62.6888500676,5,24,141.267969287,26.7480617502,0.0456738775476,2.65520791406,53.7209465649,53.7246350025
