,iteration,success,nllh,k,N,bic,c_sigma,sc,tau,theta(cost=high),theta(cost=low)
0,0,True,25.7734127868,5,24,67.4370947254,89.4578432002,0.453977265031,21.1741587684,8.44166282397,16.9102522234
