,iteration,success,nllh,k,N,bic,c_sigma,sc2,tau,theta(cost=high),theta(cost=low)
0,0,True,53.4626811834,5,24,122.815631519,440.909258025,0.0103441823408,3.51084537788,549.066451123,665.578545752
