,iteration,success,nllh,k,N,bic,c_sigma,sc2,tau,theta(cost=high),theta(cost=low)
0,0,True,52.6745507161,5,24,121.239370584,205.602850388,0.0302352944791,7.64406981261,119.474622741,373.223045481
