,iteration,success,nllh,k,N,bic,c_sigma,sc,tau,theta(cost=high),theta(cost=low)
0,0,True,39.4280051709,5,24,94.7462794935,16.0555306934,0.0314649138614,24.4140990054,5.32396042282,25.6151716955
