,iteration,success,nllh,k,N,bic,c_0,sc2,tau_unif_rel,theta(cost=high),theta(cost=low)
0,0,True,73.0245360208,5,24,161.939341193,52.4319303766,0.0811183107576,89.7081582232,91.1244692161,97.2972357029
