,iteration,success,nllh,k,N,bic,c,r,tau,theta(cost=high),theta(cost=low)
0,0,True,88.2089621594,5,24,192.308193471,61.5564192353,0.0201200853069,0.14855636361,164.59039813,435.464209513
