,iteration,success,nllh,k,N,bic,c_0,sc,tau_rel,theta(cost=high),theta(cost=low)
0,0,True,71.7510652944,5,24,159.392399741,48.5804142579,0.294478347234,43.4152197539,27.9110673164,83.9801606732
