,iteration,success,nllh,k,N,bic,c,r,tau,theta(cost=high),theta(cost=low)
0,0,True,65.8741835369,5,24,147.638636226,51.0627762171,0.0525332703139,31.17202053,13.6361106957,331.04436872
