,iteration,success,nllh,k,N,bic,c_sigma,sc2,tau,theta(cost=high),theta(cost=low)
0,0,True,79.5436137591,5,24,174.97749667,143.441912489,0.0608563457862,183.089221066,223.783574681,841.783819489
