,iteration,success,nllh,k,N,bic,c_sigma,sc,tau,theta(cost=high),theta(cost=low)
0,0,True,76.9624482112,5,24,169.815165574,174.831913285,0.0290749983047,0.0190268276,292.979395378,515.092737682
