,iteration,success,nllh,k,N,bic,c_sigma,sc,tau,theta(cost=high),theta(cost=low)
0,0,True,23.3248250192,5,24,62.5399191901,10.4553956427,0.963904808221,49.7291720024,0.184276756162,8.96624073293
