,iteration,success,nllh,k,N,bic,c_0,tau_unif,theta(cost=high),theta(cost=low)
0,0,True,61.2750812215,4,24,135.262377764,83.8665769201,1.51839536204,55.8227467753,159.764715163
