,iteration,success,nllh,k,N,bic,c_sigma,sc2,tau,theta(cost=high),theta(cost=low)
0,0,True,53.6708474182,5,24,123.231963988,190.542137138,1.08129441932,123.059251821,174.748272739,146.643771538
