,iteration,success,nllh,k,N,bic,c_0,sc2,tau_unif_rel,theta(cost=high),theta(cost=low)
0,0,True,111.966846214,5,24,239.823961579,57.2262819419,0.138045012905,68.163619187,69.5491720943,150.717409437
