,iteration,success,nllh,k,N,bic,sc,tau_unif_rel,theta(cost=high),theta(cost=low)
0,0,True,56.1402886228,4,24,124.992792567,0.448032812942,1.1227332106,15.2881948367,15.4134726259
