,iteration,success,nllh,k,N,bic,c_sigma,sc2,tau,theta(cost=high),theta(cost=low)
0,0,True,59.3700052525,5,24,134.630279657,232.94444447,0.0293025048395,11.3955315353,228.782338927,548.654785465
