,iteration,success,nllh,k,N,bic,c_sigma,sc2,tau,theta(cost=high),theta(cost=low)
0,0,True,69.7732116062,5,24,155.436692364,189.148119503,0.030324734312,84.7158928908,395.933653234,515.474545283
