,iteration,success,nllh,k,N,bic,c_sigma,sc2,tau,theta(cost=high),theta(cost=low)
0,0,True,61.1016947263,5,24,138.093658604,95.1149590544,0.0448154787073,7.34085104565,167.411782724,279.029407153
