,iteration,success,nllh,k,N,bic,c_0,sc2,tau_unif_rel,theta(cost=high),theta(cost=low)
0,0,True,72.7393764256,5,24,161.369022003,90.3863844175,0.0812480458465,182.996056971,81.7476079076,186.66733358
