,iteration,success,nllh,k,N,bic,c_sigma,sc2,tau,theta(cost=high),theta(cost=low)
0,0,True,68.7741759019,5,24,153.438620956,122.804961841,0.0497309309828,0.21080984428,198.407796185,414.781020662
