,iteration,success,nllh,k,N,bic,c_sigma,sc,tau,theta(cost=high),theta(cost=low)
0,0,True,54.4847276586,5,24,124.859724469,59.2661507619,0.0354569892539,49.4937568859,56.3277448012,54.9902377081
