,iteration,success,nllh,k,N,bic,c_0,sc2,tau_unif_rel,theta(cost=high),theta(cost=low)
0,0,True,68.4905210686,5,24,152.871311289,44.7535539374,0.0776151579728,61.6479845295,48.2736583104,155.996994724
