,iteration,success,nllh,k,N,bic,c_0,tau_unif,theta(cost=high),theta(cost=low)
0,0,True,72.8034573247,4,24,158.319129971,54.3434150388,16.7579526392,55.6762956188,84.7050401246
