,iteration,success,nllh,k,N,bic,c_sigma,sc,tau,theta(cost=high),theta(cost=low)
0,0,True,60.7887696865,5,24,137.467808525,6.70409408306,0.110386923137,5.46811691332,27.1471613238,82.6302878354
