,iteration,success,nllh,k,N,bic,c_sigma,sc,tau_unif,theta(cost=high),theta(cost=low)
0,0,True,74.3348676947,5,24,164.560004541,32.012005128,0.108343990346,12.7335992226,86.6971273384,84.7222049447
