,iteration,success,nllh,k,N,bic,c_sigma,sc,tau,theta(cost=high),theta(cost=low)
0,0,True,66.4535746064,5,24,148.797418364,93.446586816,0.201504112712,20.4166880655,67.1277774971,81.7361854651
