,iteration,success,nllh,k,N,bic,c_sigma,sc2,tau,theta(cost=high),theta(cost=low)
0,0,True,80.1527883452,5,24,176.195845842,52.8876959103,0.164928511135,88.0332659019,92.0669703207,317.937067517
