,iteration,success,nllh,k,N,bic,c_sigma,sc2,tau,theta(cost=high),theta(cost=low)
0,0,True,41.4682521646,5,24,98.8267734809,295.221875649,2.40414968439,6.59070731973,157.336388935,149.747709311
