,iteration,success,nllh,k,N,bic,c_sigma,sc2,tau,theta(cost=high),theta(cost=low)
0,0,True,74.7596053449,5,24,165.409479842,117.015035565,0.365651402649,30.8306779799,120.422819094,318.049694665
