,iteration,success,nllh,k,N,bic,c_sigma,sc,tau,theta(cost=high),theta(cost=low)
0,0,True,77.2224567174,5,24,170.335182587,179.399531119,0.605992836776,28.5585178282,249.131072239,483.142295686
