,iteration,success,nllh,k,N,bic,c_0,sc,tau_unif_rel,theta(cost=high),theta(cost=low)
0,0,True,56.0969458739,5,24,128.0841609,44.5443460722,0.402680153951,0.599738290078,18.0218157727,17.9478425693
