,iteration,success,nllh,k,N,bic,c_sigma,sc,tau,theta(cost=high),theta(cost=low)
0,0,True,98.5874927633,5,24,213.065254678,20.1426638368,0.0461725110403,12.6548241292,200.224081716,193.809070342
