,iteration,success,nllh,k,N,bic,c_sigma,sc2,tau_trunc,theta(cost=high),theta(cost=low)
0,0,True,52.7061382648,5,24,121.302545681,146.996405663,0.0370327058001,21.4082713199,76.2029570834,263.670682234
