,iteration,success,nllh,k,N,bic,c_sigma,sc,tau_unif,theta(cost=high),theta(cost=low)
0,0,True,51.2577855716,5,24,118.405840295,114.076710837,0.0686712624481,13.4841019416,54.3407269491,164.070864181
