,iteration,success,nllh,k,N,bic,c_0,tau_unif,theta(cost=high),theta(cost=low)
0,0,True,50.5398470945,4,24,113.79190951,56.3663084491,18.5042850106,0.395287720652,99.3039840999
