,iteration,success,nllh,k,N,bic,c_0,tau_unif,theta(cost=high),theta(cost=low)
0,0,True,91.4188904377,4,24,195.549996197,49.7803954273,41.3561855345,99.222113672,90.8582989821
