,iteration,success,nllh,k,N,bic,c_sigma,sc,tau_trunc,theta(cost=high),theta(cost=low)
0,0,True,80.6494213248,5,24,177.189111801,12.9938616323,0.24108242068,48.7113459489,20.5010143767,102.232064517
