,iteration,success,nllh,k,N,bic,c_sigma,sc2,tau,theta(cost=high),theta(cost=low)
0,0,True,59.481445524,5,24,134.8531602,112.167319398,0.0546713451415,10.575409984,103.315816294,271.447047396
