,iteration,success,nllh,k,N,bic,c_sigma,sc,tau,theta(cost=high),theta(cost=low)
0,0,True,63.1077872908,5,24,142.105843733,7.25014221361,0.219751086524,1.00301776745,36.4606277234,41.2583787734
