,iteration,success,nllh,k,N,bic,c_sigma,sc,tau_trunc,theta(cost=high),theta(cost=low)
0,0,True,62.2232248853,5,24,140.336718922,9.20447380879,0.17593058857,91.1603356964,11.8960016944,48.717593394
