,iteration,success,nllh,k,N,bic,c_0,sc,tau_unif_rel,theta(cost=high),theta(cost=low)
0,0,True,54.2374926865,5,24,124.365254525,50.4788811836,0.315151602356,7.01372379867,15.8971538204,20.2981489606
