,iteration,success,nllh,k,N,bic,c_sigma,sc2,tau,theta(cost=high),theta(cost=low)
0,0,True,21.2194829437,5,24,58.3292350391,18.3469839807,0.389653904963,174.919707311,0.468626053682,17.2694832145
