,iteration,success,nllh,k,N,bic,c_sigma,sc2,tau,theta(cost=high),theta(cost=low)
0,0,True,53.6344738719,5,24,123.159216896,218.978879998,0.0219580859347,14.6027287423,284.518874776,322.486780175
