,iteration,success,nllh,k,N,bic,c_0,tau_unif,theta(cost=high),theta(cost=low)
0,0,True,55.4147739178,4,24,123.541763157,99.8744999518,5.10494028891,76.1241715275,88.8520727572
