,iteration,success,nllh,k,N,bic,c_sigma,sc,tau,theta(cost=high),theta(cost=low)
0,0,True,75.6891549542,5,24,167.26857906,36.6298789154,0.456828609388,2.79637437811,61.8825216887,110.775632149
