,iteration,success,nllh,k,N,bic,c_sigma,sc2,tau,theta(cost=high),theta(cost=low)
0,0,True,28.8196141116,5,24,73.5294973749,76.3404229129,2.43065761035,162.456643005,23.7176031547,27.7294382813
