,iteration,success,nllh,k,N,bic,sc,tau_unif_rel,theta(cost=high),theta(cost=low)
0,0,True,59.7959424314,4,24,132.304100184,0.289684455878,4.80977955779,21.3657549363,35.1231800178
