,iteration,success,nllh,k,N,bic,c_0,sc,tau_unif,theta(cost=high),theta(cost=low)
0,0,True,71.4884066894,5,24,158.867082531,4.93750768008,0.172916784447,26.0047167732,38.6411314802,44.932634565
