,iteration,success,nllh,k,N,bic,c_sigma,sc2,tau,theta(cost=high),theta(cost=low)
0,0,True,63.3826296469,5,24,142.655528446,60.0751043673,0.0973273874571,55.5462858422,53.4547338659,248.472583245
