,iteration,success,nllh,k,N,bic,c_sigma,sc,tau,theta(cost=high),theta(cost=low)
0,0,True,41.2635822168,5,24,98.4174335853,271.811105536,0.762594041316,50.7525666592,133.697764545,136.932301316
