,iteration,success,nllh,k,N,bic,c_sigma,sc2,tau,theta(cost=high),theta(cost=low)
0,0,True,58.284132354,5,24,132.45853386,58.0355987894,0.0972013234488,22.2984696195,20.3680624747,278.554277996
