,iteration,success,nllh,k,N,bic,c,r,tau,theta(cost=high),theta(cost=low)
0,0,True,79.1904983312,5,24,174.271265814,43.2262879721,0.0414740805626,70.2968848156,72.086855978,253.890250189
