,iteration,success,nllh,k,N,bic,c_sigma,sc2,tau,theta(cost=high),theta(cost=low)
0,0,True,74.5881252874,5,24,165.066519727,152.205286707,0.0468557467375,12.703649106,409.843132467,510.065231235
