,iteration,success,nllh,k,N,bic,c_sigma,sc,tau_unif,theta(cost=high),theta(cost=low)
0,0,True,63.6897456891,5,24,143.26976053,10.0859283159,0.0159238702209,7.16943532995,28.9069563711,146.703048488
