,iteration,success,nllh,k,N,bic,sc,tau_unif_rel,theta(cost=high),theta(cost=low)
0,0,True,61.9158341738,4,24,136.543883669,0.285570620435,5.45061819018,23.0498785554,25.3115537149
