,iteration,success,nllh,k,N,bic,c_0,sc,tau_unif_rel,theta(cost=high),theta(cost=low)
0,0,True,71.9785184528,5,24,159.847306057,49.2943174566,0.248362414828,0.347719156874,29.5346096154,88.15734335
