,iteration,success,nllh,k,N,bic,c_0,sc2,tau_unif_rel,theta(cost=high),theta(cost=low)
0,0,True,78.8229453254,5,24,173.536159803,55.0290569846,0.0460353266964,107.078830494,101.743777076,153.762459464
