,iteration,success,nllh,k,N,bic,c_sigma,sc2,tau,theta(cost=high),theta(cost=low)
0,0,True,63.341221342,5,24,142.572711836,104.18516158,0.0562378533451,77.9569183682,73.6265317491,481.306362523
