,iteration,success,nllh,k,N,bic,c_sigma,sc,tau,theta(cost=high),theta(cost=low)
0,0,True,87.8942654428,5,24,191.678800037,7.3714560697,0.930322810045,0.861395524177,25.0775445099,50.3973781868
