,iteration,success,nllh,k,N,bic,c_sigma,sc2,tau,theta(cost=high),theta(cost=low)
0,0,True,39.2966168907,5,24,94.4835029331,132.172272865,1.36876960855,50.9227665676,49.2772133464,63.6998679545
