,iteration,success,nllh,k,N,bic,c_0,tau_unif,theta(cost=high),theta(cost=low)
0,0,True,50.3785136275,4,24,113.469242576,40.3758524411,3.81664009573,16.4129571808,44.7938384223
