,iteration,success,nllh,k,N,bic,c_sigma,sc,tau,theta(cost=high),theta(cost=low)
0,0,True,63.4964670495,5,24,142.883203251,11.2408754694,0.0676611077003,9.35206925152,48.4013438701,63.6315830773
