,iteration,success,nllh,k,N,bic,c_sigma,tau_unif,theta(cost=high),theta(cost=low)
0,0,True,84.1378862382,4,24,180.987987798,53.4697239294,2.873291699,161.693111708,213.528459509
