,iteration,success,nllh,k,N,bic,c_sigma,sc,tau,theta(cost=high),theta(cost=low)
0,0,True,75.4595847336,5,24,166.809438619,93.9128081995,0.0710204568003,6.8245642429,127.499511853,188.442215573
