,iteration,success,nllh,k,N,bic,c_sigma,sc,tau_trunc,theta(cost=high),theta(cost=low)
0,0,True,72.4562080249,5,24,160.802685201,23.7928884488,0.0619880216467,1.78595535896,55.0810691687,144.455484519
