,iteration,success,nllh,k,N,bic,c_sigma,sc,tau,theta(cost=high),theta(cost=low)
0,0,True,55.3439062343,5,24,126.57808162,6.63432725162,0.0627074014012,0.0263636853804,24.513195433,47.4815615308
