,iteration,success,nllh,k,N,bic,c_0,sc2,tau_unif_rel,theta(cost=high),theta(cost=low)
0,0,True,85.5706135549,5,24,187.031496262,41.8486345138,0.154107704289,35.650973886,56.1420750253,110.657503819
