,iteration,success,nllh,k,N,bic,c_sigma,sc,tau,theta(cost=high),theta(cost=low)
0,0,True,48.4543005286,5,24,112.798870209,79.277224885,0.37780084452,10.4811298245,15.5731514474,32.1060439777
