,iteration,success,nllh,k,N,bic,c_sigma,sc2,tau,theta(cost=high),theta(cost=low)
0,0,True,81.5892216808,5,24,179.068712513,99.5550388668,0.0936751614033,25.5269224347,129.760681694,408.618194298
