,iteration,success,nllh,k,N,bic,c_0,sc,tau_unif_rel,theta(cost=high),theta(cost=low)
0,0,True,59.2846345488,5,24,134.459538249,34.6425140908,0.255658745032,100.451435518,24.6875245329,65.1984976778
