,iteration,success,nllh,k,N,bic,c_sigma,tau,theta(cost=high),theta(cost=low)
0,0,True,41.2739119731,4,24,95.2600392677,234.65459218,1.33184990552,115.42186569,127.676793502
