,iteration,success,nllh,k,N,bic,c_sigma,sc2,tau_trunc,theta(cost=high),theta(cost=low)
0,0,True,51.8004176585,5,24,119.491104469,240.84912565,5.19346646989,19.0335613007,225.777750665,203.913396296
