,iteration,success,nllh,k,N,bic,c_0,sc2,tau_unif_rel,theta(cost=high),theta(cost=low)
0,0,True,81.3170970018,5,24,178.524463155,41.8657831319,0.129318186131,36.6792003443,43.223105741,102.065470879
