,iteration,success,nllh,k,N,bic,c_sigma,sc2,tau,theta(cost=high),theta(cost=low)
0,0,True,62.9023428347,5,24,141.694954821,120.476980883,0.0434397937455,13.2739628936,200.778352687,302.237047401
