,iteration,success,nllh,k,N,bic,c_sigma,sc,tau,theta(cost=high),theta(cost=low)
0,0,True,43.8963036687,5,24,103.682876489,9.55317526994,0.0807788978787,0.0251027428686,23.4237337868,18.9552826942
