,iteration,success,nllh,k,N,bic,c_sigma,sc,tau_unif,theta(cost=high),theta(cost=low)
0,0,True,77.4931561982,5,24,170.876581548,25.7479334917,0.172741782372,12.3242698385,54.6036308525,116.583390208
