,iteration,success,nllh,k,N,bic,c_sigma,sc2,tau,theta(cost=high),theta(cost=low)
0,0,True,88.2893500888,5,24,192.468969329,52.0877089232,0.120568272203,17.8406241122,158.412133884,325.214697187
