,iteration,success,nllh,k,N,bic,c_sigma,sc,tau,theta(cost=high),theta(cost=low)
0,0,True,76.3501971619,5,24,168.590663476,2.61943375742,0.0103458102303,0.725301662867,36.0998501204,166.776549944
