,iteration,success,nllh,k,N,bic,c_0,sc2,tau_unif_rel,theta(cost=high),theta(cost=low)
0,0,True,61.8284215694,5,24,139.547112291,51.7685650645,0.109033959478,92.7914380615,9.76665886343,157.063014324
