,iteration,success,nllh,k,N,bic,c_sigma,sc2,tau,theta(cost=high),theta(cost=low)
0,0,True,81.4369287907,5,24,178.764126733,201.306556413,0.0386108728974,43.3968384151,284.230511178,846.280087798
