,iteration,success,nllh,k,N,bic,c_sigma,sc2,tau,theta(cost=high),theta(cost=low)
0,0,True,28.8677132541,5,24,73.6256956599,115.49990466,1.79045204541,197.381991497,35.4620266748,53.1601825587
