,iteration,success,nllh,k,N,bic,c_sigma,sc,tau_trunc,theta(cost=high),theta(cost=low)
0,0,True,25.0580547095,5,24,66.0063785707,217.73040887,1.65922273928,76.4495027069,2.32377080772,74.5346637777
