,iteration,success,nllh,k,N,bic,c_sigma,sc,tau_unif,theta(cost=high),theta(cost=low)
0,0,True,61.6004956488,5,24,139.091260449,11.6762110865,0.42804794074,0.721110525329,23.0486647891,25.4621829879
