,iteration,success,nllh,k,N,bic,c_sigma,sc2,tau,theta(cost=high),theta(cost=low)
0,0,True,71.5871560926,5,24,159.064581337,89.3385764672,0.0931787556591,0.932662882731,95.6540434673,309.626744575
