,iteration,success,nllh,k,N,bic,c_0,sc2,tau_unif_rel,theta(cost=high),theta(cost=low)
0,0,True,78.3146638269,5,24,172.519596805,53.0906330736,0.0600363999225,2.89365210903,37.5940796083,74.8619573405
