,iteration,success,nllh,k,N,bic,c_sigma,sc,tau,theta(cost=high),theta(cost=low)
0,0,True,71.7523712644,5,24,159.39501168,16.2839016411,0.167192630895,5.70035591426,56.4750318189,75.0697030338
