,iteration,success,nllh,k,N,bic,c,r,tau,theta(cost=high),theta(cost=low)
0,0,True,55.8714994394,5,24,127.63326803,75.8428740002,0.0676902977978,0.334591200495,48.8217117903,78.7944993912
