,iteration,success,nllh,k,N,bic,c,r,tau,theta(cost=high),theta(cost=low)
0,0,True,66.205477083,5,24,148.301223318,56.3251995175,0.0556756574373,32.8566538667,22.2783087279,171.748507703
