,iteration,success,nllh,k,N,bic,c_sigma,sc2,tau,theta(cost=high),theta(cost=low)
0,0,True,46.0816359289,5,24,108.05354101,112.010279128,0.0347648201182,3.04756923016,145.970051927,140.201646141
