,iteration,success,nllh,k,N,bic,c_sigma,sc,tau,theta(cost=high),theta(cost=low)
0,0,True,67.1876528925,5,24,150.265574937,11.697703995,0.00228949258279,3.72514121142,47.1466924904,114.212690707
