,iteration,success,nllh,k,N,bic,c_sigma,sc2,tau,theta(cost=high),theta(cost=low)
0,0,True,53.5796281378,5,24,123.049525427,64.5082282068,7.30163141531,43.4680571439,53.8117465121,56.0956758881
