,iteration,success,nllh,k,N,bic,c_sigma,sc2,tau,theta(cost=high),theta(cost=low)
0,0,True,66.1564585642,5,24,148.20318628,130.473340799,0.0718901476637,4.61116952057,143.230952592,359.593127917
