,iteration,success,nllh,k,N,bic,c_sigma,sc,tau_unif,theta(cost=high),theta(cost=low)
0,0,True,98.5196105313,5,24,212.929490214,20.6530628424,0.145235707319,29.0323935906,155.45701768,165.799783401
