,iteration,success,nllh,k,N,bic,c_sigma,sc,tau,theta(cost=high),theta(cost=low)
0,0,True,49.9122247187,5,24,115.714718589,11.2104350734,0.0920827610333,12.5519239633,3.79451291711,74.7418812145
