,iteration,success,nllh,k,N,bic,c_sigma,sc,tau,theta(cost=high),theta(cost=low)
0,0,True,64.8653495917,5,24,145.620968335,9.10679906872,0.60074182262,0.750922745711,12.617763283,33.7237318667
