,iteration,success,nllh,k,N,bic,c_sigma,sc,tau,theta(cost=high),theta(cost=low)
0,0,True,75.4034308419,5,24,166.697130836,109.083580003,0.480547893412,13.917924136,164.20064914,264.570402255
