,iteration,success,nllh,k,N,bic,c_sigma,sc,tau,theta(cost=high),theta(cost=low)
0,0,True,74.0785010594,5,24,164.04727127,6.53017964708,0.327403773656,0.0263597115424,30.9608718859,59.7324593653
