,iteration,success,nllh,k,N,bic,c_sigma,sc,tau,theta(cost=high),theta(cost=low)
0,0,True,31.2851278517,5,24,78.4605248551,0.206705916801,0.328366031889,4.22966010412,2.06593223311,5.87204576429
