,iteration,success,nllh,k,N,bic,c_sigma,sc,tau_normal,theta(cost=high),theta(cost=low)
0,0,True,54.0676321974,5,24,124.025533546,26.0687020418,0.0268690154279,0.34723390452,18.1438048595,64.3438520679
