,iteration,success,nllh,k,N,bic,c_sigma,sc,tau,theta(cost=high),theta(cost=low)
0,0,True,65.738042871,5,24,147.366354894,145.491744853,1.39291739905,7.88779798727,164.653015706,188.867309511
