,iteration,success,nllh,k,N,bic,c,tau_unif,theta(cost=high),theta(cost=low)
0,0,True,72.4697590148,4,24,157.651733351,53.3761678552,19.5405110412,34.0704969027,49.7001279866
