,iteration,success,nllh,k,N,bic,c_sigma,sc,tau,theta(cost=high),theta(cost=low)
0,0,True,88.4655853854,5,24,192.821439923,8.99044355154,0.901629165443,1.9358421836,26.6173917115,52.6847603118
