,iteration,success,nllh,k,N,bic,c_sigma,sc2,tau,theta(cost=high),theta(cost=low)
0,0,True,38.7062087659,5,24,93.3026866835,48.5625820009,0.120094206792,192.1183471,20.9797542054,125.900606609
