,iteration,success,nllh,k,N,bic,c_sigma,sc,tau_unif,theta(cost=high),theta(cost=low)
0,0,True,61.1483389233,5,24,138.186946998,8.10865786475,0.0957606560736,4.65714893561,36.0242436126,50.4335202306
