,iteration,success,nllh,k,N,bic,c_0,sc2,tau_unif_rel,theta(cost=high),theta(cost=low)
0,0,True,118.203572324,5,24,252.2974138,35.5440479936,0.330149661916,108.513824514,104.821443141,120.384700488
