,iteration,success,nllh,k,N,bic,c_sigma,sc,tau,theta(cost=high),theta(cost=low)
0,0,True,71.3386082228,5,24,158.567485597,14.0436179939,0.0575862650479,3.28098086268,33.7681584109,170.094397427
