,iteration,success,nllh,k,N,bic,c_sigma,sc2,tau,theta(cost=high),theta(cost=low)
0,0,True,61.510331976,5,24,138.910933104,211.604686168,0.0251023815843,4.91076303697,304.212452187,505.003311475
