,iteration,success,nllh,k,N,bic,c_sigma,sc,tau,theta(cost=high),theta(cost=low)
0,0,True,69.4301888033,5,24,154.750646758,24.1968983509,0.0540943171332,2.67809615326,30.3658299933,157.645581094
