,iteration,success,nllh,k,N,bic,c_0,tau_unif,theta(cost=high),theta(cost=low)
0,0,True,52.0917352352,4,24,116.895685792,43.1222047751,2.28931341981,28.0200605746,56.3448167558
