,iteration,success,nllh,k,N,bic,c_sigma,sc2,tau,theta(cost=high),theta(cost=low)
0,0,True,81.805872068,5,24,179.502013288,108.699483444,0.0629067166541,1.77708135304,229.237207889,543.819018013
