,iteration,success,nllh,k,N,bic,c_0,sc,tau_unif,theta(cost=high),theta(cost=low)
0,0,True,24.0115553627,5,24,63.913379877,7.98100227207,0.147034969872,299.61226126,1.14241486185,20.7679854313
