,iteration,success,nllh,k,N,bic,c_0,sc,tau_unif_rel,theta(cost=high),theta(cost=low)
0,0,True,65.2483790222,5,24,146.387027196,57.3375002769,0.20592833269,3.84147833427,26.1789465195,95.9824243258
