,iteration,success,nllh,k,N,bic,c_sigma,sc,tau,theta(cost=high),theta(cost=low)
0,0,True,67.4343639805,5,24,150.758997113,1.29997804554,0.178517263977,12.2812026959,36.6957004629,93.7384177465
