,iteration,success,nllh,k,N,bic,c_sigma,sc2,tau,theta(cost=high),theta(cost=low)
0,0,True,61.7189400784,5,24,139.328149308,33.1844225177,4.38263247912,82.0116811762,12.6547702363,112.931694246
