,iteration,success,nllh,k,N,bic,c_sigma,sc2,tau,theta(cost=high),theta(cost=low)
0,0,True,51.4110954317,5,24,118.712460015,133.76310748,0.0422997138415,38.5264350626,18.2769972469,451.355039319
