,iteration,success,nllh,k,N,bic,c_sigma,sc,tau_unif,theta(cost=high),theta(cost=low)
0,0,True,46.6411966667,5,24,109.172662485,9.44922181865,0.029640499034,2.01639958057,26.1128952307,28.9691672846
