,iteration,success,nllh,k,N,bic,c_0,sc2,tau_unif_rel,theta(cost=high),theta(cost=low)
0,0,True,65.7506494299,5,24,147.391568012,47.4692364238,0.0756482313881,62.6395062023,53.8781408348,73.4586792727
