,iteration,success,nllh,k,N,bic,c_0,sc2,tau_unif_rel,theta(cost=high),theta(cost=low)
0,0,True,66.656442348,5,24,149.203153848,47.4598026627,0.075413647829,8.82967978595,31.3839346993,145.886301451
