,iteration,success,nllh,k,N,bic,c_0,sc,tau_unif_rel,theta(cost=high),theta(cost=low)
0,0,True,56.0906541573,5,24,128.071577466,41.6465173529,0.357007221213,0.340154806242,21.9847473698,20.3104818568
