,iteration,success,nllh,k,N,bic,c_sigma,sc,tau,theta(cost=high),theta(cost=low)
0,0,True,50.9098148274,5,24,117.709898807,9.4492622729,0.0604135128876,11.6315660673,12.7672938657,44.3443082211
