,iteration,success,nllh,k,N,bic,c_sigma,sc,tau,theta(cost=high),theta(cost=low)
0,0,True,50.7375160841,5,24,117.36530132,22.9732695864,0.212896698702,8.02367826433,0.422821687725,93.3062770603
