,iteration,success,nllh,k,N,bic,c_sigma,sc,tau_unif,theta(cost=high),theta(cost=low)
0,0,True,58.8309498033,5,24,133.552168758,5.3559170148,0.936660863234,1.13867425573,7.84758091366,8.99334782523
