,iteration,success,nllh,k,N,bic,c_0,tau_unif,theta(cost=high),theta(cost=low)
0,0,True,37.1296264385,4,24,86.9714681983,99.3054370896,1.68748061962,71.886395346,80.8486097754
