,iteration,success,nllh,k,N,bic,c_sigma,sc2,tau,theta(cost=high),theta(cost=low)
0,0,True,70.8480506321,5,24,157.586370416,117.954056767,0.0471526939149,15.7195603602,279.758698538,379.129403143
