,iteration,success,nllh,k,N,bic,c_sigma,sc,tau,theta(cost=high),theta(cost=low)
0,0,True,82.2726290916,5,24,180.435527335,6.94703894072,0.988915525803,1.94723074745,13.1542392682,32.4455404515
