,iteration,success,nllh,k,N,bic,c_sigma,sc,tau_trunc,theta(cost=high),theta(cost=low)
0,0,True,55.4950532192,5,24,126.88037559,5.83110820513,0.0566283854754,5.51287767856,11.405602116,102.021329218
