,iteration,success,nllh,k,N,bic,c_sigma,sc2,tau,theta(cost=high),theta(cost=low)
0,0,True,55.5896343366,5,24,127.069537825,155.71297888,0.0261970155257,1.23584908712,176.141752556,546.974742005
