,iteration,success,nllh,k,N,bic,c_sigma,sc2,tau,theta(cost=high),theta(cost=low)
0,0,True,61.8216029332,5,24,139.533475018,256.664610315,0.0231124342887,30.3535541151,508.561299253,470.538400918
