,iteration,success,nllh,k,N,bic,c_sigma,sc,tau,theta(cost=high),theta(cost=low)
0,0,True,55.1594713149,5,24,126.209211782,12.0112245565,0.140858425883,0.62287510405,19.5256038009,31.7931937122
