,iteration,success,nllh,k,N,bic,c_0,sc,tau_unif,theta(cost=high),theta(cost=low)
0,0,True,95.2267764022,5,24,206.343821956,45.4488359502,0.22769986006,105.437837743,138.852900973,172.036262485
