,iteration,success,nllh,k,N,bic,c_sigma,sc,tau_normal,theta(cost=high),theta(cost=low)
0,0,True,56.7923558702,5,24,129.474980892,6.1151733823,0.280493467195,0.741934303166,20.8291576406,34.1370601693
