,iteration,success,nllh,k,N,bic,c_sigma,sc,tau,theta(cost=high),theta(cost=low)
0,0,True,77.4260238119,5,24,170.742316775,29.1050915179,0.100475103611,4.40843736457,64.9583163176,154.135634027
