,iteration,success,nllh,k,N,bic,c_sigma,sc,tau_trunc,theta(cost=high),theta(cost=low)
0,0,True,77.412502834,5,24,170.71527482,20.9184484622,0.111764013808,4.65807378794,49.0470592546,113.406814406
