,iteration,success,nllh,k,N,bic,c_0,sc2,tau_unif_rel,theta(cost=high),theta(cost=low)
0,0,True,64.3400283826,5,24,144.570325917,51.2607485456,0.289074233688,131.236911217,36.1506175506,83.6441873906
