,iteration,success,nllh,k,N,bic,c_0,sc,tau_unif_rel,theta(cost=high),theta(cost=low)
0,0,True,22.2819944539,5,24,60.4542580595,4.94996044552,0.32358488356,0.0441068278584,5.11671152699,5.48638442041
