,iteration,success,nllh,k,N,bic,c_sigma,sc,tau,theta(cost=high),theta(cost=low)
0,0,True,56.8341769853,5,24,129.558623122,137.394126414,0.491179008811,1.95862610897,94.6612900249,194.615634826
