,iteration,success,nllh,k,N,bic,c_sigma,sc,tau,theta(cost=high),theta(cost=low)
0,0,True,71.4393485025,5,24,158.768966157,14.6854012398,0.166347987239,0.0409630723186,48.5171110067,69.7127804687
