,iteration,success,nllh,k,N,bic,c_sigma,sc,tau_unif,theta(cost=high),theta(cost=low)
0,0,True,64.4608454872,5,24,144.811960126,48.9606835088,0.169479352337,22.3768944772,32.9232301764,124.37602337
