,iteration,success,nllh,k,N,bic,c_sigma,sc,tau,theta(cost=high),theta(cost=low)
0,0,True,63.3124301332,5,24,142.515129418,10.6329905548,0.0459851319497,1.77866317413,47.9168283028,61.9791163669
