,iteration,success,nllh,k,N,bic,c_0,sc,tau_unif_rel,theta(cost=high),theta(cost=low)
0,0,True,55.3808480193,5,24,126.65196519,80.6817831289,0.0361520775602,2.51626149454,65.7116494771,56.465151736
