,iteration,success,nllh,k,N,bic,c_sigma,sc2,tau,theta(cost=high),theta(cost=low)
0,0,True,75.591361631,5,24,167.072992414,84.9123273983,0.100359519406,9.77440392988,151.955546105,351.081343171
