,iteration,success,nllh,k,N,bic,c_sigma,sc2,tau,theta(cost=high),theta(cost=low)
0,0,True,49.6728597557,5,24,115.235988663,142.805461952,0.685158809643,17.1890367897,67.6268217832,148.386387913
