,iteration,success,nllh,k,N,bic,c_sigma,sc,tau,theta(cost=high),theta(cost=low)
0,0,True,92.8906225916,5,24,201.671514335,18.1689946867,0.0830735180325,0.0559614061106,156.966859442,269.129259628
