,iteration,success,nllh,k,N,bic,c_sigma,sc,tau,theta(cost=high),theta(cost=low)
0,0,True,64.2412630891,5,24,144.37279533,8.66010297504,0.006677860573,0.0850704760028,34.1033298066,103.066585293
