,iteration,success,nllh,k,N,bic,c_sigma,sc,tau,theta(cost=high),theta(cost=low)
0,0,True,70.1604242274,5,24,156.211117607,127.296005987,0.0126810619874,34.9617451112,184.256511941,248.692483157
