,iteration,success,nllh,k,N,bic,c_sigma,sc,tau,theta(cost=high),theta(cost=low)
0,0,True,77.7773407175,5,24,171.444950587,12.0890801057,0.208752961465,0.11534672265,25.1952055322,130.567400725
