,iteration,success,nllh,k,N,bic,c_sigma,sc2,tau,theta(cost=high),theta(cost=low)
0,0,True,65.1628030567,5,24,146.215875265,122.802160391,0.0518821671435,8.37439593513,138.154689796,345.804105823
