,iteration,success,nllh,k,N,bic,sc,tau_unif_rel,theta(cost=high),theta(cost=low)
0,0,True,65.6592519577,4,24,144.030719237,0.691270829063,0.157239158296,4.09049125516,16.3093756565
