,iteration,success,nllh,k,N,bic,c_sigma,sc,tau_unif,theta(cost=high),theta(cost=low)
0,0,True,98.7933377134,5,24,213.476944579,27.7280540119,0.0462031896031,18.3927141779,204.774278027,230.795529292
