,iteration,success,nllh,k,N,bic,c_0,sc,tau_unif,theta(cost=high),theta(cost=low)
0,0,True,39.4618152224,5,24,94.8138995966,45.726094076,0.147316574808,0.0585717645999,19.4141960757,19.7735178074
