,iteration,success,nllh,k,N,bic,c,r,tau,theta(cost=high),theta(cost=low)
0,0,True,69.8158168027,5,24,155.521902757,11.8988705663,0.0926913654292,0.744046931809,188.50153685,243.685386441
