,iteration,success,nllh,k,N,bic,c_sigma,sc2,tau_trunc,theta(cost=high),theta(cost=low)
0,0,True,80.3202911571,5,24,176.530851466,52.5160331197,0.126927778264,6.33971333321,97.5724603544,221.200951001
