,iteration,success,nllh,k,N,bic,c_sigma,sc2,tau,theta(cost=high),theta(cost=low)
0,0,True,77.7973742502,5,24,171.485017652,90.8481999738,0.0465490116493,22.4109725841,309.502959354,504.878096121
