,iteration,success,nllh,k,N,bic,c_sigma,sc2,tau,theta(cost=high),theta(cost=low)
0,0,True,22.2849336995,5,24,60.4601365507,16.9010264772,2.07185321159,197.06269379,1.3007291477,15.9763163716
