,iteration,success,nllh,k,N,bic,c_sigma,sc,tau,theta(cost=high),theta(cost=low)
0,0,True,55.5116653285,5,24,126.913599809,11.8386435633,0.146378382265,0.21624784842,6.48484426216,47.3573326112
