,iteration,success,nllh,k,N,bic,c_0,tau_unif,theta(cost=high),theta(cost=low)
0,0,True,79.2561301196,4,24,171.224475561,13.491654918,3.23635217371,90.2247905036,151.052984429
