,iteration,success,nllh,k,N,bic,c_0,sc,tau_unif_rel,theta(cost=high),theta(cost=low)
0,0,True,80.3322316457,5,24,176.554732443,30.3540460247,0.202430629499,9.24662051039,21.294572099,90.6889029631
