,iteration,success,nllh,k,N,bic,c_sigma,sc,tau,theta(cost=high),theta(cost=low)
0,0,True,49.8497167365,5,24,115.589702625,109.644504134,1.43491117202,10.717058323,56.6854429345,111.671837715
