,iteration,success,nllh,k,N,bic,c_sigma,sc2,tau_trunc,theta(cost=high),theta(cost=low)
0,0,True,53.4328931488,5,24,122.756055449,158.146400744,0.0196785389278,3.01769943576,241.661572286,227.535781801
