,iteration,success,nllh,k,N,bic,c_sigma,sc2,tau,theta(cost=high),theta(cost=low)
0,0,True,74.961950212,5,24,165.814169576,91.3603426609,0.0776675018339,12.8659529921,155.639174176,455.186693864
