,iteration,success,nllh,k,N,bic,c_sigma,sc2,tau,theta(cost=high),theta(cost=low)
0,0,True,39.2690155794,5,24,94.4283003106,144.727640115,1.22603835924,39.351171524,60.9838209296,79.1501429554
