,iteration,success,nllh,k,N,bic,c_sigma,sc,tau,theta(cost=high),theta(cost=low)
0,0,True,56.8873747982,5,24,129.665018748,82.1935544538,0.002953916233,4.05409474064,47.4594048647,171.424193947
