,iteration,success,nllh,k,N,bic,c_0,sc,tau_unif,theta(cost=high),theta(cost=low)
0,0,True,72.5993024097,5,24,161.088873971,55.8887947933,0.128818456876,1.10659227653,62.7884052552,51.7829948521
