,iteration,success,nllh,k,N,bic,c_sigma,sc,tau_normal,theta(cost=high),theta(cost=low)
0,0,True,80.4252567225,5,24,176.740782597,85.5707176317,0.187090598313,37.1539479256,89.1854974316,271.265267735
