,iteration,success,nllh,k,N,bic,c_sigma,sc2,tau,theta(cost=high),theta(cost=low)
0,0,True,28.6102307871,5,24,73.110730726,92.4098532657,1.03136602083,195.750733783,33.0788463254,33.8805645046
