,iteration,success,nllh,k,N,bic,c_sigma,sc,tau,theta(cost=high),theta(cost=low)
0,0,True,46.9046136766,5,24,109.699496505,3.7175496027,0.14452821048,0.0270619875838,18.9044673707,41.9592915692
