,iteration,success,nllh,k,N,bic,c_sigma,sc2,tau,theta(cost=high),theta(cost=low)
0,0,True,55.2245269578,5,24,126.339323067,203.500445542,0.0324105925639,2.9125434473,153.809290726,360.056965887
