,iteration,success,nllh,k,N,bic,c_0,tau_unif,theta(cost=high),theta(cost=low)
0,0,True,66.0858342385,4,24,144.883883798,41.151866918,24.7950603904,30.9325134862,50.4736885891
