,iteration,success,nllh,k,N,bic,c_sigma,sc2,tau,theta(cost=high),theta(cost=low)
0,0,True,56.0703360872,5,24,128.030941326,57.1090486363,0.16294042414,2.17043089573,0.263028121987,262.318471787
