,iteration,success,nllh,k,N,bic,c_sigma,sc2,tau,theta(cost=high),theta(cost=low)
0,0,True,47.6605189429,5,24,111.211307038,93.7654602485,0.0770029759946,176.761525808,170.725550086,40.5465365401
