,iteration,success,nllh,k,N,bic,c_0,tau_unif,theta(cost=high),theta(cost=low)
0,0,True,58.9481729372,4,24,130.608561196,89.3595110041,3.58891078106,63.0671926911,112.116944716
