,iteration,success,nllh,k,N,bic,c_sigma,sc,tau,theta(cost=high),theta(cost=low)
0,0,True,54.8226478893,5,24,125.53556493,6.29935790434,0.131930872374,1.43146435854,34.3276711309,35.8087250251
