,iteration,success,nllh,k,N,bic,c_sigma,sc,tau,theta(cost=high),theta(cost=low)
0,0,True,72.4652554652,5,24,160.820780082,29.841421613,0.0415649760134,2.7322507976,53.0145215862,172.496155315
