,iteration,success,nllh,k,N,bic,c_sigma,sc2,tau,theta(cost=high),theta(cost=low)
0,0,True,66.1932173,5,24,148.276703752,81.6934195762,0.0670357485874,10.8128016716,119.859306133,383.838811409
