,iteration,success,nllh,k,N,bic,c_0,sc2,tau_unif_rel,theta(cost=high),theta(cost=low)
0,0,True,79.5183854094,5,24,174.927039971,54.6605574187,0.0358607570163,53.5099128029,107.08604217,150.241509687
