,iteration,success,nllh,k,N,bic,c_sigma,tau_unif,theta(cost=high),theta(cost=low)
0,0,True,70.3997439214,4,24,153.511703164,54.6152693923,15.6327793836,99.5596903709,131.397956903
