,iteration,success,nllh,k,N,bic,c_sigma,sc2,tau,theta(cost=high),theta(cost=low)
0,0,True,64.4004549228,5,24,144.691178997,44.2064214146,0.146939109401,72.0526931605,38.0302749746,179.136843871
