,iteration,success,nllh,k,N,bic,c_sigma,sc2,tau,theta(cost=high),theta(cost=low)
0,0,True,21.307952093,5,24,58.5061733378,8.40371308174,9.01590063284,87.8945318591,0.726934329495,7.61825254254
