,iteration,success,nllh,k,N,bic,c_sigma,sc2,tau,theta(cost=high),theta(cost=low)
0,0,True,74.1584757286,5,24,164.207220609,175.552271401,0.03188987404,25.103688586,419.683052391,818.76167267
