,iteration,success,nllh,k,N,bic,c_sigma,sc2,tau,theta(cost=high),theta(cost=low)
0,0,True,89.1267786377,5,24,194.143826427,52.6446414798,0.165184567471,6.79456251982,140.846690762,224.125988695
