,iteration,success,nllh,k,N,bic,c_sigma,sc2,tau_trunc,theta(cost=high),theta(cost=low)
0,0,True,73.2595745024,5,24,162.409418156,43.5615354809,0.095428162134,39.1727987289,50.8133295946,222.524723211
