,iteration,success,nllh,k,N,bic,c_sigma,sc,tau,theta(cost=high),theta(cost=low)
0,0,True,35.6215332041,5,24,87.1333355599,133.838990856,0.0240719482078,0.269341068818,32.1803818472,69.2588534818
