,iteration,success,nllh,k,N,bic,c_sigma,sc,tau,theta(cost=high),theta(cost=low)
0,0,True,99.5301524534,5,24,214.950574059,25.215611153,0.0465041994506,0.0562762886386,226.768470606,212.884179777
