,iteration,success,nllh,k,N,bic,c_sigma,sc2,tau,theta(cost=high),theta(cost=low)
0,0,True,61.8993997526,5,24,139.689068657,278.103505619,0.0195959859982,1.21373238356,414.227476942,609.497085378
