,iteration,success,nllh,k,N,bic,c_sigma,tau,theta(cost=high),theta(cost=low)
0,0,True,72.4724062594,4,24,157.65702784,55.8336523795,3.59978794341,82.9411354668,121.042860601
