,iteration,success,nllh,k,N,bic,c_sigma,sc2,tau,theta(cost=high),theta(cost=low)
0,0,True,42.6006511153,5,24,101.091571382,174.759393495,2.74493525341,102.750609862,131.298680033,60.6673285115
