,iteration,success,nllh,k,N,bic,c_0,sc,tau_unif_rel,theta(cost=high),theta(cost=low)
0,0,True,71.9502752406,5,24,159.790819633,38.2639238198,0.326318201629,3.31660194968,28.7132517613,49.7132750016
