,iteration,success,nllh,k,N,bic,c_0,sc,tau_unif_rel,theta(cost=high),theta(cost=low)
0,0,True,62.9257033759,5,24,141.741675903,56.5982539265,0.434732744662,0.560544443872,12.8634991061,24.7345328679
