,iteration,success,nllh,k,N,bic,c_sigma,sc2,tau,theta(cost=high),theta(cost=low)
0,0,True,66.1098708646,5,24,148.110010881,177.516222649,0.0468369295546,12.6209223513,190.99772717,482.633762711
