,iteration,success,nllh,k,N,bic,c_sigma,sc2,tau,theta(cost=high),theta(cost=low)
0,0,True,45.5241199966,5,24,106.938509145,130.463800217,0.307590410487,173.139062099,37.7384479363,203.445731202
