,iteration,success,nllh,k,N,bic,c_sigma,sc,tau,theta(cost=high),theta(cost=low)
0,0,True,61.3019768872,5,24,138.494222926,7.80780076454,0.114375072161,3.23383079039,34.4882133611,49.8201080593
