,iteration,success,nllh,k,N,bic,c_sigma,sc,tau,theta(cost=high),theta(cost=low)
0,0,True,53.7214359271,5,24,123.333141006,7.89398880225,0.256490121841,1.43102518715,13.6944838921,89.7473350872
