,iteration,success,nllh,k,N,bic,c_sigma,sc2,tau,theta(cost=high),theta(cost=low)
0,0,True,74.8582520798,5,24,165.606773311,140.517823035,0.104242195622,7.28796066219,198.684018804,434.047731403
