,iteration,success,nllh,k,N,bic,c_sigma,sc2,tau,theta(cost=high),theta(cost=low)
0,0,True,71.4952265354,5,24,158.880722223,239.925622257,0.0242383893124,9.37774948898,561.945707996,743.837096812
