,iteration,success,nllh,k,N,bic,c_sigma,sc2,tau,theta(cost=high),theta(cost=low)
0,0,True,78.0473637585,5,24,171.984996669,100.582783912,0.0811271275383,12.5706312721,195.037648446,426.012329689
