,iteration,success,nllh,k,N,bic,c_sigma,sc,tau,theta(cost=high),theta(cost=low)
0,0,True,72.0597124814,5,24,160.009694114,20.9137066801,0.131141542562,5.49043967226,66.0123886476,96.4394016048
