,iteration,success,nllh,k,N,bic,c_0,tau_unif,theta(cost=high),theta(cost=low)
0,0,True,51.9261425037,4,24,116.564500329,99.3618752641,78.2897143858,38.8228532996,67.5846723462
