,iteration,success,nllh,k,N,bic,c_0,sc,tau_unif_rel,theta(cost=high),theta(cost=low)
0,0,True,67.9198514825,5,24,151.729972117,53.8316772179,0.337494548171,0.883188433594,32.6705135427,36.6701948931
