,iteration,success,nllh,k,N,bic,c_0,sc2,tau_unif_rel,theta(cost=high),theta(cost=low)
0,0,True,57.6939878759,5,24,131.278244903,42.3285432206,0.0314058446734,86.2874527227,79.5302486804,110.827775369
