,iteration,success,nllh,k,N,bic,c_sigma,sc2,tau,theta(cost=high),theta(cost=low)
0,0,True,65.679329022,5,24,147.248927196,122.366897754,0.0398953924081,10.8911548621,316.245450055,361.430649649
