,iteration,success,nllh,k,N,bic,c,tau_unif,theta(cost=high),theta(cost=low)
0,0,True,37.3747895402,4,24,87.4617944017,76.505065266,17.1655813774,14.1144860078,27.1185980818
