,iteration,success,nllh,k,N,bic,c_sigma,sc,tau,theta(cost=high),theta(cost=low)
0,0,True,79.7236187496,5,24,175.337506651,132.327850355,0.0252644073643,0.618727165738,117.790701703,588.81102945
