,iteration,success,nllh,k,N,bic,c_0,sc2,tau_unif_rel,theta(cost=high),theta(cost=low)
0,0,True,60.9594099758,5,24,137.809089103,47.9668362803,0.0784629770035,86.3247016506,27.115351415,89.130153376
