,iteration,success,nllh,k,N,bic,c_sigma,sc,tau,theta(cost=high),theta(cost=low)
0,0,True,79.4772711848,5,24,174.844811521,25.7004831118,0.354917085358,27.2942164571,32.6561298988,156.185686311
