,iteration,success,nllh,k,N,bic,c_sigma,sc2,tau,theta(cost=high),theta(cost=low)
0,0,True,69.9764930243,5,24,155.8432552,110.011348817,0.047839080342,50.1962460249,255.675689254,284.225715025
