,iteration,success,nllh,k,N,bic,c_sigma,sc2,tau,theta(cost=high),theta(cost=low)
0,0,True,52.9046623636,5,24,121.699593879,146.090078398,0.0445685497447,35.7521159758,91.0966074937,300.843012302
