,iteration,success,nllh,k,N,bic,c_sigma,sc2,tau,theta(cost=high),theta(cost=low)
0,0,True,56.6399529147,5,24,129.170174981,160.796915854,0.0529140076895,2.12755753632,106.550476044,308.236134586
