,iteration,success,nllh,k,N,bic,c_sigma,sc,tau,theta(cost=high),theta(cost=low)
0,0,True,74.3153211625,5,24,164.520911477,8.03568877026,0.334401351878,0.875397149673,39.7439009504,70.3403143484
