,iteration,success,nllh,k,N,bic,c_sigma,sc,tau,theta(cost=high),theta(cost=low)
0,0,True,77.8049931209,5,24,171.500255393,16.2093824303,0.22325025583,2.96720308965,30.4876801383,137.050543102
