,iteration,success,nllh,k,N,bic,c,tau_unif,theta(cost=high),theta(cost=low)
0,0,True,71.3448336798,4,24,155.401882681,64.8533211419,24.3180340921,47.9621098375,49.0688113003
