,iteration,success,nllh,k,N,bic,c_sigma,sc,tau_unif,theta(cost=high),theta(cost=low)
0,0,True,75.5290336471,5,24,166.948336446,109.807060852,0.509020169934,14.3060655854,170.469364457,264.001130496
