,iteration,success,nllh,k,N,bic,c_0,sc,tau_unif_rel,theta(cost=high),theta(cost=low)
0,0,True,60.0377052525,5,24,135.965679657,37.6720132677,0.11318115043,1.85210396082,21.1255563479,50.4531319503
