,iteration,success,nllh,k,N,bic,c_sigma,sc2,tau,theta(cost=high),theta(cost=low)
0,0,True,21.2834403917,5,24,58.4571499351,7.72301457766,0.154265547376,98.9026300387,1.39920401756,9.13783761937
