,iteration,success,nllh,k,N,bic,c_sigma,sc,tau_unif,theta(cost=high),theta(cost=low)
0,0,True,55.1933318013,5,24,126.276932754,7.05610028797,0.0257283535696,4.32819073943,29.0343017068,49.2806293329
