,iteration,success,nllh,k,N,bic,c_sigma,sc2,tau,theta(cost=high),theta(cost=low)
0,0,True,44.6724654757,5,24,105.235200103,140.262441088,0.0616162522558,112.709097832,40.2739254581,204.071166615
