,iteration,success,nllh,k,N,bic,c_sigma,sc2,tau,theta(cost=high),theta(cost=low)
0,0,True,41.0704890348,5,24,98.0312472214,161.189942141,0.0411936483765,159.818939072,48.056408609,190.941996332
