,iteration,success,nllh,k,N,bic,c_0,sc2,tau_unif_rel,theta(cost=high),theta(cost=low)
0,0,True,71.3667428891,5,24,158.62375493,57.3182016809,0.0649706408385,63.9524430404,76.1733113787,113.33056667
