,iteration,success,nllh,k,N,bic,c_sigma,sc2,tau,theta(cost=high),theta(cost=low)
0,0,True,68.6825689384,5,24,153.255407029,228.724925976,0.0356012469659,116.287330382,284.134600452,502.048789796
