,iteration,success,nllh,k,N,bic,c_sigma,sc,tau_trunc,theta(cost=high),theta(cost=low)
0,0,True,63.2568889253,5,24,142.404047002,7.78415572648,0.211427887988,1.38172599681,37.5667726072,40.0946437101
