,iteration,success,nllh,k,N,bic,c_sigma,sc,tau,theta(cost=high),theta(cost=low)
0,0,True,46.7307529251,5,24,109.351775002,10.0147785312,0.0588104735888,0.291386721856,22.7834097348,29.5305110169
