,iteration,success,nllh,k,N,bic,c_sigma,sc2,tau,theta(cost=high),theta(cost=low)
0,0,True,55.1461726722,5,24,126.182614496,123.11608344,0.0481212611408,0.725419758703,112.814344477,238.898756732
