,iteration,success,nllh,k,N,bic,c_sigma,sc,tau,theta(cost=high),theta(cost=low)
0,0,True,63.4057237086,5,24,142.701716569,12.3723190673,0.0640578831087,0.799666906552,21.5785851449,74.6036322821
