,iteration,success,nllh,k,N,bic,c_sigma,sc,tau,theta(cost=high),theta(cost=low)
0,0,True,75.3091639794,5,24,166.508597111,82.6857087618,0.19056850363,1.35381266069,128.152840021,199.870594997
