,iteration,success,nllh,k,N,bic,c_0,sc,tau_unif_rel,theta(cost=high),theta(cost=low)
0,0,True,66.2654304452,5,24,148.421130042,93.3022427007,0.250689193711,2.97897289872,43.5111813726,55.3601463373
