,iteration,success,nllh,k,N,bic,c_sigma,sc,tau,theta(cost=high),theta(cost=low)
0,0,True,83.7013537443,5,24,183.29297664,36.117540944,0.053880790676,3.12852190119,106.257647512,155.301206174
