,iteration,success,nllh,k,N,bic,c_sigma,sc2,tau,theta(cost=high),theta(cost=low)
0,0,True,53.3620588201,5,24,122.614386792,57.5330236413,0.0693235301063,1.06181786283,86.7948564993,85.71436234
