,iteration,success,nllh,k,N,bic,c_sigma,sc,tau_normal,theta(cost=high),theta(cost=low)
0,0,True,63.2514136825,5,24,142.393096517,9.31638792377,0.152383160778,1.9686592105,41.5888726262,48.8837477767
