,iteration,success,nllh,k,N,bic,c_sigma,sc2,tau,theta(cost=high),theta(cost=low)
0,0,True,42.550992149,5,24,100.99225345,253.856864871,0.791859751688,107.730462981,196.488335846,106.795114116
