,iteration,success,nllh,k,N,bic,c_sigma,sc2,tau,theta(cost=high),theta(cost=low)
0,0,True,80.1593846824,5,24,176.209038517,42.0676779273,0.168847213395,3.19118809653,64.9851010364,258.07164445
