,iteration,success,nllh,k,N,bic,c_0,tau_unif,theta(cost=high),theta(cost=low)
0,0,True,81.1792067258,4,24,175.070628773,68.6131275438,40.5350360232,72.6466369872,129.808202654
