,iteration,success,nllh,k,N,bic,c_sigma,sc,tau_unif,theta(cost=high),theta(cost=low)
0,0,True,72.4849817703,5,24,160.860232692,26.9467001296,0.0632491578412,15.7449646577,49.1587415976,160.753312053
