,iteration,success,nllh,k,N,bic,c_sigma,sc,tau,theta(cost=high),theta(cost=low)
0,0,True,89.1279286684,5,24,194.146126488,54.5100591473,0.157966674638,2.80186751223,145.25367524,250.670759187
