,iteration,success,nllh,k,N,bic,c_sigma,sc2,tau_trunc,theta(cost=high),theta(cost=low)
0,0,True,61.9504211553,5,24,139.791111462,93.256525888,0.0438572924736,110.599662583,69.8688721324,269.100912239
