,iteration,success,nllh,k,N,bic,c_sigma,sc2,tau,theta(cost=high),theta(cost=low)
0,0,True,85.4499793858,5,24,186.790227923,70.8425587963,0.177016570555,15.9355537528,198.721443115,239.385224132
