,iteration,success,nllh,k,N,bic,c_sigma,sc2,tau_trunc,theta(cost=high),theta(cost=low)
0,0,True,89.2364300559,5,24,194.363129263,65.1804264438,0.157294547901,5.55726267241,143.527111679,262.194653411
