,iteration,success,nllh,k,N,bic,c_sigma,sc2,tau,theta(cost=high),theta(cost=low)
0,0,True,89.6294017001,5,24,195.149072552,139.204971473,0.125440518097,6.67330632574,355.331088716,601.213808733
