,iteration,success,nllh,k,N,bic,c_sigma,sc,tau_unif,theta(cost=high),theta(cost=low)
0,0,True,72.1562436434,5,24,160.202756439,24.2458585854,0.064473448679,2.37305371686,49.9074790458,158.6928012
