,iteration,success,nllh,k,N,bic,c_sigma,sc,tau,theta(cost=high),theta(cost=low)
0,0,True,75.0870280208,5,24,166.064325193,213.927955508,0.0422099196961,1.98998795366,331.002212911,538.671952679
