,iteration,success,nllh,k,N,bic,c_sigma,sc2,tau,theta(cost=high),theta(cost=low)
0,0,True,55.4485623308,5,24,126.787393813,107.253281184,0.0371416629051,13.3035117027,108.755036573,394.223164378
