,iteration,success,nllh,k,N,bic,c_sigma,sc2,tau,theta(cost=high),theta(cost=low)
0,0,True,16.5380514898,5,24,48.9663721313,449.015783562,1.62662168781,131.471481375,1.21930171943,0.320628637872
