,iteration,success,nllh,k,N,bic,c_sigma,sc2,tau,theta(cost=high),theta(cost=low)
0,0,True,38.742887086,5,24,93.3760433237,42.8994458289,0.121184652255,153.811732408,11.7091586607,92.552532831
