,iteration,success,nllh,k,N,bic,c_sigma,sc2,tau,theta(cost=high),theta(cost=low)
0,0,True,56.5948244791,5,24,129.07991811,278.047496555,0.0268774140455,20.4878901423,161.657850993,533.425527341
