,iteration,success,nllh,k,N,bic,c_0,tau_unif,theta(cost=high),theta(cost=low)
0,0,True,56.7981721518,4,24,126.308559625,17.2592432266,16.7593497599,21.4370753519,107.18176205
