,iteration,success,nllh,k,N,bic,c_sigma,sc2,tau,theta(cost=high),theta(cost=low)
0,0,True,52.2506337387,5,24,120.391536629,141.987844118,0.0293889597555,17.0477742725,167.132257774,315.345438596
