,iteration,success,nllh,k,N,bic,c_sigma,sc,tau,theta(cost=high),theta(cost=low)
0,0,True,16.674798984,5,24,49.2398671198,141.889364878,1.02212269578,70.7929205725,0.840763686228,1.09614504477
