,iteration,success,nllh,k,N,bic,c_sigma,sc,tau,theta(cost=high),theta(cost=low)
0,0,True,76.9541359888,5,24,169.798541129,20.9570458123,0.194041846417,1.38009787452,47.7468472465,120.925631894
