,iteration,success,nllh,k,N,bic,c_sigma,sc2,tau,theta(cost=high),theta(cost=low)
0,0,True,74.6264390794,5,24,165.143147311,171.403716767,0.136385803013,4.73474968781,199.688759087,482.880151517
