,iteration,success,nllh,k,N,bic,c_sigma,sc,tau,theta(cost=high),theta(cost=low)
0,0,True,54.3170788482,5,24,124.524426848,15.9192935567,0.14023802076,14.6606476745,12.7518803857,43.9948179681
