,iteration,success,nllh,k,N,bic,c_sigma,sc2,tau,theta(cost=high),theta(cost=low)
0,0,True,65.409069597,5,24,146.708408346,99.4712059439,0.0642986316225,4.49739846622,132.054133334,275.081222463
