,iteration,success,nllh,k,N,bic,c_sigma,sc,tau,theta(cost=high),theta(cost=low)
0,0,True,43.7909560923,5,24,103.472181336,8.48978596456,0.0519143869758,0.156928603011,22.0907208212,20.4881473269
