,iteration,success,nllh,k,N,bic,c_0,tau_unif,theta(cost=high),theta(cost=low)
0,0,True,89.9056065662,4,24,192.523428454,63.2946843178,43.1557411937,61.2679083686,97.1433964659
