,iteration,success,nllh,k,N,bic,c_sigma,sc2,tau_trunc,theta(cost=high),theta(cost=low)
0,0,True,59.7653272758,5,24,135.420923703,98.9412380397,0.0354386506559,14.2687065049,134.004865093,249.483186929
