,iteration,success,nllh,k,N,bic,c_sigma,sc,tau,theta(cost=high),theta(cost=low)
0,0,True,21.0048225887,5,24,57.8999143291,60.5704838709,0.733275517704,44.8080448826,0.111295280532,5.09044823799
