,iteration,success,nllh,k,N,bic,c_sigma,sc,tau,theta(cost=high),theta(cost=low)
0,0,True,71.2158249875,5,24,158.321919127,12.2293751892,0.276392363151,0.035584025224,33.2371148439,45.3403862623
