,iteration,success,nllh,k,N,bic,c_sigma,sc,tau,theta(cost=high),theta(cost=low)
0,0,True,76.4715960231,5,24,168.833461198,161.547487168,0.075742338285,0.0101009773804,247.205029447,459.674063498
