,iteration,success,nllh,k,N,bic,c_0,sc2,tau_unif_rel,theta(cost=high),theta(cost=low)
0,0,True,51.3927624628,5,24,118.675794077,42.4790791032,0.0163354450671,131.887789548,118.94440359,136.332108897
