,iteration,success,nllh,k,N,bic,c,r,tau,theta(cost=high),theta(cost=low)
0,0,True,69.155492603,5,24,154.201254358,32.6529608231,0.0709247581116,0.170706918158,75.7914214305,136.768056686
