,iteration,success,nllh,k,N,bic,c_sigma,sc,tau,theta(cost=high),theta(cost=low)
0,0,True,59.042702106,5,24,133.975673364,5.36929835174,0.954881223386,0.579064934285,7.8166230359,9.09606998623
