,iteration,success,nllh,k,N,bic,c_sigma,sc2,tau,theta(cost=high),theta(cost=low)
0,0,True,79.9616250626,5,24,175.813519277,78.9632264631,0.110299365501,138.284670717,134.729737636,528.58266003
