,iteration,success,nllh,k,N,bic,c_sigma,sc2,tau,theta(cost=high),theta(cost=low)
0,0,True,61.5471126155,5,24,138.984494383,59.8621461807,1.51705371159,120.380258914,22.731126382,180.285829162
