,iteration,success,nllh,k,N,bic,c_sigma,sc2,tau,theta(cost=high),theta(cost=low)
0,0,True,59.8118411554,5,24,135.513951462,174.598005666,0.0271900868448,13.3496339497,351.347870824,397.025234471
