,iteration,success,nllh,k,N,bic,c,r,tau,theta(cost=high),theta(cost=low)
0,0,True,84.867719902,5,24,185.625708956,75.417812502,0.017444370039,61.1710702485,58.7129782845,264.596509179
