,iteration,success,nllh,k,N,bic,c_sigma,sc,tau,theta(cost=high),theta(cost=low)
0,0,True,93.2667674186,5,24,202.423803989,16.2708719418,0.190014941029,2.47918974481,133.415568771,192.491529554
