,iteration,success,nllh,k,N,bic,c_sigma,sc2,tau,theta(cost=high),theta(cost=low)
0,0,True,62.9593315033,5,24,141.808932158,160.852749619,0.0357652929208,15.825267138,266.581089508,364.88726889
