,iteration,success,nllh,k,N,bic,c_sigma,sc,tau_unif,theta(cost=high),theta(cost=low)
0,0,True,89.2924740969,5,24,194.475217345,50.805262492,0.200310437503,15.1001636122,140.265587028,226.26572343
