,iteration,success,nllh,k,N,bic,c_sigma,sc,tau,theta(cost=high),theta(cost=low)
0,0,True,60.0879785956,5,24,136.066226343,27.3828103715,0.224605910758,80.7201204963,13.9365923945,122.1164458
