,iteration,success,nllh,k,N,bic,c_sigma,sc2,tau,theta(cost=high),theta(cost=low)
0,0,True,69.811268235,5,24,155.512805622,171.652460364,0.0335228955622,100.736654898,364.076893449,538.398266369
