,iteration,success,nllh,k,N,bic,c_sigma,sc2,tau,theta(cost=high),theta(cost=low)
0,0,True,80.5261778459,5,24,176.942624843,152.172406096,0.0737928352868,37.6180477675,147.156313468,522.977133248
