,iteration,success,nllh,k,N,bic,c_sigma,sc2,tau,theta(cost=high),theta(cost=low)
0,0,True,70.9936181302,5,24,157.877505412,121.250820706,0.0443941736315,0.115831059411,280.909574369,362.527128776
