,iteration,success,nllh,k,N,bic,c_sigma,sc,tau_trunc,theta(cost=high),theta(cost=low)
0,0,True,54.0991016629,5,24,124.088472477,11.8520004187,0.217228386264,76.9671260224,9.23552787193,37.938268094
