,iteration,success,nllh,k,N,bic,c_sigma,sc,tau,theta(cost=high),theta(cost=low)
0,0,True,78.3594972089,5,24,172.609263569,76.5535639768,0.213520697215,0.671111568963,44.3555040289,173.059427735
