,iteration,success,nllh,k,N,bic,c_sigma,sc,tau,theta(cost=high),theta(cost=low)
0,0,True,66.997653048,5,24,149.885575248,10.7096116889,0.189695725221,2.25292052114,22.0637916098,57.3420487526
