,iteration,success,nllh,k,N,bic,c_sigma,sc,tau,theta(cost=high),theta(cost=low)
0,0,True,73.5238110194,5,24,162.93789119,17.3953177209,0.646641801599,0.178712351856,48.8689135038,42.213503873
