,iteration,success,nllh,k,N,bic,c_sigma,sc2,tau,theta(cost=high),theta(cost=low)
0,0,True,60.3042833823,5,24,136.498835916,202.852709842,0.0240505477099,10.8448261082,376.024663443,403.083056089
