,iteration,success,nllh,k,N,bic,c_0,tau_unif,theta(cost=high),theta(cost=low)
0,0,True,30.2099434436,4,24,73.1321022086,8.08751356099,429.771073489,30.5452565266,49.4662003141
