,iteration,success,nllh,k,N,bic,c_sigma,sc2,tau,theta(cost=high),theta(cost=low)
0,0,True,71.5694406562,5,24,159.029150464,119.783132373,0.049393792785,18.6469907138,261.200625615,563.346021069
