,iteration,success,nllh,k,N,bic,c_0,tau_unif,theta(cost=high),theta(cost=low)
0,0,True,38.5359267312,4,24,89.7840687837,32.4325402286,30.510423538,4.51030100385,21.7112494652
