,iteration,success,nllh,k,N,bic,c_sigma,sc,tau,theta(cost=high),theta(cost=low)
0,0,True,46.5704646139,5,24,109.03119838,9.76153259356,0.0465162085237,0.00203595695208,25.8640133883,27.2228844374
