,iteration,success,nllh,k,N,bic,c_sigma,sc,tau,theta(cost=high),theta(cost=low)
0,0,True,51.0816511389,5,24,118.05357143,61.0071943044,0.0818284655757,1.65506448694,24.8696235794,68.2740292579
