,iteration,success,nllh,k,N,bic,c_sigma,sc,tau,theta(cost=high),theta(cost=low)
0,0,True,63.340974128,5,24,142.572217408,10.9613169663,0.0873761796996,0.797552943099,42.690851507,55.2651075682
