,iteration,success,nllh,k,N,bic,c_sigma,sc,tau,theta(cost=high),theta(cost=low)
0,0,True,70.2827885365,5,24,156.455846225,42.6452880548,0.0349415621641,9.78636052022,67.4435559739,101.461565782
