,iteration,success,nllh,k,N,bic,c_sigma,sc,tau,theta(cost=high),theta(cost=low)
0,0,True,50.4955167725,5,24,116.881302697,6.42091350857,0.304405805348,0.0138293440174,10.3344908514,20.2349926
