,iteration,success,nllh,k,N,bic,c_sigma,sc,tau,theta(cost=high),theta(cost=low)
0,0,True,75.0755610202,5,24,166.041391192,92.3710002822,0.729653028893,8.7915203018,109.580020951,257.763952756
