,iteration,success,nllh,k,N,bic,c_sigma,sc2,tau,theta(cost=high),theta(cost=low)
0,0,True,38.8427551868,5,24,93.5757795254,56.9658606596,0.191189457666,195.799395315,15.2305327746,109.830479287
