,iteration,success,nllh,k,N,bic,c_sigma,sc2,tau,theta(cost=high),theta(cost=low)
0,0,True,71.3397696124,5,24,158.569808377,145.848044505,0.0436140674404,8.83282459004,320.551809812,379.930312197
