,iteration,success,nllh,k,N,bic,c_sigma,sc,tau_unif,theta(cost=high),theta(cost=low)
0,0,True,63.2230899396,5,24,142.336449031,10.2001373373,0.000788558009749,3.42524692058,23.5456766171,77.2576667462
