,iteration,success,nllh,k,N,bic,c_sigma,sc,tau,theta(cost=high),theta(cost=low)
0,0,True,81.9550467316,5,24,179.800362615,27.8228969035,0.35039640931,2.88737597436,34.8658759616,120.868267745
