,iteration,success,nllh,k,N,bic,c_sigma,sc,tau_trunc,theta(cost=high),theta(cost=low)
0,0,True,84.3393768443,5,24,184.56902284,31.385198975,0.129478365077,7.95107016085,96.4759485036,118.903598757
