,iteration,success,nllh,k,N,bic,c_sigma,sc,tau,theta(cost=high),theta(cost=low)
0,0,True,72.609450448,5,24,161.109170048,26.859988853,0.0369990884301,0.0736822514761,53.7423877148,167.998703559
