,iteration,success,nllh,k,N,bic,c_sigma,sc2,tau,theta(cost=high),theta(cost=low)
0,0,True,58.2770350463,5,24,132.444339244,87.9965809913,0.0633924632066,19.333898223,25.1957132909,405.678452942
