,iteration,success,nllh,k,N,bic,c_sigma,sc2,tau,theta(cost=high),theta(cost=low)
0,0,True,21.2630376545,5,24,58.4163444607,16.2142787059,2.29822059946,177.166397612,0.765362076907,10.363434022
