,iteration,success,nllh,k,N,bic,c_sigma,sc2,tau_trunc,theta(cost=high),theta(cost=low)
0,0,True,80.1672947814,5,24,176.224858714,22.735682357,0.237484053221,4.8869170359,34.9984492657,142.736650005
