,iteration,success,nllh,k,N,bic,c_sigma,sc,tau,theta(cost=high),theta(cost=low)
0,0,True,38.456196739,5,24,92.8026626297,16.9989453177,0.0997229530133,47.1300592433,3.61423943586,37.3400476283
