,iteration,success,nllh,k,N,bic,c_sigma,sc2,tau,theta(cost=high),theta(cost=low)
0,0,True,54.5962513407,5,24,125.082771833,73.8539738732,0.0506009644633,159.899863819,76.6661007461,271.120303116
