,iteration,success,nllh,k,N,bic,c_sigma,tau_unif,theta(cost=high),theta(cost=low)
0,0,True,28.5648407872,4,24,69.8418968958,82.6922710764,470.102017509,45.8599473257,63.5980107305
