,iteration,success,nllh,k,N,bic,c_sigma,sc2,tau,theta(cost=high),theta(cost=low)
0,0,True,75.1454537737,5,24,166.181176699,125.652981015,0.0939790718276,17.1730558895,189.293286015,413.999731514
