,iteration,success,nllh,k,N,bic,c_sigma,sc,tau,theta(cost=high),theta(cost=low)
0,0,True,60.3687235356,5,24,136.627716223,9.97242550661,0.044461106089,18.4363519501,15.7661539815,93.482595386
