,iteration,success,nllh,k,N,bic,c,r,tau,theta(cost=high),theta(cost=low)
0,0,True,66.9507102828,5,24,149.791689717,42.3654422563,0.025980303507,0.143502496246,24.5811056679,140.99044904
