,iteration,success,nllh,k,N,bic,c_0,sc2,tau_unif_rel,theta(cost=high),theta(cost=low)
0,0,True,85.8105685337,5,24,187.511406219,40.4339968909,0.377646611124,6.80773026024,17.8197608174,46.1229112309
