,iteration,success,nllh,k,N,bic,c_sigma,sc,tau,theta(cost=high),theta(cost=low)
0,0,True,63.8923125434,5,24,143.674894238,9.31976693147,0.0162063465498,4.96654574741,37.0713132618,100.380055737
