,iteration,success,nllh,k,N,bic,c_sigma,sc,tau,theta(cost=high),theta(cost=low)
0,0,True,60.6526677514,5,24,137.195604654,7.83581528945,0.0273668156062,3.20633308857,31.6111246361,95.4106745003
