,iteration,success,nllh,k,N,bic,c_sigma,sc,tau,theta(cost=high),theta(cost=low)
0,0,True,50.9272726468,5,24,117.744814445,11.4497784867,0.00781837301074,12.8214958291,11.811940117,45.3989492054
