,iteration,success,nllh,k,N,bic,c_sigma,sc,tau,theta(cost=high),theta(cost=low)
0,0,True,54.3326926403,5,24,124.555654432,31.0038147442,0.0959395997953,13.1620720996,0.883006524804,150.811366968
