,iteration,success,nllh,k,N,bic,c_sigma,sc2,tau,theta(cost=high),theta(cost=low)
0,0,True,80.9540588629,5,24,177.798386878,237.548471657,0.0478769934222,21.2806610254,268.911853156,800.513393579
