,iteration,success,nllh,k,N,bic,c_sigma,sc,tau_unif,theta(cost=high),theta(cost=low)
0,0,True,53.2681532125,5,24,122.426575577,8.13544152979,0.156918251752,43.3033826471,9.25256495531,53.2881954708
