,iteration,success,nllh,k,N,bic,c_0,tau_unif,theta(cost=high),theta(cost=low)
0,0,True,65.2546101072,4,24,143.221435536,53.1799638315,7.20669754639,21.9986255564,130.894021225
