,iteration,success,nllh,k,N,bic,c_0,sc2,tau_unif_rel,theta(cost=high),theta(cost=low)
0,0,True,23.5120846721,5,24,62.9144384959,70.6381953492,5.09203543873,183.212777542,1.59285926358,5.56727749909
