,iteration,success,nllh,k,N,bic,c_sigma,sc2,tau,theta(cost=high),theta(cost=low)
0,0,True,47.7491366325,5,24,111.388542417,266.201407404,0.0327184433812,36.2186933243,215.947261364,161.530830227
