,iteration,success,nllh,k,N,bic,c_sigma,sc2,tau,theta(cost=high),theta(cost=low)
0,0,True,74.4173147619,5,24,164.724898676,123.636805167,0.0504229960594,38.6086089441,263.695258566,595.948937739
