,iteration,success,nllh,k,N,bic,c_sigma,sc,tau,theta(cost=high),theta(cost=low)
0,0,True,67.2049506571,5,24,150.300170466,18.4422109736,0.132383080423,8.11779346838,26.8006129707,65.4722456837
