,iteration,success,nllh,k,N,bic,c_sigma,sc2,tau,theta(cost=high),theta(cost=low)
0,0,True,72.4332850345,5,24,160.756839221,140.402708988,0.0531157325149,5.4123281163,400.599593774,368.498043512
