,iteration,success,nllh,k,N,bic,c_0,tau_unif,theta(cost=high),theta(cost=low)
0,0,True,52.1936760492,4,24,117.09956742,42.6064418774,4.75271241067,28.464930378,55.8222050667
