,iteration,success,nllh,k,N,bic,c_sigma,sc2,tau,theta(cost=high),theta(cost=low)
0,0,True,74.850249578,5,24,165.590768308,185.686775464,0.0660754581799,5.59795137143,263.597999264,565.10107993
