,iteration,success,nllh,k,N,bic,sc,tau_unif_rel,theta(cost=high),theta(cost=low)
0,0,True,60.9784474638,4,24,134.669110249,0.248847934597,4.95640884459,14.8005542672,59.5808972018
