,iteration,success,nllh,k,N,bic,c_sigma,sc,tau,theta(cost=high),theta(cost=low)
0,0,True,58.9495900431,5,24,133.789449238,9.83243786641,0.225536147167,47.0209313188,18.6027758865,73.6102533459
