,iteration,success,nllh,k,N,bic,c_sigma,sc,tau,theta(cost=high),theta(cost=low)
0,0,True,44.9598485821,5,24,105.809966316,193.221301613,0.0748048907496,7.61542959186,32.9229961796,248.999896436
