,iteration,success,nllh,k,N,bic,c_sigma,sc2,tau,theta(cost=high),theta(cost=low)
0,0,True,65.2708941948,5,24,146.432057541,113.076406543,0.0494024231112,11.9596007646,136.008889325,353.403781064
