,iteration,success,nllh,k,N,bic,c_0,tau_unif,theta(cost=high),theta(cost=low)
0,0,True,75.9413346408,4,24,164.594884603,39.3563344713,5.93076352921,51.4350541513,94.5368898521
