,iteration,success,nllh,k,N,bic,c_sigma,sc2,tau,theta(cost=high),theta(cost=low)
0,0,True,65.9978321579,5,24,147.885933468,97.0366036408,1.8184458445,22.3148402617,109.350634477,141.548975655
