,iteration,success,nllh,k,N,bic,c_sigma,sc,tau,theta(cost=high),theta(cost=low)
0,0,True,50.7893499896,5,24,117.468969131,12.6931203953,0.112881610939,10.5958782777,11.4087060849,41.2014515922
