,iteration,success,nllh,k,N,bic,c_sigma,sc2,tau,theta(cost=high),theta(cost=low)
0,0,True,56.709041013,5,24,129.308351178,293.66085727,0.0254659147803,75.0175647425,194.557506573,549.08747198
