,iteration,success,nllh,k,N,bic,c_sigma,sc2,tau,theta(cost=high),theta(cost=low)
0,0,True,50.9306753807,5,24,117.751619913,84.6609672686,0.0833972553264,30.6058363467,2.74857894494,338.713699051
