,iteration,success,nllh,k,N,bic,c_sigma,sc,tau,theta(cost=high),theta(cost=low)
0,0,True,56.5398421044,5,24,128.969953361,15.0209753699,0.168822305666,0.0331517832824,3.92721945039,96.253500545
