,iteration,success,nllh,k,N,bic,c_sigma,sc2,tau,theta(cost=high),theta(cost=low)
0,0,True,39.1240716789,5,24,94.1384125095,252.120040496,0.344648468526,129.400988584,111.148979181,152.640782257
