,iteration,success,nllh,k,N,bic,c_sigma,sc,tau,theta(cost=high),theta(cost=low)
0,0,True,88.5733097629,5,24,193.036888678,65.6450492313,0.133279704448,7.65892781762,109.597720177,187.471568985
