,iteration,success,nllh,k,N,bic,c_sigma,sc2,tau,theta(cost=high),theta(cost=low)
0,0,True,76.1760347236,5,24,168.242338599,91.3218940551,0.0742678232877,11.2745502637,183.938028864,529.343272819
