,iteration,success,nllh,k,N,bic,c_sigma,sc2,tau,theta(cost=high),theta(cost=low)
0,0,True,62.028908042,5,24,139.948085236,90.9207844308,0.0687481353702,9.6196505394,162.862875802,151.91189508
