,iteration,success,nllh,k,N,bic,c_0,tau_unif,theta(cost=high),theta(cost=low)
0,0,True,57.1440284139,4,24,127.000272149,86.089441925,5.33414404221,73.0909699435,93.4429985864
