,iteration,success,nllh,k,N,bic,c_sigma,sc,tau_unif,theta(cost=high),theta(cost=low)
0,0,True,41.413525457,5,24,98.7173200657,59.0164229419,0.0680990995365,131.770479646,27.4359408042,81.8516730552
