,iteration,success,nllh,k,N,bic,c_0,sc2,tau_unif_rel,theta(cost=high),theta(cost=low)
0,0,True,65.8562645431,5,24,147.602798238,45.086314723,0.109648263944,20.0400511024,35.9288192179,50.4424125593
