,iteration,success,nllh,k,N,bic,c_0,tau_unif,theta(cost=high),theta(cost=low)
0,0,True,43.2168665957,4,24,99.1459485128,37.4145739388,1.69662045133,9.85401321007,51.1485628776
