,iteration,success,nllh,k,N,bic,c_sigma,sc,tau,theta(cost=high),theta(cost=low)
0,0,True,63.0959344929,5,24,142.082138137,4.33908106864,0.0794497331291,0.249357355859,15.5643803275,69.2782603323
