,iteration,success,nllh,k,N,bic,c_sigma,sc,tau,theta(cost=high),theta(cost=low)
0,0,True,66.4104734319,5,24,148.711216016,139.422779574,0.0183737938153,10.6045087273,93.7220527437,356.06673304
