,iteration,success,nllh,k,N,bic,c_0,tau_unif,theta(cost=high),theta(cost=low)
0,0,True,49.4803255221,4,24,111.672866366,70.6460798032,21.394243884,27.9073737856,22.7199595816
