,iteration,success,nllh,k,N,bic,c_sigma,sc2,tau,theta(cost=high),theta(cost=low)
0,0,True,55.9991686428,5,24,127.888606437,111.681184292,0.0397264940587,3.25053801225,144.149228782,211.071734383
