,iteration,success,nllh,k,N,bic,c_sigma,sc2,tau,theta(cost=high),theta(cost=low)
0,0,True,56.8407932414,5,24,129.571855634,254.201703362,0.027726979449,84.3748829958,165.072584732,503.222769183
