,iteration,success,nllh,k,N,bic,c_0,sc2,tau_unif_rel,theta(cost=high),theta(cost=low)
0,0,True,44.4508792404,5,24,104.792027632,33.0717792281,0.0423785771409,165.061068122,13.8847478692,126.373339913
