,iteration,success,nllh,k,N,bic,c_sigma,sc2,tau,theta(cost=high),theta(cost=low)
0,0,True,80.0748745665,5,24,176.040018285,67.6571601928,0.138556542727,11.3312396786,111.789490159,372.060321883
