,iteration,success,nllh,k,N,bic,c_sigma,sc2,tau,theta(cost=high),theta(cost=low)
0,0,True,53.4206041582,5,24,122.731477468,237.120150559,1.60069081604,190.599826599,250.646522396,218.332013458
