,iteration,success,nllh,k,N,bic,c_sigma,sc,tau,theta(cost=high),theta(cost=low)
0,0,True,71.8843520845,5,24,159.658973321,12.9432275259,0.228988604041,3.16680735253,44.8938543582,63.3062832277
