,iteration,success,nllh,k,N,bic,c_sigma,sc2,tau,theta(cost=high),theta(cost=low)
0,0,True,56.1450123832,5,24,128.180293918,108.546338206,0.0967119877462,32.2893150748,3.27966047041,509.577751916
