,iteration,success,nllh,k,N,bic,c_sigma,sc,tau,theta(cost=high),theta(cost=low)
0,0,True,25.1476859806,5,24,66.1856411129,269.493355138,0.423609402707,8.62993067189,0.26129737529,97.7452937875
