,iteration,success,nllh,k,N,bic,c_sigma,sc,tau,theta(cost=high),theta(cost=low)
0,0,True,61.2720351101,5,24,138.434339372,8.40335665877,0.042233120184,1.28468325306,38.4129741734,57.4616384015
