,iteration,success,nllh,k,N,bic,c_0,sc2,tau_unif_rel,theta(cost=high),theta(cost=low)
0,0,True,49.6881228201,5,24,115.266514792,47.0484643022,0.0174105362194,12.0289608085,106.294408057,114.770330196
