,iteration,success,nllh,k,N,bic,c_sigma,sc2,tau_trunc,theta(cost=high),theta(cost=low)
0,0,True,78.4121073691,5,24,172.71448389,48.8631092071,0.107562567991,1.22563843692,91.6107431867,207.561742064
