,iteration,success,nllh,k,N,bic,c_sigma,sc,tau,theta(cost=high),theta(cost=low)
0,0,True,59.9329702967,5,24,135.756209745,5.92954890732,0.246433047077,3.65714005473,24.8038062939,38.2946458539
