,iteration,success,nllh,k,N,bic,c_sigma,sc,tau,theta(cost=high),theta(cost=low)
0,0,True,50.5218585824,5,24,116.933986317,22.0903048041,0.231015236488,11.3390951424,0.501456124612,92.0547772434
