,iteration,success,nllh,k,N,bic,c_sigma,sc2,tau,theta(cost=high),theta(cost=low)
0,0,True,73.9514868834,5,24,163.793242918,41.9384677697,0.103069256401,18.1938926643,73.1876914838,210.832183837
