,iteration,success,nllh,k,N,bic,c_sigma,sc2,tau,theta(cost=high),theta(cost=low)
0,0,True,71.5175265344,5,24,158.925322221,151.501937151,0.084510571464,25.0861484924,141.413151472,587.576971434
