,iteration,success,nllh,k,N,bic,c_sigma,sc,tau,theta(cost=high),theta(cost=low)
0,0,True,55.4992434543,5,24,126.88875606,7.58205485837,0.167149214148,2.39513385843,20.7460499119,39.4337750049
