,iteration,success,nllh,k,N,bic,c_sigma,sc2,tau,theta(cost=high),theta(cost=low)
0,0,True,61.3867971915,5,24,138.663863535,51.8519672045,0.775764387091,165.522877136,31.1672504878,190.515486188
