,iteration,success,nllh,k,N,bic,c_0,sc2,tau_unif_rel,theta(cost=high),theta(cost=low)
0,0,True,93.0256673182,5,24,201.941603788,38.0662510809,0.118422740891,17.7501563594,20.5591554695,150.191011224
