,iteration,success,nllh,k,N,bic,c_sigma,sc2,tau,theta(cost=high),theta(cost=low)
0,0,True,69.1382217293,5,24,154.16671261,212.946985959,0.0441604144596,2.08773906709,319.34706727,440.797244627
