,iteration,success,nllh,k,N,bic,c_sigma,sc,tau,theta(cost=high),theta(cost=low)
0,0,True,54.1401481401,5,24,124.170565432,8.61397718654,0.127298932941,0.146074068018,16.9967225578,111.480496118
