,iteration,success,nllh,k,N,bic,c_sigma,sc,tau,theta(cost=high),theta(cost=low)
0,0,True,52.1026320169,5,24,120.095533186,6.73071846374,0.105941719104,0.447384616199,15.9996632922,78.394790717
