,iteration,success,nllh,k,N,bic,c_sigma,sc,tau,theta(cost=high),theta(cost=low)
0,0,True,50.461409297,5,24,116.813087746,8.06792969214,0.262383916158,1.48826864323,14.5280766403,27.1635780326
