,iteration,success,nllh,k,N,bic,c_sigma,sc2,tau,theta(cost=high),theta(cost=low)
0,0,True,68.7126200111,5,24,153.315509174,175.692609598,0.0305536734074,6.16934234655,261.469456439,578.625113885
