,iteration,success,nllh,k,N,bic,c_sigma,sc2,tau,theta(cost=high),theta(cost=low)
0,0,True,72.4962589726,5,24,160.882787097,97.7815205176,0.0820205262149,15.666990649,295.785514706,243.799070964
