,iteration,success,nllh,k,N,bic,c_0,sc2,tau_unif_rel,theta(cost=high),theta(cost=low)
0,0,True,70.874031954,5,24,157.63833306,59.5048618023,0.0854754167487,136.771151992,31.3642776241,166.548909674
