,iteration,success,nllh,k,N,bic,c_sigma,sc,tau_unif,theta(cost=high),theta(cost=low)
0,0,True,61.4835325966,5,24,138.857334345,12.6773966222,0.173010948835,51.468615736,12.5102170826,87.1351111656
