,iteration,success,nllh,k,N,bic,c_sigma,sc2,tau,theta(cost=high),theta(cost=low)
0,0,True,47.8432863326,5,24,111.576841817,77.0449849093,0.144517661748,118.935849644,139.651843887,37.3697502973
