,iteration,success,nllh,k,N,bic,c_sigma,sc2,tau,theta(cost=high),theta(cost=low)
0,0,True,75.3524464083,5,24,166.595161968,45.3619842732,0.196053053066,0.0549217712729,79.0258025144,213.219965785
