,iteration,success,nllh,k,N,bic,c_sigma,sc,tau,theta(cost=high),theta(cost=low)
0,0,True,71.2667232991,5,24,158.42371575,13.9610751553,0.355068799631,1.44866728951,37.888677812,44.0246694491
