,iteration,success,nllh,k,N,bic,c_sigma,sc2,tau,theta(cost=high),theta(cost=low)
0,0,True,60.9956260186,5,24,137.881521189,279.528255534,0.0136191109892,44.8926346795,530.73701575,855.617180687
