,iteration,success,nllh,k,N,bic,c_sigma,sc2,tau,theta(cost=high),theta(cost=low)
0,0,True,65.468333582,5,24,146.826936316,176.164161528,0.0471241784958,4.07589190679,210.067211132,515.688780228
