,iteration,success,nllh,k,N,bic,c_0,tau_unif,theta(cost=high),theta(cost=low)
0,0,True,61.2732725685,4,24,135.258760458,38.0329058642,1.53175350211,28.2192512755,61.9347183967
