,iteration,success,nllh,k,N,bic,c_0,sc2,tau_unif_rel,theta(cost=high),theta(cost=low)
0,0,True,41.745338021,5,24,99.3809451938,44.310228504,0.0169680529267,67.1096216713,74.2241169106,42.0376241896
