,iteration,success,nllh,k,N,bic,c_0,sc2,tau_unif_rel,theta(cost=high),theta(cost=low)
0,0,True,60.1785652585,5,24,136.247399669,71.8733708581,0.658661071242,12.6833772057,2.91248116332,14.5436568329
