,iteration,success,nllh,k,N,bic,c_0,sc2,tau_unif_rel,theta(cost=high),theta(cost=low)
0,0,True,22.2729351755,5,24,60.4361395028,10.9597595907,0.00896753495198,27.1219595231,50.4054258131,68.4541343889
