,iteration,success,nllh,k,N,bic,c_0,sc2,tau_unif_rel,theta(cost=high),theta(cost=low)
0,0,True,78.946342544,5,24,173.78295424,45.2609618983,0.0504764350656,21.0127142289,117.928150213,167.226645474
