,iteration,success,nllh,k,N,bic,c_sigma,sc2,tau,theta(cost=high),theta(cost=low)
0,0,True,75.4385303976,5,24,166.767329947,120.801226088,2.43521481027,4.99767134773,176.272362979,304.521282042
