,iteration,success,nllh,k,N,bic,c_sigma,sc,tau_unif,theta(cost=high),theta(cost=low)
0,0,True,58.9845831883,5,24,133.859435528,127.532808882,0.0370700826837,12.908583417,127.783370199,230.453205495
