,iteration,success,nllh,k,N,bic,c_sigma,sc,tau,theta(cost=high),theta(cost=low)
0,0,True,55.6607672536,5,24,127.211803659,12.6353334401,0.0208822179155,1.92800162854,19.036944064,66.8264532165
