,iteration,success,nllh,k,N,bic,c_sigma,sc,tau,theta(cost=high),theta(cost=low)
0,0,True,59.256398384,5,24,134.40306592,5.46044800051,0.86787740481,0.00987736405286,7.68622681408,8.79527952165
