,iteration,success,nllh,k,N,bic,c_sigma,sc,tau,theta(cost=high),theta(cost=low)
0,0,True,63.2364678825,5,24,142.363204917,0.704124040925,0.0688079388791,11.4903468072,32.0578567804,55.4276040397
