,iteration,success,nllh,k,N,bic,sc,tau_unif_rel,theta(cost=high),theta(cost=low)
0,0,True,72.1814693957,4,24,157.075154113,0.162053101238,8.67114426893,11.4869601659,53.3755621909
