,iteration,success,nllh,k,N,bic,c_sigma,sc,tau,theta(cost=high),theta(cost=low)
0,0,True,59.8297714919,5,24,135.549812136,44.4752161307,0.40898523697,49.645405154,7.18580401951,72.877630172
