,iteration,success,nllh,k,N,bic,c_sigma,sc,tau_unif,theta(cost=high),theta(cost=low)
0,0,True,55.0913655647,5,24,126.073000281,11.2186949915,0.267716669121,1.87883934144,17.9863936537,26.9049571176
