,iteration,success,nllh,k,N,bic,c_sigma,sc,tau,theta(cost=high),theta(cost=low)
0,0,True,74.3262517779,5,24,164.542772708,5.9262544802,0.271621936975,2.24852463847,33.9824851661,69.3076176012
