,iteration,success,nllh,k,N,bic,c_0,sc2,tau_unif_rel,theta(cost=high),theta(cost=low)
0,0,True,78.5351776633,5,24,172.960624478,44.0161214496,0.0418290002843,25.3921016952,125.905589862,197.887712279
