,iteration,success,nllh,k,N,bic,c_sigma,sc2,tau,theta(cost=high),theta(cost=low)
0,0,True,44.7872917357,5,24,105.464852623,80.8427354682,0.124887221023,82.187853832,22.9475365154,112.567062399
