,iteration,success,nllh,k,N,bic,c_0,sc2,tau_unif_rel,theta(cost=high),theta(cost=low)
0,0,True,113.885015649,5,24,243.66030045,51.8135037438,0.315444009757,137.931638367,120.756884745,157.485235578
