,iteration,success,nllh,k,N,bic,c_sigma,sc2,tau,theta(cost=high),theta(cost=low)
0,0,True,59.9274837732,5,24,135.745236698,135.709238041,0.0336886375226,17.9824827483,296.353800346,283.217191126
