,iteration,success,nllh,k,N,bic,c_sigma,sc2,tau,theta(cost=high),theta(cost=low)
0,0,True,55.5996510752,5,24,127.089571302,110.017723501,0.0347762922434,9.63067005309,131.223546367,361.937503315
