,iteration,success,nllh,k,N,bic,c_sigma,sc,tau_unif,theta(cost=high),theta(cost=low)
0,0,True,56.8743939963,5,24,129.639057144,6.46659808506,0.237352828612,2.87818466794,23.4661498331,37.3008428711
