,iteration,success,nllh,k,N,bic,c_sigma,sc,tau,theta(cost=high),theta(cost=low)
0,0,True,54.0274962206,5,24,123.945261593,18.2978195192,0.0701891463962,8.08081329818,16.6452161633,54.3660974294
