,iteration,success,nllh,k,N,bic,c_sigma,sc2,tau,theta(cost=high),theta(cost=low)
0,0,True,58.4200899587,5,24,132.730449069,182.829836581,0.0277343687399,33.7474115206,51.3835178597,886.326969606
