,iteration,success,nllh,k,N,bic,sc,tau_unif_rel,theta(cost=high),theta(cost=low)
0,0,True,71.1685121502,4,24,155.049239622,0.196533209598,0.88560438494,18.9549747533,114.574269896
