,iteration,success,nllh,k,N,bic,c_sigma,sc,tau,theta(cost=high),theta(cost=low)
0,0,True,64.7610922074,5,24,145.412453567,29.0873357706,0.341943168744,1.32662009709,13.5955216656,57.6366973887
