,iteration,success,nllh,k,N,bic,c_sigma,sc2,tau,theta(cost=high),theta(cost=low)
0,0,True,58.255253576,5,24,132.400776304,121.341525341,0.0462838290015,31.9734272782,28.7411278207,567.5408367
