,iteration,success,nllh,k,N,bic,c_0,tau_unif,theta(cost=high),theta(cost=low)
0,0,True,68.6266994913,4,24,149.965614304,60.3480008592,8.59130554335,37.8258018882,61.7541069166
