,iteration,success,nllh,k,N,bic,c_sigma,sc,tau,theta(cost=high),theta(cost=low)
0,0,True,55.7008612597,5,24,127.291991671,9.92138460393,0.0587986525528,0.0303214428589,14.6786283978,61.7005696376
