,iteration,success,nllh,k,N,bic,c_sigma,sc2,tau,theta(cost=high),theta(cost=low)
0,0,True,16.5806562751,5,24,49.0515817019,157.335325019,2.12405377706,166.616704575,0.516278756781,0.220422408599
