,iteration,success,nllh,k,N,bic,c_sigma,sc,tau,theta(cost=high),theta(cost=low)
0,0,True,69.3970373283,5,24,154.684343808,13.1326113992,0.0329760122207,0.0609359161048,52.224634749,72.7008896
