,iteration,success,nllh,k,N,bic,c_sigma,sc2,tau,theta(cost=high),theta(cost=low)
0,0,True,71.0780837398,5,24,158.046436631,136.687415224,0.0795484166084,10.2542716527,140.642035357,518.682736682
