,iteration,success,nllh,k,N,bic,c_sigma,sc,tau,theta(cost=high),theta(cost=low)
0,0,True,46.8241908674,5,24,109.538650887,89.8202611818,0.346437652777,2.42431975714,30.9215982367,28.1154459538
