,iteration,success,nllh,k,N,bic,c_sigma,sc,tau,theta(cost=high),theta(cost=low)
0,0,True,61.9280651852,5,24,139.746399522,15.8941665952,0.308329712026,0.870518885277,30.2375289136,32.2138206007
