,iteration,success,nllh,k,N,bic,c_sigma,sc2,tau_trunc,theta(cost=high),theta(cost=low)
0,0,True,98.1983578063,5,24,212.286984764,35.0956559588,0.169992283384,8.99177731951,190.851865315,291.666304802
