,iteration,success,nllh,k,N,bic,c_sigma,sc2,tau,theta(cost=high),theta(cost=low)
0,0,True,59.6414717803,5,24,135.173212712,218.003156504,0.0206158284439,15.4244824535,328.049088393,586.609293945
