,iteration,success,nllh,k,N,bic,c_sigma,sc,tau_trunc,theta(cost=high),theta(cost=low)
0,0,True,73.8553642642,5,24,163.60099768,30.8215541348,0.201328985579,3.28861423227,79.6505476735,72.374235823
