,iteration,success,nllh,k,N,bic,c_0,sc2,tau_unif_rel,theta(cost=high),theta(cost=low)
0,0,True,53.6544983227,5,24,123.199265797,53.1978440452,0.0688271883847,105.339162792,11.549474687,174.116319477
