,iteration,success,nllh,k,N,bic,c_sigma,sc,tau_unif,theta(cost=high),theta(cost=low)
0,0,True,65.7223446993,5,24,147.33495855,20.1051381743,0.230474133035,1.73075071036,22.6578293423,57.9374854269
