,iteration,success,nllh,k,N,bic,c_sigma,sc2,tau,theta(cost=high),theta(cost=low)
0,0,True,81.7873467981,5,24,179.464962748,90.7788542101,0.133887117871,4.69492714808,113.303096339,331.586716592
