,iteration,success,nllh,k,N,bic,c_sigma,sc2,tau,theta(cost=high),theta(cost=low)
0,0,True,62.2005411608,5,24,140.291351473,53.5604965561,0.107191941018,184.518750785,78.4148119213,270.655449092
