,iteration,success,nllh,k,N,bic,c_sigma,sc2,tau,theta(cost=high),theta(cost=low)
0,0,True,59.6181428936,5,24,135.126554939,151.108242254,0.031700313129,3.18780816474,212.068327876,367.551976742
