,iteration,success,nllh,k,N,bic,c_sigma,sc,tau,theta(cost=high),theta(cost=low)
0,0,True,89.110212215,5,24,194.110693582,33.36156348,0.364961751838,3.72071435755,84.9919665295,165.753848585
