,iteration,success,nllh,k,N,bic,c_sigma,sc,tau,theta(cost=high),theta(cost=low)
0,0,True,67.990197844,5,24,151.87066484,21.5836880358,0.0908307685802,19.5461246998,36.2929820175,66.8130153861
