,iteration,success,nllh,k,N,bic,c_0,sc2,tau_unif_rel,theta(cost=high),theta(cost=low)
0,0,True,71.6982491602,5,24,159.286767472,47.1455602429,0.0457097717095,72.8842095405,70.5598240737,146.424048116
