,iteration,success,nllh,k,N,bic,c_sigma,sc2,tau,theta(cost=high),theta(cost=low)
0,0,True,50.8581484269,5,24,117.606566005,60.0961509781,0.070236359792,4.09786038053,85.7503096339,91.9893275068
