,iteration,success,nllh,k,N,bic,c_sigma,sc,tau,theta(cost=high),theta(cost=low)
0,0,True,83.8909323891,5,24,183.67213393,28.6191872409,0.199758564332,0.0723467269659,87.1457681649,116.668633688
