,iteration,success,nllh,k,N,bic,c_sigma,sc2,tau,theta(cost=high),theta(cost=low)
0,0,True,55.1330601291,5,24,126.15638941,201.414637944,0.0308252143687,27.9215654627,161.794547236,381.922240539
