,iteration,success,nllh,k,N,bic,c_sigma,sc2,tau,theta(cost=high),theta(cost=low)
0,0,True,64.3233475811,5,24,144.536964314,212.416340461,0.0421549452718,138.569492862,141.412047595,825.698854454
