,iteration,success,nllh,k,N,bic,c_sigma,sc2,tau,theta(cost=high),theta(cost=low)
0,0,True,62.6078885441,5,24,141.10604624,126.812650732,0.0432278221158,90.9631404175,102.697556032,402.428551126
