,iteration,success,nllh,k,N,bic,c,r,tau,theta(cost=high),theta(cost=low)
0,0,True,71.5588687495,5,24,159.008006651,48.3636484609,0.0666081285577,0.178883250421,131.285472147,279.67200896
