,iteration,success,nllh,k,N,bic,c_sigma,sc2,tau,theta(cost=high),theta(cost=low)
0,0,True,49.6633713667,5,24,115.217011885,199.143622337,2.48121459642,25.3770257426,90.0582056759,208.26772345
