,iteration,success,nllh,k,N,bic,c_sigma,tau_unif,theta(cost=high),theta(cost=low)
0,0,True,82.382436691,4,24,177.477088703,36.8649016786,31.7846399279,62.2024471358,185.885175156
