,iteration,success,nllh,k,N,bic,c_sigma,sc2,tau,theta(cost=high),theta(cost=low)
0,0,True,60.2352552367,5,24,136.360779625,111.215923197,0.040202808891,8.51854864016,120.388634919,520.793946727
