,iteration,success,nllh,k,N,bic,c_0,sc,tau_unif_rel,theta(cost=high),theta(cost=low)
0,0,True,36.0141062961,5,24,87.9184817438,99.9418166242,0.0748627390223,1.39284201702,62.9637168723,74.9454765302
