,iteration,success,nllh,k,N,bic,c_sigma,sc,tau,theta(cost=high),theta(cost=low)
0,0,True,49.2229648521,5,24,114.336198856,201.757260056,0.124674347324,14.8533897153,257.918254428,40.7565993458
