,iteration,success,nllh,k,N,bic,c_sigma,sc2,tau,theta(cost=high),theta(cost=low)
0,0,True,25.7250238897,5,24,67.3403169311,228.496060426,1.72432940861,47.3088156082,22.6838412786,37.8054426691
