,iteration,success,nllh,k,N,bic,c_sigma,sc,tau,theta(cost=high),theta(cost=low)
0,0,True,71.8045243328,5,24,159.499317817,19.6817202486,0.0893885172015,0.0520584405595,58.1683782408,90.7157980694
