,iteration,success,nllh,k,N,bic,c_sigma,sc,tau,theta(cost=high),theta(cost=low)
0,0,True,50.7112020975,5,24,117.312673347,31.8811424217,0.578759437235,1.15226354897,13.3628641612,43.7447724331
