,iteration,success,nllh,k,N,bic,c_sigma,sc,tau,theta(cost=high),theta(cost=low)
0,0,True,61.0555872713,5,24,138.001443694,8.14788742802,0.0758035729624,0.0636078294058,34.7056412833,54.50854293
