,iteration,success,nllh,k,N,bic,c,tau_unif,theta(cost=high),theta(cost=low)
0,0,True,25.6141349374,4,24,63.9404851963,98.7424547826,170.671194942,15.0978856781,23.9553320368
