,iteration,success,nllh,k,N,bic,c_0,sc2,tau_unif_rel,theta(cost=high),theta(cost=low)
0,0,True,33.2842182983,5,24,82.4587057483,38.0835450869,0.00758825023506,160.209179683,76.5545985185,135.949249539
