,iteration,success,nllh,k,N,bic,c_sigma,sc2,tau,theta(cost=high),theta(cost=low)
0,0,True,61.5051635705,5,24,138.900596293,67.3502854521,1.76040186005,151.418934327,40.9748022922,229.888541286
