,iteration,success,nllh,k,N,bic,c_sigma,sc,tau,theta(cost=high),theta(cost=low)
0,0,True,65.8653965806,5,24,147.621062313,97.2687625366,0.786749356849,16.6903968793,110.957349809,124.252455934
