,iteration,success,nllh,k,N,bic,c_sigma,sc2,tau_trunc,theta(cost=high),theta(cost=low)
0,0,True,60.1759144425,5,24,136.242098037,66.1013176205,0.0475627793922,1.42253490246,69.930799979,289.24137669
