,iteration,success,nllh,k,N,bic,c_sigma,sc,tau_normal,theta(cost=high),theta(cost=low)
0,0,True,74.2512021123,5,24,164.392673376,6.04170413349,0.334159027158,5.43394515534,34.2729070593,64.0616178288
