,iteration,success,nllh,k,N,bic,sc,tau_unif_rel,theta(cost=high),theta(cost=low)
0,0,True,56.3741778928,4,24,125.460571107,0.245737527115,9.63495882884,17.4324100888,36.5465656094
