,iteration,success,nllh,k,N,bic,c_sigma,sc2,tau,theta(cost=high),theta(cost=low)
0,0,True,75.5771418069,5,24,167.044552766,163.458564802,2.05748568494,7.68578895907,227.991416411,410.011590433
