,iteration,success,nllh,k,N,bic,c_sigma,sc2,tau,theta(cost=high),theta(cost=low)
0,0,True,61.8470596977,5,24,139.584388547,93.1879425318,0.0664078262574,7.04095364391,182.355354731,164.262046941
