,iteration,success,nllh,k,N,bic,c_sigma,sc,tau,theta(cost=high),theta(cost=low)
0,0,True,31.324389418,5,24,78.5390479878,0.435055406331,0.194821958403,5.64273188745,3.20463789914,7.71829242063
