,iteration,success,nllh,k,N,bic,c_sigma,sc2,tau,theta(cost=high),theta(cost=low)
0,0,True,59.3006967641,5,24,134.49166268,237.683439473,0.0293353294868,28.6064668306,202.992201611,561.859696818
