,iteration,success,nllh,k,N,bic,c_sigma,sc,tau,theta(cost=high),theta(cost=low)
0,0,True,63.2682923737,5,24,142.426853899,24.9770449181,0.0349543933109,44.262598608,20.8375707064,137.387241676
