,iteration,success,nllh,k,N,bic,c_sigma,sc,tau,theta(cost=high),theta(cost=low)
0,0,True,64.1290083905,5,24,144.148285933,12.3482895596,0.348033039527,1.79513222162,17.9553771337,58.0186953584
