,iteration,success,nllh,k,N,bic,c_sigma,sc,tau,theta(cost=high),theta(cost=low)
0,0,True,77.6307046798,5,24,171.151678511,27.3224569195,0.0197736729769,1.14229126934,58.8818935262,148.760067358
