,iteration,success,nllh,k,N,bic,sc,tau_unif_rel,theta(cost=high),theta(cost=low)
0,0,True,97.9295117096,4,24,208.571238741,0.35823787805,7.451331921,34.1057613137,65.6173699217
