,iteration,success,nllh,k,N,bic,c_sigma,sc,tau,theta(cost=high),theta(cost=low)
0,0,True,56.7856375085,5,24,129.461544169,6.41709399774,0.215498082872,2.10930018775,23.5132905461,39.1855702527
