,iteration,success,nllh,k,N,bic,c_sigma,sc2,tau,theta(cost=high),theta(cost=low)
0,0,True,58.9362488094,5,24,133.762766771,262.150611474,0.0241924709143,0.995895859335,347.575563274,399.837181013
