,iteration,success,nllh,k,N,bic,c_sigma,sc,tau,theta(cost=high),theta(cost=low)
0,0,True,66.9955081956,5,24,149.881285543,10.1569021056,0.112901159612,4.77155655427,38.3089950793,88.5229076844
