,iteration,success,nllh,k,N,bic,c_sigma,sc,tau_unif,theta(cost=high),theta(cost=low)
0,0,True,83.6206418818,5,24,183.131552915,43.1530009377,0.0305648201589,5.38941304723,127.48970341,167.5976514
