,iteration,success,nllh,k,N,bic,c_0,sc,tau_unif_rel,theta(cost=high),theta(cost=low)
0,0,True,58.6438629003,5,24,133.177994952,39.0904104491,0.354063815766,1.13022284278,22.6051924769,31.6502814957
