,iteration,success,nllh,k,N,bic,c_sigma,sc2,tau,theta(cost=high),theta(cost=low)
0,0,True,71.4764749525,5,24,158.843219057,96.5578732686,0.0554161184641,3.92454068297,226.462014513,369.225836628
