,iteration,success,nllh,k,N,bic,c_sigma,sc2,tau,theta(cost=high),theta(cost=low)
0,0,True,63.4783407531,5,24,142.846950658,56.3707526364,0.110680322711,13.9075605193,70.7688152864,215.221914881
