,iteration,success,nllh,k,N,bic,c_sigma,sc,tau,theta(cost=high),theta(cost=low)
0,0,True,16.6761851144,5,24,49.2426393805,87.3399997487,0.808467757374,39.2545185174,0.339931735706,0.17217405933
