,iteration,success,nllh,k,N,bic,c_0,sc,tau_unif_rel,theta(cost=high),theta(cost=low)
0,0,True,51.6544517355,5,24,119.199172623,47.9580290845,0.0769410866867,0.00585051692455,21.565873235,57.521961728
