,iteration,success,nllh,k,N,bic,c_sigma,sc2,tau,theta(cost=high),theta(cost=low)
0,0,True,39.1078190997,5,24,94.1059073511,158.108614381,1.84663427543,82.6684397622,70.7800137148,82.1052368095
