,iteration,success,nllh,k,N,bic,c_0,sc2,tau_unif_rel,theta(cost=high),theta(cost=low)
0,0,True,85.0022590719,5,24,185.894787295,47.1900692486,0.122752401622,47.7664791733,58.4329480097,118.843416124
