,iteration,success,nllh,k,N,bic,c_0,sc,tau_unif_rel,theta(cost=high),theta(cost=low)
0,0,True,72.4591813886,5,24,160.808631929,31.4370477303,0.158513207481,3.78278797186,18.2139294228,77.8409818084
