,iteration,success,nllh,k,N,bic,c_sigma,sc,tau,theta(cost=high),theta(cost=low)
0,0,True,50.9633578295,5,24,117.816984811,16.6297894167,0.0560362890454,4.75135729382,0.663777866093,105.401521965
