,iteration,success,nllh,k,N,bic,c_sigma,sc,tau,theta(cost=high),theta(cost=low)
0,0,True,59.948445381,5,24,135.787159914,6.53634918283,0.267243982168,0.689280536211,23.7286399134,35.9180784901
