,iteration,success,nllh,k,N,bic,c,tau_unif,theta(cost=high),theta(cost=low)
0,0,True,55.8146024587,4,24,124.341420239,76.5565891656,53.8026072202,24.2031286925,46.9271302971
