,iteration,success,nllh,k,N,bic,c_sigma,sc2,tau,theta(cost=high),theta(cost=low)
0,0,True,71.6303112711,5,24,159.150891694,148.675324032,0.0855048622233,10.4890145367,230.860384055,316.264908794
