,iteration,success,nllh,k,N,bic,c_sigma,sc2,tau,theta(cost=high),theta(cost=low)
0,0,True,61.701837102,5,24,139.293943356,165.723327894,0.0312078589764,26.5325923048,241.581672152,392.767583732
