,iteration,success,nllh,k,N,bic,c_sigma,sc2,tau,theta(cost=high),theta(cost=low)
0,0,True,66.3905083077,5,24,148.671285767,182.921173277,0.0482087692433,16.4665934133,196.552532512,485.873418932
