,iteration,success,nllh,k,N,bic,c_sigma,sc2,tau,theta(cost=high),theta(cost=low)
0,0,True,75.2078171072,5,24,166.305903366,130.584947857,0.0668869739098,9.01407920225,204.306597085,589.928980381
