,iteration,success,nllh,k,N,bic,c_sigma,sc2,tau,theta(cost=high),theta(cost=low)
0,0,True,49.702216184,5,24,115.29470152,168.426910872,0.0579462444495,18.3570369518,84.8581617299,235.632300409
