,iteration,success,nllh,k,N,bic,c_0,sc,tau_rel,theta(cost=high),theta(cost=low)
0,0,True,58.1706908657,5,24,132.231650883,42.2122167666,0.284194431811,22.9671048948,23.148491864,34.1356206619
