,iteration,success,nllh,k,N,bic,c_sigma,sc,tau,theta(cost=high),theta(cost=low)
0,0,True,54.8275390169,5,24,125.545347186,6.98918831748,0.100736483072,1.2195067135,35.2701583543,36.1141568022
