,iteration,success,nllh,k,N,bic,c_sigma,sc2,tau,theta(cost=high),theta(cost=low)
0,0,True,76.2915180533,5,24,168.473305258,106.937334019,0.0636663671755,21.5738609518,214.191000174,580.601965483
