,iteration,success,nllh,k,N,bic,c_sigma,sc2,tau,theta(cost=high),theta(cost=low)
0,0,True,41.4367912413,5,24,98.7638516343,241.98747559,1.16342666726,48.7858027854,140.563509752,116.189743457
