,iteration,success,nllh,k,N,bic,c,tau_unif,theta(cost=high),theta(cost=low)
0,0,True,67.9845448207,4,24,148.681304963,42.7472918255,14.8552604111,19.3573163163,49.6433753762
