,iteration,success,nllh,k,N,bic,c_sigma,sc2,tau,theta(cost=high),theta(cost=low)
0,0,True,63.4360737431,5,24,142.762416638,63.6936660462,0.0702579945305,15.8045931746,80.5079714081,408.253364267
