,iteration,success,nllh,k,N,bic,c_0,tau_unif,theta(cost=high),theta(cost=low)
0,0,True,77.4707685769,4,24,167.653752475,41.3856928557,34.7956597027,66.0573571632,86.3751240962
