,iteration,success,nllh,k,N,bic,c_sigma,sc,tau,theta(cost=high),theta(cost=low)
0,0,True,62.8535629091,5,24,141.59739497,10.1413027293,0.00927070267073,0.380448251677,23.5902441977,81.3059207353
