,iteration,success,nllh,k,N,bic,c_0,sc,tau_rel,theta(cost=high),theta(cost=low)
0,0,True,47.8643070653,5,24,111.618883282,40.7708688165,0.260254419132,34.8566157632,3.72409112697,19.0426205728
