,iteration,success,nllh,k,N,bic,c_sigma,sc2,tau,theta(cost=high),theta(cost=low)
0,0,True,62.2666137622,5,24,140.423496676,201.767327692,0.0223848751558,27.1121665216,339.962665359,576.041621234
