,iteration,success,nllh,k,N,bic,c_sigma,sc,tau_unif,theta(cost=high),theta(cost=low)
0,0,True,66.974341408,5,24,149.838951968,13.0511788815,0.0176427174743,1.77244574243,40.9824957986,105.623528111
