,iteration,success,nllh,k,N,bic,c_sigma,sc,tau,theta(cost=high),theta(cost=low)
0,0,True,31.2677741052,5,24,78.4258173622,0.311610233291,0.324644318767,4.54874890631,2.11617994368,6.20246133515
