,iteration,success,nllh,k,N,bic,c_sigma,sc2,tau,theta(cost=high),theta(cost=low)
0,0,True,41.3367752718,5,24,98.5638196953,137.974636867,0.569026210456,34.8919094003,81.0650303139,74.5812531948
