,iteration,success,nllh,k,N,bic,c_sigma,sc,tau,theta(cost=high),theta(cost=low)
0,0,True,67.9550426871,5,24,151.800354526,26.6790419839,0.0657852488139,7.40686450764,37.5795279623,64.9619131934
