,iteration,success,nllh,k,N,bic,c,tau_unif,theta(cost=high),theta(cost=low)
0,0,True,73.8744627327,4,24,160.461140787,35.54314078,20.3902166235,47.0326221156,48.9922783613
