,iteration,success,nllh,k,N,bic,c_sigma,sc,tau,theta(cost=high),theta(cost=low)
0,0,True,89.8621622619,5,24,195.614593676,90.9086673519,0.0507785690997,0.0839334902061,219.631788469,436.369322034
