,iteration,success,nllh,k,N,bic,c_0,sc2,tau_unif_rel,theta(cost=high),theta(cost=low)
0,0,True,42.1901467855,5,24,100.270562723,39.6408183739,0.0372128053602,152.102122081,22.7474928539,89.3268630073
