,iteration,success,nllh,k,N,bic,c_sigma,sc,tau,theta(cost=high),theta(cost=low)
0,0,True,83.5923278648,5,24,183.074924881,15.0202643773,0.698631441289,0.563148665461,28.5204824213,64.746280197
