,iteration,success,nllh,k,N,bic,c_0,sc2,tau_unif_rel,theta(cost=high),theta(cost=low)
0,0,True,94.6479181468,5,24,205.186105445,0.664258758642,0.201121520355,82.7693191856,75.3789976813,143.524037802
