,iteration,success,nllh,k,N,bic,c_sigma,sc2,tau,theta(cost=high),theta(cost=low)
0,0,True,71.5379091952,5,24,158.966087542,103.069447403,0.0506576713472,5.15670530355,206.699232027,541.544649094
