,iteration,success,nllh,k,N,bic,c_0,sc,tau_rel,theta(cost=high),theta(cost=low)
0,0,True,48.9700224463,5,24,113.830314044,62.981407885,0.433466801772,40.3452545901,10.0206352419,3.85692003096
