,iteration,success,nllh,k,N,bic,c_sigma,sc2,tau,theta(cost=high),theta(cost=low)
0,0,True,66.1390696508,5,24,148.168408453,172.649228282,0.025172113761,11.6714347434,494.709405656,536.328910811
