,iteration,success,nllh,k,N,bic,c,tau_unif,theta(cost=high),theta(cost=low)
0,0,True,75.3084199453,4,24,163.329055212,1.19009458524,9.12489520152,90.2500596331,155.241987615
