,iteration,success,nllh,k,N,bic,c_0,sc2,tau_unif_rel,theta(cost=high),theta(cost=low)
0,0,True,86.125953641,5,24,188.142176434,51.064988722,0.415821889137,78.986530343,23.9331392263,84.0506002755
