,iteration,success,nllh,k,N,bic,c_sigma,sc2,tau,theta(cost=high),theta(cost=low)
0,0,True,53.5282442291,5,24,122.94675761,191.539938489,0.0224293771295,17.2089918112,278.991385456,276.559562716
