,iteration,success,nllh,k,N,bic,c_sigma,sc,tau,theta(cost=high),theta(cost=low)
0,0,True,55.4685750198,5,24,126.827419191,6.9628971517,0.094779118585,1.63187838656,13.8463524498,97.0985404206
