,iteration,success,nllh,k,N,bic,c_0,sc2,tau_unif_rel,theta(cost=high),theta(cost=low)
0,0,True,64.5811989254,5,24,145.052667003,44.2457044537,0.0520544022539,97.2585251648,89.9645595121,136.261126453
