,iteration,success,nllh,k,N,bic,c_sigma,sc,tau,theta(cost=high),theta(cost=low)
0,0,True,30.8979942241,5,24,77.6862576,0.399717889768,0.130075648904,0.0233356212374,14.6433825761,12.5817475405
