,iteration,success,nllh,k,N,bic,c_sigma,sc2,tau_trunc,theta(cost=high),theta(cost=low)
0,0,True,87.9825878432,5,24,191.855444838,41.6035800887,0.12567435456,3.28731592081,121.425638646,254.467526951
