,iteration,success,nllh,k,N,bic,c_sigma,sc,tau,theta(cost=high),theta(cost=low)
0,0,True,60.5367590929,5,24,136.963787337,6.90832937839,0.100247931385,0.418457418573,27.8865220501,85.3037037502
