,iteration,success,nllh,k,N,bic,c_0,sc,tau_unif_rel,theta(cost=high),theta(cost=low)
0,0,True,84.187921407,5,24,184.266111966,32.658898638,0.176358745218,3.53903740763,56.2274838704,79.531325204
