,iteration,success,nllh,k,N,bic,c_sigma,sc,tau,theta(cost=high),theta(cost=low)
0,0,True,39.1846877755,5,24,94.2596447028,20.891272853,0.0252037164793,27.2172359418,6.34929867064,31.2173117304
