,iteration,success,nllh,k,N,bic,c_sigma,sc,tau_unif,theta(cost=high),theta(cost=low)
0,0,True,71.3630877685,5,24,158.616444689,11.7420869419,0.357881620381,2.3327212406,29.5331755879,38.0251378121
