,iteration,success,nllh,k,N,bic,c_sigma,sc,tau,theta(cost=high),theta(cost=low)
0,0,True,62.9805208123,5,24,141.851310776,7.90473006736,0.18995338662,0.00969581732828,38.4845189781,41.1782336718
