,iteration,success,nllh,k,N,bic,c_sigma,sc,tau_trunc,theta(cost=high),theta(cost=low)
0,0,True,57.1198447907,5,24,130.129958733,167.108412848,1.05243191969,0.332982124622,119.772593024,224.352583498
