,iteration,success,nllh,k,N,bic,c,r,tau,theta(cost=high),theta(cost=low)
0,0,True,50.907284354,5,24,117.70483786,4.73645272988,0.0743601838609,44.3472575142,24.3944230437,81.3730190747
