,iteration,success,nllh,k,N,bic,c_sigma,sc,tau,theta(cost=high),theta(cost=low)
0,0,True,63.0737164646,5,24,142.037702081,16.1573029077,0.0682960957263,40.0344517742,20.9918166152,111.630747584
