,iteration,success,nllh,k,N,bic,c_sigma,sc,tau,theta(cost=high),theta(cost=low)
0,0,True,64.0632029875,5,24,144.016675127,7.81020361901,0.0173936592794,3.69554536551,31.2547740504,103.053595972
