,iteration,success,nllh,k,N,bic,c_0,sc2,tau_unif_rel,theta(cost=high),theta(cost=low)
0,0,True,78.3675879104,5,24,172.625444972,54.0363885102,0.0347822098066,33.9711921364,57.5557846564,167.055348977
