,iteration,success,nllh,k,N,bic,c_sigma,sc2,tau,theta(cost=high),theta(cost=low)
0,0,True,49.9301972839,5,24,115.75066372,291.288206347,2.2998499001,20.1279866031,155.919440112,291.863593542
