,iteration,success,nllh,k,N,bic,c_sigma,sc,tau,theta(cost=high),theta(cost=low)
0,0,True,54.2033149785,5,24,124.296899109,5.17921142554,0.241852965121,1.13656525329,14.0377554499,89.6910631532
