,iteration,success,nllh,k,N,bic,c_sigma,sc2,tau,theta(cost=high),theta(cost=low)
0,0,True,63.313771013,5,24,142.517811178,105.533226031,0.0517715758775,9.22870617243,110.966267685,594.932457481
