,iteration,success,nllh,k,N,bic,c_sigma,sc2,tau,theta(cost=high),theta(cost=low)
0,0,True,64.4811740047,5,24,144.852617161,59.4001526773,0.156864455317,42.281667793,27.0251179652,216.87702644
