,iteration,success,nllh,k,N,bic,c_sigma,sc,tau,theta(cost=high),theta(cost=low)
0,0,True,70.7403514138,5,24,157.370971979,10.0816115518,0.0106382652169,1.91843212332,37.547179851,158.073814016
