,iteration,success,nllh,k,N,bic,c_0,sc2,tau_unif_rel,theta(cost=high),theta(cost=low)
0,0,True,94.956532833,5,24,205.803334818,39.1701528299,0.0824786846528,37.9247148468,57.1484984935,109.448503398
