,iteration,success,nllh,k,N,bic,c_sigma,sc2,tau,theta(cost=high),theta(cost=low)
0,0,True,80.610276632,5,24,177.110822416,108.176381352,0.228125215036,3.22522478404,114.483055666,353.002348486
