,iteration,success,nllh,k,N,bic,c_sigma,sc,tau,theta(cost=high),theta(cost=low)
0,0,True,89.9735659355,5,24,195.837401023,44.5061593399,0.0763569258535,2.87651783634,89.5099657346,175.179869297
