,iteration,success,nllh,k,N,bic,c_sigma,sc,tau,theta(cost=high),theta(cost=low)
0,0,True,66.9027710554,5,24,149.695811262,9.6322983048,0.130380149857,0.0634970662174,30.4375194217,79.3402404812
