,iteration,success,nllh,k,N,bic,c_0,sc,tau_unif_rel,theta(cost=high),theta(cost=low)
0,0,True,62.009486516,5,24,139.909242184,37.4075578787,0.296452031914,5.97616650613,24.0681887823,21.5713635565
