,iteration,success,nllh,k,N,bic,c_0,sc,tau_unif_rel,theta(cost=high),theta(cost=low)
0,0,True,65.0339564922,5,24,145.958182136,56.598220451,0.19585076502,0.261079507679,29.18767205,93.6460309168
