,iteration,success,nllh,k,N,bic,c_0,sc2,tau_unif_rel,theta(cost=high),theta(cost=low)
0,0,True,88.9257914252,5,24,193.741852002,50.5032040436,0.124054984104,20.5234023635,27.0718279559,182.162382684
