,iteration,success,nllh,k,N,bic,c_sigma,sc,tau,theta(cost=high),theta(cost=low)
0,0,True,56.1930141466,5,24,128.276297445,10.1687662433,0.240297396565,0.0362576722778,3.79608916708,77.7458144411
