,iteration,success,nllh,k,N,bic,c_sigma,sc2,tau,theta(cost=high),theta(cost=low)
0,0,True,99.0596193977,5,24,214.009507947,81.8438195167,0.117063478903,2.85622971046,379.814293948,547.170947068
