,iteration,success,nllh,k,N,bic,c_0,tau_unif,theta(cost=high),theta(cost=low)
0,0,True,61.2024184926,4,24,135.117052307,38.9393743425,0.882167189421,26.8445314028,65.3183576934
