,iteration,success,nllh,k,N,bic,c_0,sc,tau_unif_rel,theta(cost=high),theta(cost=low)
0,0,True,67.9511167793,5,24,151.79250271,3.42897763724,0.120987828618,0.692831314016,54.815884142,96.9562078574
