,iteration,success,nllh,k,N,bic,c_sigma,sc,tau_unif,theta(cost=high),theta(cost=low)
0,0,True,82.4475581065,5,24,180.785385365,33.9189222827,0.223486450024,23.6765606346,51.412014819,152.519602348
