,iteration,success,nllh,k,N,bic,c_sigma,sc2,tau,theta(cost=high),theta(cost=low)
0,0,True,78.3208374769,5,24,172.531944105,98.1583605912,0.0858316315533,25.6145728381,202.112630253,432.459288482
