,iteration,success,nllh,k,N,bic,c_sigma,sc,tau,theta(cost=high),theta(cost=low)
0,0,True,52.5696862801,5,24,121.029641712,8.24914603473,0.170556490454,18.6623813688,9.43400746305,47.0879992094
