,iteration,success,nllh,k,N,bic,c_0,sc,tau_unif_rel,theta(cost=high),theta(cost=low)
0,0,True,54.6780865503,5,24,125.246442252,97.15756971,0.102431158429,0.612505808202,46.20012091,54.075857779
