,iteration,success,nllh,k,N,bic,c_sigma,sc2,tau,theta(cost=high),theta(cost=low)
0,0,True,62.9649879935,5,24,141.820245139,121.630975782,0.0406537294956,6.23749573868,227.211862862,340.709809302
