,iteration,success,nllh,k,N,bic,c_sigma,sc2,tau,theta(cost=high),theta(cost=low)
0,0,True,73.5137068393,5,24,162.91768283,185.110758621,0.0370631722326,27.5963152215,249.670386751,778.195919148
