,iteration,success,nllh,k,N,bic,c_0,sc2,tau_unif_rel,theta(cost=high),theta(cost=low)
0,0,True,49.9387789822,5,24,115.767827116,35.4964057758,0.0760938718949,117.755792596,67.0970865317,13.9899506653
