,iteration,success,nllh,k,N,bic,c_sigma,sc,tau,theta(cost=high),theta(cost=low)
0,0,True,75.3418097535,5,24,166.573888659,250.568325733,0.50638969433,14.5886884405,379.318438208,566.18489072
