,iteration,success,nllh,k,N,bic,c_sigma,sc2,tau,theta(cost=high),theta(cost=low)
0,0,True,70.7182889788,5,24,157.326847109,105.857373771,0.0680613043856,9.55811187154,147.234090175,344.398247446
