,iteration,success,nllh,k,N,bic,c_0,sc,tau_unif,theta(cost=high),theta(cost=low)
0,0,True,70.0698527487,5,24,156.029974649,57.6776455284,0.166417101532,6.74186074701,15.4367258952,53.6668951066
