,iteration,success,nllh,k,N,bic,c_sigma,sc2,tau,theta(cost=high),theta(cost=low)
0,0,True,71.4091827136,5,24,158.708634579,209.963590822,0.0343247617714,2.42748798561,466.900499349,565.356587497
