,iteration,success,nllh,k,N,bic,c_sigma,sc2,tau,theta(cost=high),theta(cost=low)
0,0,True,70.4750669572,5,24,156.840403066,125.758570308,0.0451984652677,14.6743852579,232.64307068,558.60279596
