,iteration,success,nllh,k,N,bic,c_sigma,sc2,tau,theta(cost=high),theta(cost=low)
0,0,True,60.3541405732,5,24,136.598550298,84.5129326581,0.0511350618358,6.8595323143,80.1543440234,359.562100729
