,iteration,success,nllh,k,N,bic,c_sigma,sc2,tau,theta(cost=high),theta(cost=low)
0,0,True,66.0318677828,5,24,147.954004717,175.307691212,0.0257090999559,3.85716344013,496.840765038,481.305123202
