,iteration,success,nllh,k,N,bic,c_0,tau_unif,theta(cost=high),theta(cost=low)
0,0,True,60.1983445367,4,24,133.108904395,22.0887244562,148.33949879,39.5463775045,121.486212951
