,iteration,success,nllh,k,N,bic,c_0,sc,tau_unif,theta(cost=high),theta(cost=low)
0,0,True,54.3722840619,5,24,124.634837276,43.2841646123,0.216131900173,2.0316213779,15.3361572026,85.3433440936
