,iteration,success,nllh,k,N,bic,c_sigma,sc,tau,theta(cost=high),theta(cost=low)
0,0,True,67.7061858804,5,24,151.302640912,67.897025263,0.0744869820653,21.3251882853,96.4133054763,164.893266646
