,iteration,success,nllh,k,N,bic,c_0,sc,tau_unif_rel,theta(cost=high),theta(cost=low)
0,0,True,76.3788983136,5,24,168.648065779,38.2881709801,0.447013503852,2.39500164644,32.9516170908,49.9262667953
