,iteration,success,nllh,k,N,bic,c_sigma,sc2,tau,theta(cost=high),theta(cost=low)
0,0,True,56.0843387918,5,24,128.058946735,86.7367955481,0.0451623486719,6.80530075868,122.968804228,276.820500628
