,iteration,success,nllh,k,N,bic,c_0,sc2,tau_unif_rel,theta(cost=high),theta(cost=low)
0,0,True,80.9173328712,5,24,177.724934894,40.3350142554,0.0280539698072,74.4071662679,75.6024868254,101.825352594
