,iteration,success,nllh,k,N,bic,c_sigma,sc2,tau,theta(cost=high),theta(cost=low)
0,0,True,59.6364621072,5,24,135.163193366,185.826222156,0.0263323997606,0.578371167548,303.979415808,484.515010775
