,iteration,success,nllh,k,N,bic,c_sigma,sc2,tau,theta(cost=high),theta(cost=low)
0,0,True,41.2776755673,5,24,98.4456202863,293.270097553,2.66689298957,45.1987070237,143.346621746,139.957220778
