,iteration,success,nllh,k,N,bic,c_sigma,sc2,tau,theta(cost=high),theta(cost=low)
0,0,True,81.8103580098,5,24,179.510985171,169.550869404,0.0395153218651,22.0922415758,366.974443082,836.037252581
