,iteration,success,nllh,k,N,bic,c_0,sc,tau_unif_rel,theta(cost=high),theta(cost=low)
0,0,True,41.2755766654,5,24,98.4414224826,30.4867940924,0.0545316275642,0.119644993679,3.99608526878,27.3549891139
