,iteration,success,nllh,k,N,bic,c_sigma,sc,tau,theta(cost=high),theta(cost=low)
0,0,True,63.7997874558,5,24,143.489844063,10.616615715,0.128235345892,4.24960894317,39.9122751514,56.7112367518
