,iteration,success,nllh,k,N,bic,c_0,tau_unif,theta(cost=high),theta(cost=low)
0,0,True,53.3351037691,4,24,119.38242286,41.300537613,28.5622551634,14.8733447757,53.5825897227
