,iteration,success,nllh,k,N,bic,c_sigma,sc2,tau,theta(cost=high),theta(cost=low)
0,0,True,56.2072156707,5,24,128.304700493,99.1395583459,0.0908132375771,19.1890569341,0.413108178234,472.658134646
