,iteration,success,nllh,k,N,bic,c_sigma,sc,tau,theta(cost=high),theta(cost=low)
0,0,True,73.0529262681,5,24,161.996121688,13.883226711,0.626901416804,2.43534518589,35.1961982175,32.2472592675
