,iteration,success,nllh,k,N,bic,c_sigma,sc,tau,theta(cost=high),theta(cost=low)
0,0,True,48.1964430502,5,24,112.283155252,94.7536440074,0.0473544538637,2.66726328563,64.4804229834,66.0630333337
