,iteration,success,nllh,k,N,bic,c_sigma,sc2,tau,theta(cost=high),theta(cost=low)
0,0,True,49.4826737604,5,24,114.855616673,132.599175103,0.0494280571705,5.39372878875,110.873265813,130.841999366
