,iteration,success,nllh,k,N,bic,c_sigma,sc2,tau,theta(cost=high),theta(cost=low)
0,0,True,52.0441377871,5,24,119.978544726,150.325655381,0.0265360570144,14.017997236,170.348241325,324.397818752
