,iteration,success,nllh,k,N,bic,c_sigma,sc2,tau,theta(cost=high),theta(cost=low)
0,0,True,69.644382765,5,24,155.179034682,96.4138678504,0.0579818523208,43.2760459992,186.754018055,287.040798044
