,iteration,success,nllh,k,N,bic,c_0,sc,tau_unif_rel,theta(cost=high),theta(cost=low)
0,0,True,54.2414551051,5,24,124.373179362,51.3537126854,0.215058738383,9.2340122018,20.9522155472,24.3327992414
