,iteration,success,nllh,k,N,bic,c_0,tau_unif,theta(cost=high),theta(cost=low)
0,0,True,80.6104459199,4,24,173.933107161,69.2643786958,122.82935739,56.1067894477,190.747762045
