,iteration,success,nllh,k,N,bic,c_sigma,sc,tau,theta(cost=high),theta(cost=low)
0,0,True,71.813724098,5,24,159.517717348,179.883633341,0.00458391947969,0.0360279643925,295.54197483,409.772422796
