,iteration,success,nllh,k,N,bic,c_0,sc2,tau_unif_rel,theta(cost=high),theta(cost=low)
0,0,True,65.5921314774,5,24,147.074532106,37.952835143,0.202717104078,120.915058389,2.34011223621,158.461215246
