,iteration,success,nllh,k,N,bic,c,sc,tau_unif,theta(cost=high),theta(cost=low)
0,0,True,73.6507098326,5,24,163.191688817,98.1265631963,0.00732283672892,24.6320705665,112.478474806,130.171689674
