,iteration,success,nllh,k,N,bic,c_0,tau_unif,theta(cost=high),theta(cost=low)
0,0,True,38.0074395467,4,24,88.7270944148,14.0561521545,128.968909459,9.99294234044,54.6905759058
