,iteration,success,nllh,k,N,bic,c_sigma,sc,tau,theta(cost=high),theta(cost=low)
0,0,True,51.6855248505,5,24,119.261318853,6.73484163142,0.109591888615,0.922641828302,15.8686996078,79.6911659119
