,iteration,success,nllh,k,N,bic,c_sigma,sc,tau,theta(cost=high),theta(cost=low)
0,0,True,62.2494839347,5,24,140.389237021,14.3028020715,0.207109884625,0.00189648084295,34.1659579455,32.0058138595
