,iteration,success,nllh,k,N,bic,c_sigma,sc2,tau,theta(cost=high),theta(cost=low)
0,0,True,89.4186232984,5,24,194.727515749,137.069556461,0.104551374545,30.765176655,373.675865129,589.481605327
