,iteration,success,nllh,k,N,bic,sc,tau_unif_rel,theta(cost=high),theta(cost=low)
0,0,True,67.7943732836,4,24,148.300961889,0.221315986821,28.2990248065,18.8972110815,36.8653946886
