,iteration,success,nllh,k,N,bic,c_sigma,sc,tau,theta(cost=high),theta(cost=low)
0,0,True,81.5169873005,5,24,178.924243753,30.6811124598,0.305395302991,6.25643714452,44.1647355675,129.13160163
