,iteration,success,nllh,k,N,bic,c_sigma,sc,tau,theta(cost=high),theta(cost=low)
0,0,True,48.3238974354,5,24,112.538064023,110.770398361,0.316786513439,153.884612844,183.81863283,35.3740061087
