,iteration,success,nllh,k,N,bic,c_sigma,sc2,tau,theta(cost=high),theta(cost=low)
0,0,True,57.1615923399,5,24,130.213453832,203.523595025,1.71446523756,9.71862728585,149.840188157,283.171359009
