,iteration,success,nllh,k,N,bic,c_sigma,sc2,tau,theta(cost=high),theta(cost=low)
0,0,True,63.5312164137,5,24,142.952701979,73.3561143032,0.100724952731,43.5453735869,56.8351984613,283.226056218
