,iteration,success,nllh,k,N,bic,c_sigma,sc2,tau,theta(cost=high),theta(cost=low)
0,0,True,48.4046641426,5,24,112.699597437,107.645029918,0.0210659866741,0.551134504983,168.885755587,221.125820113
