,iteration,success,nllh,k,N,bic,c_sigma,sc2,tau,theta(cost=high),theta(cost=low)
0,0,True,70.6030173316,5,24,157.096303815,75.6433864897,0.079331498453,11.2690405126,133.378791365,340.921341823
