,iteration,success,nllh,k,N,bic,c_sigma,sc,tau,theta(cost=high),theta(cost=low)
0,0,True,59.5511965013,5,24,134.992662154,229.160471853,0.0615920266077,26.2041588305,94.0265307047,554.702600354
