,iteration,success,nllh,k,N,bic,c_sigma,sc,tau,theta(cost=high),theta(cost=low)
0,0,True,69.2488039491,5,24,154.38787705,174.931722819,0.050992708256,0.010521065892,201.912423553,482.634962481
