,iteration,success,nllh,k,N,bic,c_sigma,sc2,tau,theta(cost=high),theta(cost=low)
0,0,True,65.1778917375,5,24,146.246052627,173.511100361,0.0375512179536,15.4515088318,194.308110908,529.061983928
