,iteration,success,nllh,k,N,bic,c_sigma,sc2,tau,theta(cost=high),theta(cost=low)
0,0,True,70.5623921874,5,24,157.015053527,156.959815678,0.0447622632323,13.3356167094,217.98686871,554.664902294
