,iteration,success,nllh,k,N,bic,c_sigma,sc,tau,theta(cost=high),theta(cost=low)
0,0,True,61.3251440042,5,24,138.54055716,7.00059034176,0.0362960687488,3.53808463075,37.1958161584,54.6512198555
