,iteration,success,nllh,k,N,bic,c_0,sc2,tau_unif_rel,theta(cost=high),theta(cost=low)
0,0,True,48.6035927861,5,24,113.097454724,59.876115507,0.0188178612527,138.240696342,106.667991383,68.6230190952
