,iteration,success,nllh,k,N,bic,c_sigma,sc2,tau,theta(cost=high),theta(cost=low)
0,0,True,69.0290562934,5,24,153.948381738,492.328743895,0.0229530116365,47.6098206238,705.995509303,981.809497105
