,iteration,success,nllh,k,N,bic,c_sigma,sc,tau,theta(cost=high),theta(cost=low)
0,0,True,53.3632247766,5,24,122.616718705,82.0884739604,0.659837173316,60.9020157067,82.9405767191,80.7409608181
