,iteration,success,nllh,k,N,bic,c_sigma,sc,tau,theta(cost=high),theta(cost=low)
0,0,True,52.1647421689,5,24,120.21975349,6.56360049047,0.0849280306375,0.03943127884,16.269990653,82.5280429119
