,iteration,success,nllh,k,N,bic,c_sigma,sc,tau,theta(cost=high),theta(cost=low)
0,0,True,49.3674504662,5,24,114.625170084,2.6640194126,0.231509137843,0.0827226788199,9.62799844088,40.4822666694
