,iteration,success,nllh,k,N,bic,c_sigma,sc,tau,theta(cost=high),theta(cost=low)
0,0,True,52.7650303437,5,24,121.420329839,11.6931019951,0.157461898653,26.224435575,10.1925598104,57.8489256792
