,iteration,success,nllh,k,N,bic,c_sigma,sc2,tau,theta(cost=high),theta(cost=low)
0,0,True,55.8934994069,5,24,127.677267966,267.872231647,0.0190884992925,14.8344991853,331.537435207,483.098715607
