,iteration,success,nllh,k,N,bic,c_sigma,sc2,tau,theta(cost=high),theta(cost=low)
0,0,True,61.9335446206,5,24,139.757358393,23.6013008864,0.23757172117,90.4174508775,27.3136998866,124.141422067
