,iteration,success,nllh,k,N,bic,c_sigma,sc,tau,theta(cost=high),theta(cost=low)
0,0,True,56.7763875816,5,24,129.443044315,6.25091728771,0.256808193243,1.65638710789,20.2571866988,37.5317316063
