,iteration,success,nllh,k,N,bic,c_sigma,sc2,tau,theta(cost=high),theta(cost=low)
0,0,True,48.4836195792,5,24,112.85750831,120.269325595,0.020281545195,3.56307286803,163.823777175,219.548731032
