,iteration,success,nllh,k,N,bic,c_sigma,sc2,tau,theta(cost=high),theta(cost=low)
0,0,True,56.851602234,5,24,129.59347362,151.290145505,0.0421427821807,65.4455802521,97.0551497889,316.997813728
