,iteration,success,nllh,k,N,bic,c_sigma,sc2,tau,theta(cost=high),theta(cost=low)
0,0,True,52.1186189986,5,24,120.127507149,79.3668695015,0.0557484466328,7.70633000975,93.7754472772,168.295423428
