,iteration,success,nllh,k,N,bic,c_sigma,sc2,tau,theta(cost=high),theta(cost=low)
0,0,True,73.6014302445,5,24,163.093129641,186.272102681,0.02826825101,16.4381447828,284.037611636,868.630126275
