,iteration,success,nllh,k,N,bic,c_sigma,sc,tau_trunc,theta(cost=high),theta(cost=low)
0,0,True,52.0059480817,5,24,119.902165315,6.07318623166,0.115258170622,1.88480727578,15.3326776694,73.0942744209
