,iteration,success,nllh,k,N,bic,c_sigma,sc2,tau,theta(cost=high),theta(cost=low)
0,0,True,70.2704343141,5,24,156.43113778,102.950897699,0.0582081505196,3.25432541516,179.004183167,439.582788933
