,iteration,success,nllh,k,N,bic,c_sigma,sc,tau_trunc,theta(cost=high),theta(cost=low)
0,0,True,54.9847002985,5,24,125.859669749,0.688935450044,0.207540183003,18.8523686855,12.2141316037,84.8564077655
