,iteration,success,nllh,k,N,bic,c_sigma,sc,tau,theta(cost=high),theta(cost=low)
0,0,True,67.2403363653,5,24,150.370941882,35.2235885397,0.051869759656,0.0240712150312,60.4172416277,86.6079478121
