,iteration,success,nllh,k,N,bic,c_sigma,sc2,tau,theta(cost=high),theta(cost=low)
0,0,True,16.6550395709,5,24,49.2003482936,53.4152373287,2.50487977468,168.352474016,0.482438357528,0.869027819953
