,iteration,success,nllh,k,N,bic,c_0,sc2,tau_unif_rel,theta(cost=high),theta(cost=low)
0,0,True,41.1261930203,5,24,98.1426551923,90.9488234255,0.293672704118,146.18083058,6.3993162187,53.237366075
