,iteration,success,nllh,k,N,bic,c_sigma,sc,tau,theta(cost=high),theta(cost=low)
0,0,True,75.3979108364,5,24,166.686090824,67.1523257866,0.0613914066883,10.2380695441,61.6281580816,165.46036976
