,iteration,success,nllh,k,N,bic,c_sigma,sc2,tau,theta(cost=high),theta(cost=low)
0,0,True,70.814531444,5,24,157.51933204,168.186603469,0.0345043550868,0.133052265813,387.485047976,491.410086937
