,iteration,success,nllh,k,N,bic,c_sigma,sc2,tau,theta(cost=high),theta(cost=low)
0,0,True,38.8394995565,5,24,93.5692682648,17.9884682691,0.354445405328,96.5958933507,12.3650174938,43.4091204167
