,iteration,success,nllh,k,N,bic,c_0,sc2,tau_unif_rel,theta(cost=high),theta(cost=low)
0,0,True,73.9964418965,5,24,163.883152945,53.3321965118,0.0670088614774,8.07402195107,29.8400048769,166.513517715
