,iteration,success,nllh,k,N,bic,c_sigma,sc,tau,theta(cost=high),theta(cost=low)
0,0,True,42.7233977699,5,24,101.337064692,30.5098191833,0.00414537266207,32.346154507,10.948007458,44.6466962543
