,iteration,success,nllh,k,N,bic,c_sigma,sc,tau,theta(cost=high),theta(cost=low)
0,0,True,62.0699208784,5,24,140.030110909,15.2641145314,0.353082340802,2.05456402917,26.6129192359,31.673438478
