,iteration,success,nllh,k,N,bic,c_0,sc,tau_unif_rel,theta(cost=high),theta(cost=low)
0,0,True,61.9555755175,5,24,139.801420187,77.2559935797,0.699060180365,28.5407247714,5.37156802218,22.3982459458
