,iteration,success,nllh,k,N,bic,c_0,sc,tau_unif_rel,theta(cost=high),theta(cost=low)
0,0,True,54.1538937624,5,24,124.198056677,44.130001605,0.282524176369,0.00334217357338,14.1437578031,68.369080914
