,iteration,success,nllh,k,N,bic,c_sigma,sc,tau,theta(cost=high),theta(cost=low)
0,0,True,57.7403986811,5,24,131.371066514,105.344221646,0.0942348139897,5.8625524746,75.1542301974,195.784151867
