,iteration,success,nllh,k,N,bic,c_sigma,sc2,tau,theta(cost=high),theta(cost=low)
0,0,True,63.1831338648,5,24,142.256536881,68.9584269511,0.080284743372,5.0282643356,65.4405972024,382.926868982
