,iteration,success,nllh,k,N,bic,c_sigma,sc2,tau,theta(cost=high),theta(cost=low)
0,0,True,65.8447134499,5,24,147.579696052,296.538657014,0.645996176359,77.4663051533,335.702368751,387.691687524
