,iteration,success,nllh,k,N,bic,c_sigma,sc,tau,theta(cost=high),theta(cost=low)
0,0,True,28.774220808,5,24,73.4387107677,16.7977237593,0.725923052147,41.0481345096,5.7562393488,7.4301885762
