,iteration,success,nllh,k,N,bic,c_sigma,sc2,tau,theta(cost=high),theta(cost=low)
0,0,True,71.2624083511,5,24,158.415085854,223.658308179,0.0364227793663,15.3172628902,490.710067995,557.260083513
