,iteration,success,nllh,k,N,bic,c_sigma,sc,tau,theta(cost=high),theta(cost=low)
0,0,True,54.2411239808,5,24,124.372517113,12.7570145034,0.0266176312889,3.06142498479,16.6420695486,47.1597461102
