,iteration,success,nllh,k,N,bic,c_0,tau_unif,theta(cost=high),theta(cost=low)
0,0,True,57.9625672678,4,24,128.637349857,45.1195987995,0.620842514994,6.66539448806,113.396451933
