,iteration,success,nllh,k,N,bic,c_0,sc2,tau_unif_rel,theta(cost=high),theta(cost=low)
0,0,True,97.5080267316,5,24,210.906322615,53.7710649629,0.153154151412,9.61770914054,22.3887470483,117.564474482
