,iteration,success,nllh,k,N,bic,c_0,sc,tau_unif_rel,theta(cost=high),theta(cost=low)
0,0,True,51.3258168134,5,24,118.541902779,49.9350967102,0.0774285483497,11.3441428399,19.6868668163,59.3691615966
