,iteration,success,nllh,k,N,bic,c_sigma,sc,tau,theta(cost=high),theta(cost=low)
0,0,True,23.4970299758,5,24,62.8843291033,32.1875165929,0.959151780546,44.7269574409,0.18397285057,7.36685183492
