,iteration,success,nllh,k,N,bic,c_sigma,sc2,tau,theta(cost=high),theta(cost=low)
0,0,True,63.2849650408,5,24,142.460199233,102.422926773,0.0623710239242,6.88130574665,129.021776266,387.087197806
