,iteration,success,nllh,k,N,bic,c_0,sc,tau_unif,theta(cost=high),theta(cost=low)
0,0,True,36.2663418263,5,24,88.4229528042,72.0006348266,0.166592628747,12.3166408013,8.28877175414,15.1380424723
