,iteration,success,nllh,k,N,bic,c_sigma,sc,tau_unif,theta(cost=high),theta(cost=low)
0,0,True,63.5825528292,5,24,143.05537481,12.049973217,0.00437927291962,0.43687972876,34.9074631029,78.3749867378
