,iteration,success,nllh,k,N,bic,c_sigma,sc,tau,theta(cost=high),theta(cost=low)
0,0,True,63.3037140462,5,24,142.497697244,8.37448015606,0.249335884488,1.04648507576,37.1070422186,39.2632253977
