,iteration,success,nllh,k,N,bic,sc,tau_unif_rel,theta(cost=high),theta(cost=low)
0,0,True,66.1800108778,4,24,145.072237077,0.219618698008,1.20434243607,23.2414701939,82.5610539691
