,iteration,success,nllh,k,N,bic,c_sigma,sc,tau,theta(cost=high),theta(cost=low)
0,0,True,60.5691541892,5,24,137.02857753,8.45743101382,0.229801246794,0.0628842179539,20.7159858928,41.5641419349
