,iteration,success,nllh,k,N,bic,c_sigma,sc2,tau,theta(cost=high),theta(cost=low)
0,0,True,85.2221349515,5,24,186.334539055,146.486345985,0.083837627737,4.64634776923,423.892790746,493.152706982
