,iteration,success,nllh,k,N,bic,c_sigma,sc,tau,theta(cost=high),theta(cost=low)
0,0,True,30.7726288659,5,24,77.4355268836,0.458439454203,0.188917265561,0.0232500525447,13.7998290782,10.8221893756
