,iteration,success,nllh,k,N,bic,c_sigma,sc,tau,theta(cost=high),theta(cost=low)
0,0,True,25.7245300312,5,24,67.3393292141,147.410138322,0.80191509603,10.8335097134,13.7042932092,26.3938493494
