,iteration,success,nllh,k,N,bic,c_sigma,sc,tau,theta(cost=high),theta(cost=low)
0,0,True,63.9564212975,5,24,143.803111747,10.0755340314,0.00781819037425,1.03038267287,24.1558131735,143.265966757
