,iteration,success,nllh,k,N,bic,c_sigma,sc2,tau,theta(cost=high),theta(cost=low)
0,0,True,68.9122887682,5,24,153.714846688,214.066509027,0.0381819180401,95.0012258552,275.091529909,505.65603093
