,iteration,success,nllh,k,N,bic,c_0,sc2,tau_unif_rel,theta(cost=high),theta(cost=low)
0,0,True,23.5078563365,5,24,62.9059818247,87.2322590486,3.93472524691,166.892098813,1.31176747104,8.30035991648
