,iteration,success,nllh,k,N,bic,c_sigma,sc,tau,theta(cost=high),theta(cost=low)
0,0,True,54.0836863192,5,24,124.05764179,21.9455613201,0.0397108991625,8.09920669782,15.022458584,62.5514211268
