,iteration,success,nllh,k,N,bic,c_sigma,sc,tau,theta(cost=high),theta(cost=low)
0,0,True,82.7679411573,5,24,181.426151466,61.8278726253,0.0511904916451,0.0455945967396,71.0333203873,330.47469548
