,iteration,success,nllh,k,N,bic,c_sigma,sc2,tau,theta(cost=high),theta(cost=low)
0,0,True,38.6635487283,5,24,93.2173666084,35.3906806575,0.190664609356,126.37070998,17.2466841399,77.1627707575
