,iteration,success,nllh,k,N,bic,c_sigma,sc,tau_unif,theta(cost=high),theta(cost=low)
0,0,True,73.9818297351,5,24,163.853928622,6.31907913605,0.346215278664,4.19718716702,33.4798352471,62.0236050416
