,iteration,success,nllh,k,N,bic,c_0,sc,tau_unif_rel,theta(cost=high),theta(cost=low)
0,0,True,58.991878279,5,24,133.87402571,41.2638682159,0.421262905314,0.454106646988,15.0654088528,27.8708633286
