,iteration,success,nllh,k,N,bic,c_sigma,sc2,tau_trunc,theta(cost=high),theta(cost=low)
0,0,True,74.2913871446,5,24,164.473043441,80.1189033942,0.0603998273083,4.36660613286,187.698734445,267.834255038
