,iteration,success,nllh,k,N,bic,c_sigma,sc,tau,theta(cost=high),theta(cost=low)
0,0,True,60.3115230257,5,24,136.513315203,7.39960170929,0.26088518915,1.07643344528,19.8970104529,39.5547077294
