,iteration,success,nllh,k,N,bic,c_sigma,sc2,tau,theta(cost=high),theta(cost=low)
0,0,True,46.1263707846,5,24,108.143010721,125.099462326,0.0368473276681,8.32333581956,150.946736401,153.234638042
