,iteration,success,nllh,k,N,bic,c_0,tau_unif,theta(cost=high),theta(cost=low)
0,0,True,85.1538724635,4,24,183.019960248,37.8608322504,8.53792872325,66.3369545018,108.056779288
