,iteration,success,nllh,k,N,bic,c_0,sc2,tau_unif_rel,theta(cost=high),theta(cost=low)
0,0,True,83.8887056164,5,24,183.667680384,38.4868867678,0.0830144199134,53.1622809639,64.2602728874,91.9084922561
