,iteration,success,nllh,k,N,bic,c_sigma,sc,tau,theta(cost=high),theta(cost=low)
0,0,True,58.7097763407,5,24,133.309821833,7.13252528148,0.11326196766,70.4059086699,29.0955455803,100.380384615
