,iteration,success,nllh,k,N,bic,c_sigma,sc,tau,theta(cost=high),theta(cost=low)
0,0,True,54.7703193447,5,24,125.430907841,6.70633291128,0.144697390936,2.20680941411,30.8188127131,34.0219055858
