,iteration,success,nllh,k,N,bic,c_sigma,sc2,tau,theta(cost=high),theta(cost=low)
0,0,True,61.9497592301,5,24,139.789787612,188.432683923,0.0227106695207,14.4351658575,337.204565223,575.515927599
