,iteration,success,nllh,k,N,bic,c_sigma,sc,tau,theta(cost=high),theta(cost=low)
0,0,True,62.4069923418,5,24,140.704253835,12.3143264455,0.222369169263,1.21991682104,25.5370483637,36.3452618511
