,iteration,success,nllh,k,N,bic,c_sigma,sc,tau,theta(cost=high),theta(cost=low)
0,0,True,97.8297373822,5,24,211.549743916,5.02638621149,0.132425554794,13.8297830099,111.939807266,167.241109591
