,iteration,success,nllh,k,N,bic,c_sigma,sc2,tau,theta(cost=high),theta(cost=low)
0,0,True,51.0304077113,5,24,117.951084574,178.70613852,0.0266388265359,5.86815361441,243.365358009,261.805533148
