,iteration,success,nllh,k,N,bic,c_sigma,sc,tau,theta(cost=high),theta(cost=low)
0,0,True,87.7623449785,5,24,191.414959109,122.236682347,0.26199242613,10.0514487185,201.873611267,501.820714619
