,iteration,success,nllh,k,N,bic,c_sigma,sc2,tau,theta(cost=high),theta(cost=low)
0,0,True,63.5833121685,5,24,143.056893489,144.606350898,0.0439654651508,105.498403726,92.8317239424,606.25504806
