,iteration,success,nllh,k,N,bic,c_sigma,sc,tau,theta(cost=high),theta(cost=low)
0,0,True,66.6539281464,5,24,149.198125445,8.25697397365,0.087009251894,0.147284249636,34.8928177836,94.8533956925
