,iteration,success,nllh,k,N,bic,c_sigma,sc,tau,theta(cost=high),theta(cost=low)
0,0,True,30.983816369,5,24,77.8579018897,0.631002199116,0.202223518566,0.617572164208,14.6426487838,12.1020377838
