,iteration,success,nllh,k,N,bic,c_sigma,sc2,tau,theta(cost=high),theta(cost=low)
0,0,True,75.6058482124,5,24,167.101965576,82.8603975348,0.0934503934695,9.41068662689,145.779927705,391.322297107
