,iteration,success,nllh,k,N,bic,c_sigma,sc,tau,theta(cost=high),theta(cost=low)
0,0,True,60.3452516131,5,24,136.580772378,6.85135566379,0.278148400842,1.72739872962,20.4811565957,36.8916449035
