,iteration,success,nllh,k,N,bic,c_sigma,sc2,tau,theta(cost=high),theta(cost=low)
0,0,True,22.3148916014,5,24,60.5200523546,10.0431145925,2.1178636372,153.838050003,1.39530791438,14.2095407139
