,iteration,success,nllh,k,N,bic,c_sigma,sc,tau,theta(cost=high),theta(cost=low)
0,0,True,57.4015546844,5,24,130.693378521,27.0451450009,0.116089570388,2.66415443574,10.0508179752,98.7632139017
