,iteration,success,nllh,k,N,bic,c_0,pow_gain,tau_unif_rel,theta(cost=high),theta(cost=low)
0,0,True,51.9196971501,5,24,119.729663452,94.7877674904,0.993603700296,2.02980649122,73.0086434552,91.9985295356
