,iteration,success,nllh,k,N,bic,c_sigma,sc2,tau,theta(cost=high),theta(cost=low)
0,0,True,75.3278100309,5,24,166.545889214,256.719494857,1.17329755129,30.5206549912,431.176011737,706.006155699
