,iteration,success,nllh,k,N,bic,c_0,sc2,tau_unif_rel,theta(cost=high),theta(cost=low)
0,0,True,68.7290716088,5,24,153.348412369,46.9714817967,0.0433256040199,95.3538747153,108.436658206,160.523638749
