,iteration,success,nllh,k,N,bic,c_sigma,sc2,tau,theta(cost=high),theta(cost=low)
0,0,True,48.3918197612,5,24,112.673908674,179.182542473,0.0136738179272,8.91332114329,269.387960421,363.672624277
