,iteration,success,nllh,k,N,bic,c_sigma,sc,tau,theta(cost=high),theta(cost=low)
0,0,True,52.0994265664,5,24,120.089122285,0.23544442248,0.217678666076,0.174107142218,13.2574614394,86.9935663652
