,iteration,success,nllh,k,N,bic,c_sigma,sc,tau,theta(cost=high),theta(cost=low)
0,0,True,70.8413689735,5,24,157.573007099,10.1049483306,0.102657452526,1.14659609051,33.2722548124,151.754229145
