,iteration,success,nllh,k,N,bic,c_sigma,sc2,tau,theta(cost=high),theta(cost=low)
0,0,True,98.5158262627,5,24,212.921921677,42.7797088908,0.222836812538,4.35907221629,232.023144066,364.401908045
