,iteration,success,nllh,k,N,bic,c_0,sc,tau_unif_rel,theta(cost=high),theta(cost=low)
0,0,True,85.8980488374,5,24,187.686366827,80.2945338799,0.434616553636,0.212409066101,11.1518772336,76.799148521
