,iteration,success,nllh,k,N,bic,c_sigma,sc2,tau,theta(cost=high),theta(cost=low)
0,0,True,72.3480363992,5,24,160.58634195,129.039478366,0.0612007746524,6.1421901483,299.218727177,327.980375833
