,iteration,success,nllh,k,N,bic,c_sigma,sc,tau,theta(cost=high),theta(cost=low)
0,0,True,60.3557688318,5,24,136.601806815,8.89863136215,0.0665836481441,20.5625905496,15.2176688022,92.4988315
