,iteration,success,nllh,k,N,bic,c_sigma,sc2,tau,theta(cost=high),theta(cost=low)
0,0,True,68.9966277011,5,24,153.883524554,83.3599467985,0.100836297091,64.4535394173,115.014779295,208.983943677
