,iteration,success,nllh,k,N,bic,c_sigma,sc,tau,theta(cost=high),theta(cost=low)
0,0,True,80.9915431861,5,24,177.873355524,38.3315289789,0.132758519753,2.55558446593,77.8474312278,164.598074602
