,iteration,success,nllh,k,N,bic,c_sigma,sc2,tau,theta(cost=high),theta(cost=low)
0,0,True,62.0342805613,5,24,139.958830274,158.601017926,0.0327500371051,8.97720984323,333.595276071,301.650585842
