,iteration,success,nllh,k,N,bic,c_0,sc,tau_unif_rel,theta(cost=high),theta(cost=low)
0,0,True,50.141507609,5,24,116.17328437,5.60283438187,0.137231459673,34.5802721987,13.091743424,38.093481429
