,iteration,success,nllh,k,N,bic,c_sigma,sc,tau_unif,theta(cost=high),theta(cost=low)
0,0,True,77.2425759,5,24,170.375420952,21.300063793,0.148268366739,3.02497326389,50.0790767053,126.939929142
