,iteration,success,nllh,k,N,bic,c_sigma,sc2,tau,theta(cost=high),theta(cost=low)
0,0,True,62.3299306307,5,24,140.550130413,113.735133071,0.0384495597045,1.74113294769,215.787144567,348.147378464
