,iteration,success,nllh,k,N,bic,c_0,sc2,tau_unif_rel,theta(cost=high),theta(cost=low)
0,0,True,78.1435219984,5,24,172.177313149,48.888708605,0.0826745032702,20.6067514279,32.6961597189,177.576050445
