,iteration,success,nllh,k,N,bic,c_sigma,sc2,tau,theta(cost=high),theta(cost=low)
0,0,True,57.9667570733,5,24,131.823783298,104.639915666,0.10010731955,2.4996170694,41.2642040982,290.350463107
