,iteration,success,nllh,k,N,bic,c_sigma,sc,tau,theta(cost=high),theta(cost=low)
0,0,True,63.9778569854,5,24,143.845983123,10.6965177585,0.00489071119137,5.15346418173,34.9856074819,109.14525678
