,iteration,success,nllh,k,N,bic,c_sigma,sc2,tau,theta(cost=high),theta(cost=low)
0,0,True,48.2756302031,5,24,112.441529558,273.275736427,0.057213327913,19.5446473031,212.463527738,165.096237469
