,iteration,success,nllh,k,N,bic,c_sigma,sc2,tau,theta(cost=high),theta(cost=low)
0,0,True,40.9084349688,5,24,97.7071390893,59.5426090605,0.116242734503,47.0814063921,10.586243556,67.2992095182
