,iteration,success,nllh,k,N,bic,c_0,sc2,tau_unif_rel,theta(cost=high),theta(cost=low)
0,0,True,93.74736577,5,24,203.385000692,37.1918368406,0.100110790226,104.471517034,89.2422893422,170.079216156
