,iteration,success,nllh,k,N,bic,sc,tau_unif_rel,theta(cost=high),theta(cost=low)
0,0,True,60.7773654324,4,24,134.266946186,0.229043551838,16.092906699,8.09216618571,11.739310336
