,iteration,success,nllh,k,N,bic,c_sigma,sc,tau,theta(cost=high),theta(cost=low)
0,0,True,63.5014417533,5,24,142.893152658,10.3062044778,0.149027431257,0.785355563782,38.7170977168,46.5030176378
