,iteration,success,nllh,k,N,bic,c_0,sc2,tau_unif_rel,theta(cost=high),theta(cost=low)
0,0,True,51.2647401858,5,24,118.419749523,41.6083448565,0.0193772208188,110.883063982,101.775362186,118.578992458
