,iteration,success,nllh,k,N,bic,c_sigma,sc2,tau,theta(cost=high),theta(cost=low)
0,0,True,50.7935096491,5,24,117.47728845,69.346102264,0.0983852522712,22.9832525189,0.975465613525,264.351064969
