,iteration,success,nllh,k,N,bic,c_sigma,sc2,tau,theta(cost=high),theta(cost=low)
0,0,True,45.0817970781,5,24,106.053863308,260.232901859,0.0331424932626,150.342307907,74.6562198348,295.507808073
