,iteration,success,nllh,k,N,bic,c_sigma,sc,tau,theta(cost=high),theta(cost=low)
0,0,True,86.0214831246,5,24,187.933235401,102.779119245,0.0340427273827,26.7362687436,308.458300017,342.057381658
