,iteration,success,nllh,k,N,bic,c_sigma,sc,tau_unif,theta(cost=high),theta(cost=low)
0,0,True,59.191742297,5,24,134.273753746,4.03420595887,0.0143880328669,53.1061296764,16.2453626112,95.2042086302
