,iteration,success,nllh,k,N,bic,c_sigma,sc,tau_normal,theta(cost=high),theta(cost=low)
0,0,True,50.9406171462,5,24,117.771503444,11.007278826,0.120532814066,2.47907748567,19.5656627023,34.0813374365
