,iteration,success,nllh,k,N,bic,c_sigma,sc,tau,theta(cost=high),theta(cost=low)
0,0,True,62.0594426335,5,24,140.009154419,9.73695011169,0.359208410141,0.758788924294,21.7604666335,20.7093409694
