,iteration,success,nllh,k,N,bic,c_sigma,sc2,tau,theta(cost=high),theta(cost=low)
0,0,True,57.9965748087,5,24,131.883418769,182.375320996,0.0687811133397,18.8097960906,71.4928385646,514.207304944
