,iteration,success,nllh,k,N,bic,c_sigma,sc,tau,theta(cost=high),theta(cost=low)
0,0,True,80.5840475963,5,24,177.058364344,85.7094394181,0.336584680329,2.39915294203,83.1116057365,282.1780661
