,iteration,success,nllh,k,N,bic,c_sigma,sc2,tau,theta(cost=high),theta(cost=low)
0,0,True,63.3240371713,5,24,142.538343494,121.259076768,0.0325534825626,7.17277688113,245.16293067,353.733863312
