,iteration,success,nllh,k,N,bic,c_0,sc2,tau_unif_rel,theta(cost=high),theta(cost=low)
0,0,True,80.0810897171,5,24,176.052448586,42.1668298495,0.0591656017953,38.7027418537,138.992292345,150.815099238
