,iteration,success,nllh,k,N,bic,c_sigma,sc,tau_trunc,theta(cost=high),theta(cost=low)
0,0,True,61.4187114912,5,24,138.727692134,8.78468050103,0.0903785435693,1.49768971183,37.8887398244,50.0680415762
