,iteration,success,nllh,k,N,bic,c_sigma,sc,tau,theta(cost=high),theta(cost=low)
0,0,True,82.583582094,5,24,181.05743334,5.87832741393,0.855056705392,0.022689548421,10.8665527005,28.3976206226
