,iteration,success,nllh,k,N,bic,c_sigma,sc,tau,theta(cost=high),theta(cost=low)
0,0,True,83.3820940919,5,24,182.654457336,62.1214505126,0.0326911726406,0.0197690265865,63.8526478864,352.123215659
