,iteration,success,nllh,k,N,bic,c_sigma,sc,tau,theta(cost=high),theta(cost=low)
0,0,True,43.8762821369,5,24,103.642833426,7.42066721439,0.155757427943,0.285844544597,17.5664460972,16.3048035893
