,iteration,success,nllh,k,N,bic,c_sigma,sc,tau,theta(cost=high),theta(cost=low)
0,0,True,31.8502284767,5,24,79.5907261052,5.62024637807,0.366956196508,0.407783252337,2.37089892479,5.50394037388
