,iteration,success,nllh,k,N,bic,c_sigma,tau_unif,theta(cost=high),theta(cost=low)
0,0,True,80.7140626502,4,24,174.140340622,79.8645054333,5.78119734847,89.5998583799,257.361980414
