,iteration,success,nllh,k,N,bic,c_0,sc,tau_unif_rel,theta(cost=high),theta(cost=low)
0,0,True,90.0506951072,5,24,195.991659366,61.230875467,0.0447549824005,31.5880428313,52.0128030042,81.8568067206
