,iteration,success,nllh,k,N,bic,sc,tau_unif_rel,theta(cost=high),theta(cost=low)
0,0,True,56.3749819848,4,24,125.462179291,0.284183223343,6.12539116284,14.8799135321,30.8099238796
