,iteration,success,nllh,k,N,bic,c_sigma,sc,tau,theta(cost=high),theta(cost=low)
0,0,True,76.3085142951,5,24,168.507297742,66.6479735523,0.304811790421,0.180008720698,75.3082792792,188.792163545
