,iteration,success,nllh,k,N,bic,c_sigma,sc,tau,theta(cost=high),theta(cost=low)
0,0,True,63.8256191322,5,24,143.541507416,12.5384214164,0.0282696813638,1.58457571072,23.7035445794,74.6047561167
