,iteration,success,nllh,k,N,bic,c_sigma,sc2,tau,theta(cost=high),theta(cost=low)
0,0,True,60.2902244841,5,24,136.47071812,188.762067138,0.0210814346445,32.2545835667,373.848414828,415.013418063
