,iteration,success,nllh,k,N,bic,c_sigma,sc,tau_normal,theta(cost=high),theta(cost=low)
0,0,True,67.1784295521,5,24,150.247128256,2.12135123588,0.161161391711,2.33298789407,34.6955651271,101.42535623
