,iteration,success,nllh,k,N,bic,c_sigma,sc,tau_trunc,theta(cost=high),theta(cost=low)
0,0,True,71.2914439489,5,24,158.47315705,18.5252040266,0.20342629702,1.04597897116,48.8392916823,60.5144772263
