,iteration,success,nllh,k,N,bic,c_sigma,sc,tau,theta(cost=high),theta(cost=low)
0,0,True,38.2630263604,5,24,92.4163218726,29.5936719948,0.0156936322491,110.679772695,10.4763817514,59.000392268
