,iteration,success,nllh,k,N,bic,c_sigma,sc,tau_unif,theta(cost=high),theta(cost=low)
0,0,True,81.2520196964,5,24,178.394308544,4.09587986531,1.41892445345,1.95113630751,7.29209816903,18.3403637758
