,iteration,success,nllh,k,N,bic,c_sigma,sc2,tau_trunc,theta(cost=high),theta(cost=low)
0,0,True,71.7485245064,5,24,159.387318164,79.494807375,0.0489211954274,17.0273466467,201.078190041,287.447707209
