,iteration,success,nllh,k,N,bic,c_sigma,sc2,tau,theta(cost=high),theta(cost=low)
0,0,True,53.468674918,5,24,122.827618988,170.522195778,0.0323188018868,11.251846401,232.559855592,235.621780104
