,iteration,success,nllh,k,N,bic,c_sigma,sc,tau,theta(cost=high),theta(cost=low)
0,0,True,71.064752582,5,24,158.019774316,13.2305964662,0.353835674748,0.0262225826572,37.5475426702,42.1393939266
