,iteration,success,nllh,k,N,bic,c_sigma,sc,tau,theta(cost=high),theta(cost=low)
0,0,True,83.8394852883,5,24,183.569239728,30.7319184672,0.143633799302,2.17138153053,87.3248257207,118.546410589
