,iteration,success,nllh,k,N,bic,c,r,tau,theta(cost=high),theta(cost=low)
0,0,True,53.919932375,5,24,123.730133902,92.3410510338,0.0212843136994,50.4652264203,63.485052465,56.1781999507
