,iteration,success,nllh,k,N,bic,c_sigma,sc2,tau,theta(cost=high),theta(cost=low)
0,0,True,54.4519443856,5,24,124.794157923,123.032620305,0.038646569472,168.996206865,97.048822047,408.420963874
