,iteration,success,nllh,k,N,bic,c_sigma,sc2,tau,theta(cost=high),theta(cost=low)
0,0,True,79.9203406662,5,24,175.730950484,92.8315109635,0.091724784444,4.45520517599,152.555839962,593.429690021
