,iteration,success,nllh,k,N,bic,c_sigma,sc,tau,theta(cost=high),theta(cost=low)
0,0,True,63.3091109488,5,24,142.508491049,8.50730542206,0.209946838208,3.61390471251,40.6855131552,41.5153853056
