,iteration,success,nllh,k,N,bic,c_sigma,sc,tau_unif,theta(cost=high),theta(cost=low)
0,0,True,28.564137806,5,24,73.0185447638,94.6491874018,0.11350525869,286.742713122,38.2613845561,45.2408982335
