,iteration,success,nllh,k,N,bic,c_0,tau_unif,theta(cost=high),theta(cost=low)
0,0,True,99.3673930982,4,24,211.447001518,37.7442935793,23.3554630267,71.0503831476,161.073691131
