,iteration,success,nllh,k,N,bic,c_sigma,sc,tau_unif,theta(cost=high),theta(cost=low)
0,0,True,60.1609745412,5,24,136.212218234,6.59918417092,0.108974496189,0.441684395607,27.6131609344,85.5826781295
