,iteration,success,nllh,k,N,bic,c_sigma,sc2,tau,theta(cost=high),theta(cost=low)
0,0,True,75.5309170311,5,24,166.952103214,73.932031472,0.140873502671,3.79025278752,116.898320636,303.636570901
