,iteration,success,nllh,k,N,bic,c_sigma,sc,tau,theta(cost=high),theta(cost=low)
0,0,True,46.8629354785,5,24,109.616140109,9.54707893514,0.0930197980866,0.630423710795,23.0147516071,23.8147741839
