,iteration,success,nllh,k,N,bic,c_sigma,sc2,tau_trunc,theta(cost=high),theta(cost=low)
0,0,True,81.0144364752,5,24,177.919142102,45.9459471066,0.128970323729,35.8322685125,60.2693468765,237.255996977
