,iteration,success,nllh,k,N,bic,c_sigma,sc,tau,theta(cost=high),theta(cost=low)
0,0,True,46.6513031796,5,24,109.192875511,9.2482547902,0.0321636637464,0.552389776679,25.3535859106,27.278009552
