,iteration,success,nllh,k,N,bic,c_sigma,sc,tau_normal,theta(cost=high),theta(cost=low)
0,0,True,63.1501884612,5,24,142.190646074,9.45493476084,0.017340150688,0.430672729293,23.1384227075,74.1466659761
