,iteration,success,nllh,k,N,bic,c_sigma,sc,tau,theta(cost=high),theta(cost=low)
0,0,True,29.633648062,5,24,75.1575652758,198.233436445,0.688021025303,19.1581027981,45.694479864,42.4472674837
