,iteration,success,nllh,k,N,bic,c_0,sc2,tau_unif_rel,theta(cost=high),theta(cost=low)
0,0,True,55.0697335436,5,24,126.029736239,49.5219977789,0.0921718357526,178.364692822,1.29903205778,187.380515318
