,iteration,success,nllh,k,N,bic,c_sigma,sc,tau,theta(cost=high),theta(cost=low)
0,0,True,70.8575048015,5,24,157.605278755,224.986633555,0.0482215910734,0.0835626970917,325.88156803,505.690707591
