,iteration,success,nllh,k,N,bic,c_sigma,sc2,tau,theta(cost=high),theta(cost=low)
0,0,True,71.0800678297,5,24,158.050404811,152.335649756,0.0364605193666,23.4463190993,313.804307351,747.724083315
