,iteration,success,nllh,k,N,bic,c_sigma,sc,tau_unif,theta(cost=high),theta(cost=low)
0,0,True,71.0118668313,5,24,157.914002814,123.182993025,0.0234287798299,4.56617581243,176.847881314,281.037476448
