,iteration,success,nllh,k,N,bic,c_0,sc2,tau_unif_rel,theta(cost=high),theta(cost=low)
0,0,True,16.6681822902,5,24,49.2266337322,42.2183231273,3.88752205489,179.213980647,0.27756508245,0.113988206006
