,iteration,success,nllh,k,N,bic,c_sigma,sc,tau,theta(cost=high),theta(cost=low)
0,0,True,60.4768037432,5,24,136.843876638,8.30136975569,0.218467878015,0.00308134590278,20.7103445268,39.8981179149
