,iteration,success,nllh,k,N,bic,c_sigma,sc2,tau,theta(cost=high),theta(cost=low)
0,0,True,21.4190477954,5,24,58.7283647425,41.89044634,2.42627476208,182.090336762,0.116616634553,23.2772149268
