,iteration,success,nllh,k,N,bic,c,tau_unif,theta(cost=high),theta(cost=low)
0,0,True,58.9081501541,4,24,130.52851563,72.4938220891,2.7474435377,47.9004896405,49.3203824977
