,iteration,success,nllh,k,N,bic,c_sigma,sc2,tau,theta(cost=high),theta(cost=low)
0,0,True,56.9374078856,5,24,129.765084923,286.627194403,0.769452438477,7.98137225044,186.622622909,373.372194744
