,iteration,success,nllh,k,N,bic,c_sigma,sc2,tau,theta(cost=high),theta(cost=low)
0,0,True,16.5946821968,5,24,49.0796335453,281.238619345,2.40558113859,104.268069264,1.14130996644,0.541920162985
