,iteration,success,nllh,k,N,bic,c_0,tau_unif,theta(cost=high),theta(cost=low)
0,0,True,87.4071550463,4,24,187.526525414,45.0376626776,56.3956478934,62.5873170564,125.402655087
