,iteration,success,nllh,k,N,bic,c_sigma,sc2,tau,theta(cost=high),theta(cost=low)
0,0,True,63.3385343716,5,24,142.567337895,184.28922171,0.0336732276198,8.37128100562,234.911047825,706.431459036
