,iteration,success,nllh,k,N,bic,c_0,sc2,tau_unif_rel,theta(cost=high),theta(cost=low)
0,0,True,42.3159946818,5,24,100.522258515,38.3109450642,0.0145168869365,161.340305047,85.816945888,75.9352617373
