,iteration,success,nllh,k,N,bic,c_sigma,sc2,tau,theta(cost=high),theta(cost=low)
0,0,True,81.6030338403,5,24,179.096336832,106.095099857,0.0642324741924,4.9079587398,221.442198602,482.323129185
