,iteration,success,nllh,k,N,bic,c_sigma,sc2,tau,theta(cost=high),theta(cost=low)
0,0,True,65.6630444425,5,24,147.216358037,257.313321479,1.09677808781,42.2178906182,293.02618015,359.870243095
