,iteration,success,nllh,k,N,bic,c_sigma,sc,tau,theta(cost=high),theta(cost=low)
0,0,True,48.3322262832,5,24,112.554721718,92.1022728026,0.166624030898,6.96412049836,64.1643251382,63.9777658397
