,iteration,success,nllh,k,N,bic,c_sigma,sc,tau,theta(cost=high),theta(cost=low)
0,0,True,42.6372083126,5,24,101.164685777,91.7087337105,0.850013869004,23.7722149612,62.8598320253,40.4026747542
