,iteration,success,nllh,k,N,bic,c_sigma,sc2,tau,theta(cost=high),theta(cost=low)
0,0,True,52.2940733426,5,24,120.478415837,192.484034665,0.0230396103392,49.6865985473,238.831807721,440.654037133
