,iteration,success,nllh,k,N,bic,c_sigma,sc,tau,theta(cost=high),theta(cost=low)
0,0,True,65.6375767158,5,24,147.165422583,21.6382625235,0.0823038328805,0.0631307195996,28.1305051895,76.372188152
