,iteration,success,nllh,k,N,bic,c_sigma,sc,tau_unif,theta(cost=high),theta(cost=low)
0,0,True,54.464138549,5,24,124.81854625,26.0790959565,0.053331983798,36.2968961361,0.496189745204,167.747168717
