,iteration,success,nllh,k,N,bic,c_sigma,sc,tau,theta(cost=high),theta(cost=low)
0,0,True,54.977872613,5,24,125.846014378,6.80600355398,0.084606335275,3.73664594121,36.1796971246,36.3549831135
