,iteration,success,nllh,k,N,bic,c_sigma,sc2,tau,theta(cost=high),theta(cost=low)
0,0,True,62.8415239631,5,24,141.573317078,155.598858908,0.0392079182565,9.63675139654,271.104116346,390.568655359
