,iteration,success,nllh,k,N,bic,c_sigma,sc,tau_normal,theta(cost=high),theta(cost=low)
0,0,True,62.4632030749,5,24,140.816675302,71.5369916469,0.119017293436,1.49804444111,97.6795718527,98.8565281874
