,iteration,success,nllh,k,N,bic,c_sigma,sc2,tau_trunc,theta(cost=high),theta(cost=low)
0,0,True,71.2088905133,5,24,158.308050178,70.1382970706,0.0696023118575,5.59311252342,150.87661696,194.327974478
