,iteration,success,nllh,k,N,bic,c_sigma,tau_unif,theta(cost=high),theta(cost=low)
0,0,True,57.3486812885,4,24,127.409577898,98.1528806105,20.0494216719,64.7431180956,132.854851481
