,iteration,success,nllh,k,N,bic,c_sigma,sc2,tau,theta(cost=high),theta(cost=low)
0,0,True,70.2965112448,5,24,156.483291641,55.8702515057,0.119662401811,3.05073575232,91.3028134036,234.168260251
