,iteration,success,nllh,k,N,bic,c_sigma,sc,tau,theta(cost=high),theta(cost=low)
0,0,True,51.5473531836,5,24,118.984975519,123.293327042,0.227207804678,7.25506038018,117.911390719,106.743487278
