,iteration,success,nllh,k,N,bic,c_sigma,sc,tau,theta(cost=high),theta(cost=low)
0,0,True,80.6157952444,5,24,177.121859641,32.8092800259,0.642414785498,8.13033769182,28.9325720123,107.906616725
