,iteration,success,nllh,k,N,bic,c_sigma,sc,tau,theta(cost=high),theta(cost=low)
0,0,True,73.685644077,5,24,163.261557306,9.16617500332,0.371974850819,0.0311937757289,13.8086088392,55.9327781826
