,iteration,success,nllh,k,N,bic,tau
0,0,True,1406.48737116,1,234,2818.43006343,0.98984375
