,iteration,success,nllh,k,N,bic,prelec_elevation,prelec_gamma,s
0,0,True,209.581489081,3,39,430.1536631,1.23792048017,1.16825597885,0.154178958014
