,iteration,success,nllh,k,N,bic,lambda,pow_gain,tau
0,0,True,1385.01898742,3,234,2786.40393819,-0.000395561716112,0.707339320871,0.99569446688
