,iteration,success,nllh,k,N,bic,pow_gain,tau
0,0,True,1333.08368632,2,234,2677.07801487,0.000315475463864,0.996016025543
