,iteration,success,nllh,k,N,bic,lambda,phi,tau
0,0,True,1404.50651774,3,234,2825.37899883,-0.00394682261201,0.000652737742963,0.999661997
