,iteration,success,nllh,k,N,bic,pow_gain,prelec_elevation,prelec_gamma,tau
0,0,True,1401.62458344,4,234,2825.07045135,0.914323966431,1.11791906171,1.02777975655,0.505891518723
