,iteration,success,nllh,k,N,bic,pow_gain,pow_loss,s
0,0,True,1219.47778628,3,234,2455.3215359,0.821019304708,0.985215257187,1.01619758325
