,iteration,success,nllh,k,N,bic,tau
0,0,True,1259.62951689,1,234,2524.7143549,0.996875
