,iteration,success,nllh,k,N,bic,lambda,tau
0,0,True,1413.35171824,2,234,2837.6140787,-0.00607327270508,0.996906280518
