,iteration,success,nllh,k,N,bic,pow_gain,s
0,0,True,1219.47778627,2,234,2449.86621477,0.813986027624,1.01621276631
