,iteration,success,nllh,k,N,bic,pow_gain,prelec_elevation,prelec_gamma,s
0,0,True,1221.46436972,4,234,2464.75002389,0.930580622997,1.12355858199,1.00897001347,0.970526755543
