,iteration,success,nllh,k,N,bic,prelec_elevation,prelec_gamma,tau,theta
0,0,True,6918.46955483,4,1273,13865.535636,0.70417030896,0.967609466923,3.52983920635,87.6068234964
