,iteration,success,nllh,k,N,bic,prelec_elevation,prelec_gamma,tau,theta
0,0,True,13377.2414896,4,1273,26783.0795057,1.11486963395,1.99510169302,8.77880516199,9.98111811185
