,iteration,success,nllh,k,N,bic,theta,k,prelec_gamma,sep
0,0,True,144351.306282,0.677465312651,30000,288743.848374,1,0.677465312651,1.41749191175,9.99999989895
1,0,True,126970.588897,0.417214052573,30000,253982.413605,2,0.417214052573,1.18212749676,9.5872505545
2,0,True,123310.273141,0.566973986314,30000,246661.782093,3,0.566973986314,1.10079208477,5.99953136519
3,0,True,121582.813394,0.799362807863,30000,243206.862598,4,0.799362807863,1.01862556127,3.89122451585
4,0,True,122591.183528,0.995223637432,30000,245223.602867,5,0.995223637432,0.936394263834,2.77579915134
