,iteration,success,k,N,msd,prelec_gamma,s
0,0,True,2,6000,0.00487503377727,0.999879606913,3.06809175188
