,iteration,success,nllh,k,N,bic,theta,k,sep
0,0,True,13055.9967873,0.386832064336,6000,26138.0921188,1,0.386832064336,4.99999950473
