,iteration,success,nllh,k,N,bic,c_sigma,p_stop_geom,tau
0,0,True,1357.03340044,3,252,2730.65508814,44.5734684225,0.0235240999415,194.384097476
