,iteration,success,nllh,k,N,bic,pow_gain,tau,theta
0,0,True,1398.27683214,3,252,2813.14195155,0.771940040706,19.4777784154,19.490876541
