,iteration,success,nllh,k,N,bic,c_sigma,tau_trunc,theta
0,0,True,1355.38193754,3,252,2727.35216234,18.7147678664,29.2293229034,115.702007677
