,iteration,success,nllh,k,N,bic,tau,theta
0,0,True,1496.66410677,2,252,3004.38707172,34.0159423542,19.688707603
