,iteration,success,nllh,k,N,bic,prelec_elevation,prelec_gamma,tau,theta
0,0,True,1430.95343031,4,252,2884.02457697,1.37973583319,0.860773817323,29.5712695006,19.5427448188
