,iteration,success,nllh,k,N,bic,prelec_gamma,theta
0,0,True,2315.68326459,2,1200,4645.54668285,1.40001666133,1.99975221076
