,iteration,success,nllh,k,N,bic,prelec_gamma,theta
0,0,True,2714.63715331,2,1200,5443.4544603,0.600174816394,3.99881945134
