,iteration,success,nllh,k,N,bic,prelec_gamma,theta
0,0,True,3124.40344888,2,1200,6262.98705144,0.598903324697,7.03473354604
