,iteration,success,nllh,k,N,bic,prelec_gamma,theta
0,0,True,2403.34987775,2,1200,4820.87990918,0.599904844949,3.0034523433
