,iteration,success,nllh,k,N,bic,prelec_gamma,theta
0,0,True,3758.19444209,2,1200,7530.56903784,0.593226069907,1.4803157813
