,iteration,success,nllh,k,N,bic,prelec_gamma,theta
0,0,True,4447.35170908,2,1200,8908.88357183,1.0007368717,7.02158328543
