,iteration,success,nllh,k,N,bic,prelec_gamma,theta
0,0,True,4571.64518195,2,1200,9157.47051758,0.999486803261,8.97176221496
