,iteration,success,nllh,k,N,bic,prelec_gamma,theta
0,0,True,2549.78969284,2,1200,5113.75953935,1.39965809194,4.99724814618
