,iteration,success,nllh,k,N,bic,prelec_gamma,theta
0,0,True,2222.78443522,2,1200,4459.74902412,1.39887904763,3.99648703674
