,iteration,success,nllh,k,N,bic,prelec_gamma,theta
0,0,True,3807.88791257,2,1200,7629.95597881,1.00039388556,4.00613657109
