,iteration,success,nllh,k,N,bic,prelec_gamma,theta
0,0,True,3995.27325172,2,1200,8004.72665711,0.999873861975,4.99448338574
