,iteration,success,nllh,k,N,bic,prelec_gamma,theta
0,0,True,3918.94983973,2,1200,7852.07983314,1.01101432296,1.09872833708
