,iteration,success,nllh,k,N,bic,prelec_gamma,theta
0,0,True,3217.83107628,2,1200,6449.84230622,0.999979432402,2.00141097295
