,iteration,success,nllh,k,N,bic,prelec_gamma,theta
0,0,True,1874.1376858,2,1200,3762.45552526,1.40108935645,3.0047962897
