,iteration,success,nllh,k,N,bic,prelec_gamma,theta
0,0,True,2829.55358349,2,1200,5673.28732065,1.40023876852,7.00052786619
