,iteration,success,nllh,k,N,bic,prelec_gamma,theta
0,0,True,2691.70466772,2,1200,5397.5894891,0.599045799945,1.99911605772
