,iteration,success,nllh,k,N,bic,prelec_gamma,theta
0,0,True,3751.74500094,2,1200,7517.67015555,0.593341066631,1.47704108489
