,iteration,success,nllh,k,N,bic,prelec_gamma,theta
0,0,True,3277.50625152,2,1200,6569.19265671,0.600044220543,9.00641114361
