,iteration,success,nllh,k,N,bic,prelec_gamma,theta
0,0,True,3235.15757979,2,1200,6484.49531326,1.38583353228,1.11252688147
