,iteration,success,nllh,k,N,bic,prelec_gamma,theta
0,0,True,2802.62697691,2,1200,5619.43410749,0.600040633284,4.99650510919
