,iteration,success,nllh,k,N,bic,prelec_gamma,theta
0,0,True,10260.8722985,2,1170,20535.874115,1.06154272246,4.91415532773
