,iteration,success,nllh,k,N,bic,prelec_elevation,prelec_gamma,tau,theta
0,0,True,5234.85380112,4,1170,10497.9666383,0.968296514212,1.08929698736,40.0190213522,2.73187755808
