,iteration,success,nllh,k,N,bic,prelec_elevation,prelec_gamma,tau,theta
0,0,True,5746.25881439,4,1170,11520.7766649,0.965707279873,1.09260526139,30.7687755696,8.66142945071
