,iteration,success,nllh,k,N,bic,prelec_gamma,theta
0,0,True,879.646161975,2,300,1770.6998889,1.39844954434,8.97313707778
