,iteration,success,nllh,k,N,bic,prelec_gamma,theta
0,0,True,412.141573605,2,120,833.858130695,0.703947971404,1.00214266912
