,iteration,success,nllh,k,N,bic,prelec_elevation,prelec_gamma,tau,theta
0,0,True,712.473344894,4,150,1444.98923097,0.879358740538,1.0052812531,1.09675322616,9.80617263235
