,iteration,success,nllh,k,N,bic,p_stay,tau,theta
0,0,False,97.4565651213,3,1,194.913130243,0.983355477739,0.215714660193,2.12021221131
