,iteration,success,nllh,k,N,bic,pow_gain,tau,theta
0,0,True,716.549999302,3,150,1448.13190449,1.0946141757,19.3509792937,9.62262606615
