,iteration,success,nllh,k,N,bic,c_sigma,tau_trunc,theta
0,0,True,692.247153834,3,150,1399.52621355,23.631165487,58.7323750342,103.00683108
