,iteration,success,nllh,k,N,bic,c_0,c_sigma,tau,theta
0,0,True,681.05324378,4,150,1382.14902874,-2.58050102848,8.11144174272,12.6990781902,38.9540498405
