,iteration,success,nllh,k,N,bic,pow_gain,tau,theta
0,0,True,698.690754144,3,150,1412.41341417,0.725256002876,41.2200587375,10.7587331228
