,iteration,success,nllh,k,N,bic,prelec_elevation,prelec_gamma,tau,theta
0,0,True,689.287755115,4,150,1398.61805141,0.179475707739,1.15847942233,20.3251503773,23.4280408345
