,iteration,success,nllh,k,N,bic,p_fixed,prelec_gamma,tau,theta
0,0,True,899.147031465,4,1,1798.29406293,0.760197501983,1.48179243021,0.987057274514,1.46075723736
