,iteration,success,nllh,k,N,bic,phi,pow_gain,tau,theta
0,0,True,2935.14384502,4,149,5890.30347526,-0.00423185744264,0.465067812305,0.987490200139,5.43705914501
