,iteration,success,nllh,k,N,bic,c_sigma,pow_gain,tau,theta,w_loss
0,0,True,684.293168578,5,150,1393.63951363,22.0020504722,0.684544008185,24.051092504,92.3114916363,1.69133124194
