,iteration,success,nllh,k,N,bic,prelec_elevation,prelec_gamma,theta
0,0,True,867.007536538,3,150,1749.04697896,0.899904567284,1.00356074292,7.39008852959
