,iteration,success,nllh,k,N,bic,tau,theta
0,0,True,737.195078341,2,150,1484.41142727,39.3280870835,10.0329275073
