,iteration,success,nllh,k,N,bic,c_0,pow_gain,tau,theta,w_loss
0,0,True,731.54791846,5,150,1488.14901339,-1.36201953613,0.79454289595,5.2202342388,14.3740937166,0.983255842529
