,iteration,success,nllh,k,N,bic,prelec_elevation,prelec_gamma,tau,theta
0,0,True,681.824847856,4,150,1383.69223689,1.23087870856,0.954490079885,1.51906380779,2.68445296687
