,iteration,success,nllh,k,N,bic,tau,theta
0,0,True,711.954008044,2,150,1433.92928668,20.5941931173,19.1491997149
