,iteration,success,nllh,k,N,bic,prelec_elevation,prelec_gamma,tau,theta
0,0,True,713.817217695,4,150,1447.67697657,0.907484416869,1.00218863804,35.6408491028,9.56984523274
