,iteration,success,nllh,k,N,bic,c,c_sigma,tau,theta
0,0,True,688.985402948,4,150,1398.01334707,4.50270678544,22.0230216661,34.137754014,97.1224250605
