,iteration,success,nllh,k,N,bic,c_sigma,tau,theta
0,0,True,685.961439766,3,150,1386.95478541,5.91538229908,9.64336320052,28.3284283077
