,iteration,success,nllh,k,N,bic,pow_gain,prelec_elevation,prelec_gamma,tau,theta
0,0,True,694.240518794,5,150,1413.53421406,1.83908125314,0.310494709954,0.468671041579,34.2033912678,64.7778868796
