,iteration,success,nllh,k,N,bic,prelec_gamma,theta
0,0,True,894.647407097,2,150,1799.31608478,0.889014008913,5.9364835517
