,iteration,success,nllh,k,N,bic,p_fixed,pow_gain,tau,theta
0,0,True,2609.7364652,4,149,5239.48871563,0.0808228737864,0.566237052534,0.99403938278,2.98280207087
