,iteration,success,nllh,k,N,bic,p_fixed,pow_gain,tau,theta
0,0,True,977.130237458,4,1,1954.26047492,0.320951286936,0.665517163402,0.904178597174,1.49466417175
