,iteration,success,nllh,k,N,bic,prelec_elevation,prelec_gamma,tau,theta
0,0,True,690.708526781,4,150,1401.45959474,0.202991934411,1.57077331376,37.0493011703,24.3718498902
