,iteration,success,nllh,k,N,bic,pow_gain,prelec_elevation,prelec_gamma,tau,theta
0,0,True,714.660043337,5,150,1454.37326314,0.773455986168,0.681606662053,0.990886689593,37.4674757046,8.74550812063
