,iteration,success,nllh,k,N,bic,prelec_elevation,prelec_gamma,theta
0,0,True,1446.20814949,3,230,2908.73053691,0.829072897598,1.04421079357,5.13990897218
