,iteration,success,nllh,k,N,bic,pow_gain,prelec_elevation,prelec_gamma,tau,theta
0,0,True,946.072823277,5,230,1919.3360431,0.0855224594057,0.282158452193,1.5403962402,37.6682017748,4.95240877861
