,iteration,success,nllh,k,N,bic,prelec_elevation,prelec_gamma,tau
0,0,True,943.544036489,3,230,1903.4023109,1.3759595749,1.0581030018,55.7231418313
