,iteration,success,nllh,k,N,bic,pow_gain,tau,theta
0,0,True,1032.4462801,3,230,2081.20679812,1.09917400067,12.6972706072,7.21523274124
