,iteration,success,nllh,k,N,bic,prelec_gamma,theta
0,0,True,1470.89381821,2,230,2952.66379503,0.897114606674,5.71578321043
