,iteration,success,nllh,k,N,bic,tau,theta
0,0,True,1059.6472928,2,230,2130.17074422,20.6337808267,8.6045238721
