,iteration,success,nllh,k,N,bic,pow_gain,prelec_elevation,prelec_gamma,tau
0,0,True,940.853321448,4,230,1903.45896013,0.468579706589,0.767795594359,1.08158327444,0.222275296916
