,iteration,success,nllh,k,N,bic,tau
0,0,True,954.69734004,1,230,1914.83275939,54.5429020049
