,iteration,success,nllh,k,N,bic,prelec_elevation,prelec_gamma,tau,theta
0,0,True,982.509670206,4,230,1986.77165765,0.28260107067,1.51251026812,33.4101138547,16.665537323
