,iteration,success,nllh,k,N,bic,p_stay,prelec_elevation,prelec_gamma,tau
0,0,True,941.74297745,4,230,1905.23827214,0.338247201873,1.3039018576,1.11827674197,72.9793091502
