,iteration,success,nllh,k,N,bic,pow_gain,prelec_elevation,prelec_gamma,tau
0,0,True,942.086427387,4,230,1905.92517201,1.34088688509,1.78887845883,0.93999703648,95.1912168757
