,iteration,success,nllh,k,N,bic,pow_gain,prelec_elevation,prelec_gamma,tau,theta
0,0,True,1045.79561296,5,230,2118.78162247,0.387480436135,0.418770645506,1.1680365751,28.6788888487,8.03831503824
