,iteration,success,nllh,k,N,bic,c_sigma,tau,theta
0,0,True,968.211371421,3,230,1952.73698077,26.6118450088,34.2910383512,93.252728193
