,iteration,success,nllh,k,N,bic,tau,theta
0,0,True,1013.75845125,2,230,2038.39306111,78.990217448,17.2452538318
