,iteration,success,nllh,k,N,bic,prelec_elevation,prelec_gamma,tau,theta
0,0,True,950.473058532,4,230,1922.6984343,1.24790376846,0.924478095826,38.9090835449,2.22294793034
