,iteration,success,nllh,k,N,bic,prelec_elevation,prelec_gamma,tau,theta
0,0,True,1025.35999558,4,230,2072.4723084,0.885502974007,0.992470488844,28.799402903,7.60067200772
