,iteration,success,nllh,k,N,bic,pow_gain,tau
0,0,True,941.958607238,2,230,1894.79337309,0.637028606763,38.0677671702
