,iteration,success,nllh,k,N,bic,c_sigma,tau_trunc,theta
0,0,True,968.29694472,3,230,1952.90812737,24.7095824171,67.8682520118,89.3261964981
