,iteration,success,nllh,k,N,bic,pow_gain,prelec_elevation,prelec_gamma,tau
0,0,True,940.276008222,4,230,1902.30433368,0.521221669914,0.99129273031,1.02106678327,7.94987489881
