,iteration,success,nllh,k,N,bic,pow_gain,tau,theta
0,0,True,975.349459196,3,230,1967.01315632,0.578836151496,33.0340797207,7.2892198439
