,iteration,success,nllh,k,N,bic,prelec_elevation,prelec_gamma,tau,theta
0,0,True,1023.3214347,4,230,2068.39518663,0.949785437799,0.895787881156,24.3876529612,6.81131998167
