,iteration,success,k,N,msd,prelec_gamma,s
0,0,True,2,1200,0.0421684390038,0.938454903731,2.15831286876
1,1,True,2,1200,0.0421684390038,0.938454897978,2.15831289008
