,iteration,success,k,N,msd,prelec_gamma,s
0,0,True,2,1200,0.0413524473375,0.938335329229,1.92481704433
1,1,True,2,1200,0.0413524473375,0.938335325996,1.92481711182
