,iteration,success,k,N,msd,prelec_gamma,s
0,0,True,2,1200,0.0632264527358,1.7116959631,0.670172003439
1,1,True,2,1200,0.0632264527358,1.71169613399,0.670172002282
