,iteration,success,k,N,msd,prelec_gamma,s
0,0,True,2,1200,0.0897739985197,0.580978678181,0.53591286176
1,1,True,2,1200,0.0897739985197,0.580978667036,0.535912857522
