,iteration,success,k,N,msd,prelec_gamma,s
0,0,True,2,1200,0.0789781765323,1.41489557602,0.802619579896
1,1,True,2,1200,0.0789781765323,1.41489559193,0.802619606575
