,iteration,success,k,N,msd,prelec_gamma,s
0,0,True,2,1200,0.0844492955355,1.61605129569,0.571558142367
1,1,True,2,1200,0.0844492955355,1.61605125312,0.571558134853
