,iteration,success,k,N,msd,prelec_gamma,s
0,0,True,2,1200,0.0810127065741,1.24495552339,0.616672017969
1,1,True,2,1200,0.0810127065741,1.24495548281,0.616672016078
