,iteration,success,k,N,msd,prelec_gamma,s
0,0,True,2,1200,0.0533456457506,0.886056249842,1.05252120063
1,1,True,2,1200,0.0533456457506,0.886056237495,1.05252124705
