,iteration,success,k,N,msd,prelec_gamma,s
0,0,True,2,1200,0.0640025664574,0.787649985245,0.642193915523
1,1,True,2,1200,0.0640025664574,0.787649975939,0.642193918254
