,iteration,success,k,N,msd,prelec_gamma,s
0,0,True,2,1200,0.0730143836136,0.49328665708,1.10343703993
1,1,True,2,1200,0.0730143836136,0.493286659448,1.1034370561
