,iteration,success,k,N,msd,prelec_gamma,s
0,0,True,2,1200,0.0862447000816,1.3829819771,0.525005953896
1,1,True,2,1200,0.0862447000816,1.38298190666,0.525005964853
