,iteration,success,k,N,msd,prelec_gamma,s
0,0,True,2,1200,0.081803566102,0.659027201381,0.592591833688
1,1,True,2,1200,0.081803566102,0.659027185119,0.592591817037
