,iteration,success,k,N,msd,prelec_gamma,s
0,0,True,2,1200,0.0587129908552,0.41161875795,0.605894189274
1,1,True,2,1200,0.0587129908552,0.411618751453,0.60589419834
