,iteration,success,k,N,msd,prelec_gamma,s
0,0,True,2,1200,0.0732362508576,0.704070139104,0.572281472087
1,1,True,2,1200,0.0732362508576,0.704070201664,0.572281477084
