,iteration,success,k,N,msd,prelec_gamma,s
0,0,True,2,1200,0.0634440176211,0.52034015621,1.34236101686
1,1,True,2,1200,0.0634440176211,0.520340155486,1.34236099113
