,iteration,success,k,N,msd,prelec_gamma,s
0,0,True,2,1200,0.0808166728722,0.462063858402,0.447785238343
1,1,True,2,1200,0.0808166728722,0.462063860728,0.447785238814
