,iteration,success,k,N,msd,prelec_gamma,s
0,0,True,2,1200,0.0770626813078,0.645490389662,0.812849931453
1,1,True,2,1200,0.0770626813078,0.645490366163,0.812849921021
