,iteration,success,k,N,msd,prelec_gamma,s
0,0,True,2,1200,0.0684128948449,0.462750237257,0.514200024904
1,1,True,2,1200,0.0684128948449,0.462750232963,0.514200032876
