,iteration,success,k,N,msd,prelec_gamma,s
0,0,True,2,1200,0.0723428452467,0.42557632722,0.505562746696
1,1,True,2,1200,0.0723428452467,0.42557637223,0.505562739375
