,iteration,success,k,N,msd,prelec_gamma,s
0,0,True,2,1200,0.084246892586,1.00882686585,0.482121408638
1,1,True,2,1200,0.084246892586,1.00882688542,0.482121391239
