,iteration,success,k,N,msd,prelec_gamma,s
0,0,True,2,1200,0.0385095038348,0.859495400583,1.67614541312
1,1,True,2,1200,0.0385095038348,0.859495399936,1.67614537649
