,iteration,success,k,N,msd,prelec_gamma,s
0,0,True,2,1200,0.0740338862816,0.956264579918,0.536566391089
1,1,True,2,1200,0.0740338862816,0.956264593974,0.53656639802
