,iteration,success,k,N,msd,prelec_gamma,s
0,0,True,2,1200,0.0653158443399,0.441372039635,0.543456484339
1,1,True,2,1200,0.0653158443399,0.441371995691,0.543456486135
