,iteration,success,k,N,msd,prelec_gamma,s
0,0,True,2,1200,0.0721631945221,1.14306487427,0.727693993044
1,1,True,2,1200,0.0721631945221,1.14306479088,0.727694014287
