,iteration,success,k,N,msd,prelec_gamma,s
0,0,True,2,1200,0.0779340682063,1.11074419931,0.565906813701
1,1,True,2,1200,0.0779340682063,1.11074423661,0.565906817082
