,iteration,success,k,N,msd,prelec_gamma,s
0,0,True,2,1200,0.0947215939778,0.520542175728,0.428275385645
1,1,True,2,1200,0.0947215939778,0.52054217529,0.428275389717
