,iteration,success,k,N,msd,prelec_gamma,s
0,0,True,2,1200,0.0871136323634,3.0,0.523121525067
1,1,True,2,1200,0.0871136323634,3.0,0.523121476762
