,iteration,success,k,N,msd,prelec_gamma,s
0,0,True,2,1200,0.0793842092235,1.45713457634,0.586755135956
1,1,True,2,1200,0.0793842092235,1.45713455118,0.586755134359
