,iteration,success,k,N,msd,prelec_gamma,s
0,0,True,2,1200,0.075748048392,1.56841279439,0.949486357457
1,1,True,2,1200,0.075748048392,1.56841281103,0.949486334929
