,iteration,success,k,N,msd,prelec_gamma,s
0,0,True,2,1200,0.0821173923938,1.00167118989,0.554881131171
1,1,True,2,1200,0.0821173923938,1.00167116915,0.554881146276
