,iteration,success,k,N,msd,prelec_gamma,s
0,0,True,2,1200,0.0690989990272,0.0816760690116,0.513031357651
1,1,True,2,1200,0.0690989990272,0.0816762618529,0.513031354348
