,iteration,success,k,N,msd,prelec_gamma,s
0,0,True,2,1200,0.0880915794075,0.01,0.429635946208
1,1,True,2,1200,0.0880915794075,0.0100000000001,0.429635954493
