,iteration,success,k,N,msd,prelec_gamma,s
0,0,True,2,1200,0.0786349257312,1.4248882642,0.687957285665
1,1,True,2,1200,0.0786349257312,1.42488831214,0.687957281898
