,iteration,success,k,N,msd,prelec_gamma,s
0,0,True,2,1200,0.0487327587592,0.858382386683,1.48042289741
1,1,True,2,1200,0.0487327587592,0.858382393562,1.48042292941
