,iteration,success,k,N,msd,prelec_gamma,s
0,0,True,2,1200,0.067069889717,0.760331111113,0.547822643104
1,1,True,2,1200,0.067069889717,0.760331133574,0.547822648022
