,iteration,success,k,N,msd,prelec_gamma,s
0,0,True,2,1200,0.0617535740071,0.488135125386,0.561572413394
1,1,True,2,1200,0.0617535740071,0.488135091864,0.561572410474
