,iteration,success,k,N,msd,prelec_gamma,s
0,0,True,2,1200,0.0862149906233,1.4048023824,0.625584525644
1,1,True,2,1200,0.0862149906233,1.40480235636,0.625584533172
