,iteration,success,k,N,msd,prelec_gamma,s
0,0,True,2,1200,0.0802337652585,1.20047799267,0.572149152759
1,1,True,2,1200,0.0802337652585,1.20047805367,0.572149162025
