,iteration,success,k,N,msd,prelec_gamma,s
0,0,True,2,1200,0.088288834709,0.010000000829,0.452111633788
1,1,True,2,1200,0.088288832519,0.0100000000002,0.451975119274
