,iteration,success,k,N,msd,prelec_gamma,s
0,0,True,2,1200,0.0834044369218,1.65680309916,0.548334100254
1,1,True,2,1200,0.0834044369218,1.65680316102,0.548334105359
