,iteration,success,k,N,msd,prelec_gamma,s
0,0,True,2,1200,0.0864348307011,0.296739634559,0.445152706572
1,1,True,2,1200,0.0864348307011,0.296739685615,0.4451527013
