,iteration,success,k,N,msd,prelec_gamma,s
0,0,True,2,1200,0.0758454288072,0.131700203855,0.475345096171
1,1,True,2,1200,0.0758454288072,0.13170033971,0.475345100944
