,iteration,success,k,N,msd,prelec_gamma,s
0,0,True,2,1200,0.0670020781412,0.726908776489,0.552718818257
1,1,True,2,1200,0.0670020781412,0.726908727858,0.552718822004
