,iteration,success,k,N,msd,prelec_gamma,s
0,0,True,2,1200,0.0681633306071,1.46258336374,0.682764190694
1,1,True,2,1200,0.0681633306071,1.46258338766,0.682764172787
