,iteration,success,k,N,msd,prelec_gamma,s
0,0,True,2,1200,0.0808118794941,1.92304566226,0.606590673068
1,1,True,2,1200,0.0808118794941,1.9230456251,0.606590659817
