,iteration,success,k,N,msd,prelec_gamma,s
0,0,True,2,1200,0.0770626955313,1.11351420259,0.659163389396
1,1,True,2,1200,0.0770626955313,1.11351414804,0.659163381798
