,iteration,success,k,N,msd,prelec_gamma,s
0,0,True,2,1200,0.0758953976622,0.78838199203,0.598829660727
1,1,True,2,1200,0.0758953976622,0.788381921849,0.598829655799
