,iteration,success,k,N,msd,prelec_gamma,s
0,0,True,2,1200,0.0877301722263,1.148466597,0.536824831355
1,1,True,2,1200,0.0877301722263,1.14846663838,0.536824820545
