,iteration,success,k,N,msd,prelec_gamma,s
0,0,True,2,1200,0.0683701175658,0.927005584858,0.623442816286
1,1,True,2,1200,0.0683701175658,0.927005639488,0.623442815357
