,iteration,success,k,N,msd,prelec_gamma,s
0,0,True,2,1200,0.0824367069416,1.4180440676,0.66845052836
1,1,True,2,1200,0.0824367069416,1.41804408713,0.668450530213
