,iteration,success,k,N,msd,prelec_gamma,s
0,0,True,2,1200,0.072040828827,1.54943182327,0.616169006129
1,1,True,2,1200,0.072040828827,1.5494318393,0.616169016281
