,iteration,success,k,N,msd,prelec_gamma,s
0,0,True,2,1200,0.0819872492209,0.704580838332,0.527276348601
1,1,True,2,1200,0.0819872492209,0.704580836035,0.527276353024
