,iteration,success,k,N,msd,prelec_gamma,s
0,0,True,2,1200,0.0811874657641,1.51583669047,0.630456733345
1,1,True,2,1200,0.0811874657641,1.51583671908,0.630456714914
