,iteration,success,k,N,msd,prelec_gamma,s
0,0,True,2,1200,0.0605963528825,0.843845943276,0.695500396127
1,1,True,2,1200,0.0605963528825,0.843845958836,0.695500401594
