,iteration,success,k,N,msd,prelec_gamma,s
0,0,True,2,1200,0.0821968578153,0.627881905607,0.490454291552
1,1,True,2,1200,0.0821968578153,0.627881937986,0.490454294497
