,iteration,success,k,N,msd,prelec_gamma,s
0,0,True,2,1200,0.0710609486476,0.852227522081,0.601295689731
1,1,True,2,1200,0.0710609486476,0.8522276828,0.601295690195
