,iteration,success,k,N,msd,prelec_gamma,s
0,0,True,2,1200,0.0743332612479,0.808114942019,0.589007090403
1,1,True,2,1200,0.0743332612479,0.808114742261,0.589007102914
