,iteration,success,k,N,msd,prelec_gamma,s
0,0,True,2,1200,0.0675222919367,0.842207881444,0.541718639284
1,1,True,2,1200,0.0675222919367,0.84220793464,0.541718648677
