,iteration,success,k,N,msd,prelec_gamma,s
0,0,True,2,1200,0.0368138557788,0.87607983625,2.2338684704
1,1,True,2,1200,0.0368138557788,0.876079828737,2.23386845417
