,iteration,success,k,N,msd,prelec_gamma,s
0,0,True,2,1200,0.0837503218848,1.3855337701,1.14082304426
1,1,True,2,1200,0.0837503218848,1.38553376943,1.14082308026
