,iteration,success,k,N,msd,prelec_gamma,s
0,0,True,2,1200,0.0897823152017,1.15668508504,0.819598853237
1,1,True,2,1200,0.0897823152017,1.15668509049,0.81959886199
