,iteration,success,k,N,msd,prelec_gamma,s
0,0,True,2,1200,0.0878057915971,0.125969525181,0.44580467863
1,1,True,2,1200,0.0878057915971,0.125969469172,0.445804676035
