,iteration,success,k,N,msd,prelec_gamma,s
0,0,True,2,1200,0.082559687042,0.286340923202,0.441217149578
1,1,True,2,1200,0.082559687042,0.286340917301,0.441217156171
