,iteration,success,k,N,msd,prelec_gamma,s
0,0,True,2,1200,0.063150634415,0.852425671239,0.730475518588
1,1,True,2,1200,0.063150634415,0.852425667718,0.73047552598
