,iteration,success,k,N,msd,prelec_gamma,s
0,0,True,2,1200,0.0646989070943,0.524554058887,0.519317596217
1,1,True,2,1200,0.0646989070943,0.524554128061,0.519317585878
