,iteration,success,k,N,msd,prelec_gamma,s
0,0,True,2,1200,0.0645696045968,0.881760878472,0.536404927638
1,1,True,2,1200,0.0645696045968,0.881760877976,0.536404928929
