,iteration,success,k,N,msd,prelec_gamma,s
0,0,True,2,1200,0.0361929112392,0.914763774192,3.85434462037
1,1,True,2,1200,0.0361929112392,0.914763773708,3.8543448502
