,iteration,success,k,N,msd,prelec_gamma,s
0,0,True,2,1200,0.0755380817806,0.0930264680539,0.481914332022
1,1,True,2,1200,0.0755380817806,0.0930264351723,0.481914330219
