,iteration,success,k,N,msd,prelec_gamma,s
0,0,True,2,1200,0.0643019951706,0.511180575033,1.45488778506
1,1,True,2,1200,0.0643019951706,0.511180573439,1.45488778237
