,iteration,success,k,N,msd,prelec_gamma,s
0,0,True,2,1200,0.0709401620369,0.741135567389,0.502300777857
1,1,True,2,1200,0.0709401620369,0.741135628694,0.502300768878
