,iteration,success,k,N,msd,prelec_gamma,s
0,0,True,2,1200,0.0538898889027,0.877599703754,0.71152135235
1,1,True,2,1200,0.0538898889027,0.877599679402,0.711521350372
