,iteration,success,k,N,msd,prelec_gamma,s
0,0,True,2,1200,0.0567356531565,0.997379740579,0.725725632698
1,1,True,2,1200,0.0567356531565,0.997379741569,0.725725629064
