,iteration,success,k,N,msd,prelec_gamma,s
0,0,True,2,1200,0.067112913008,0.575858083164,1.31037324048
1,1,True,2,1200,0.067112913008,0.575858082505,1.31037319288
