,iteration,success,k,N,msd,prelec_gamma,s
0,0,True,2,1200,0.085021890088,0.161543528835,0.428058938268
1,1,True,2,1200,0.085021890088,0.161543548757,0.428058937442
