,iteration,success,k,N,msd,prelec_gamma,s
0,0,True,2,1200,0.074883083991,1.12957593417,0.59396365155
1,1,True,2,1200,0.074883083991,1.12957605647,0.593963650652
