,iteration,success,k,N,msd,prelec_gamma,s
0,0,True,2,1200,0.0963298232064,0.246026077292,0.385790092712
1,1,True,2,1200,0.0963298232064,0.246026074319,0.385790090215
