,iteration,success,k,N,msd,prelec_gamma,s
0,0,True,2,1200,0.0674191487132,0.574908570508,1.21143966178
1,1,True,2,1200,0.0674191487132,0.574908575006,1.21143967067
