,iteration,success,k,N,msd,prelec_gamma,s
0,0,True,2,1200,0.0794654889953,0.819331271498,0.49372730752
1,1,True,2,1200,0.0794654889953,0.819331203415,0.493727311306
