,iteration,success,k,N,msd,prelec_gamma,s
0,0,True,2,1200,0.0825534584386,0.423526685314,0.45680429908
1,1,True,2,1200,0.0825534584386,0.42352671539,0.45680432161
