,iteration,success,k,N,msd,prelec_gamma,s
0,0,True,2,1200,0.0710282703532,0.679031646179,0.495467695151
1,1,True,2,1200,0.0710282703532,0.679031607515,0.495467693771
