,iteration,success,k,N,msd,prelec_gamma,s
0,0,True,2,1200,0.0860058364048,1.8882794847,0.603360113261
1,1,True,2,1200,0.0860058364048,1.88827948825,0.603360119728
