,iteration,success,k,N,msd,prelec_gamma,s
0,0,True,2,1200,0.064428495173,0.237041465052,0.533404724521
1,1,True,2,1200,0.064428495173,0.237041375286,0.533404722373
