,iteration,success,k,N,msd,prelec_gamma,s
0,0,True,2,1200,0.0563325970275,0.917099120236,1.06477656892
1,1,True,2,1200,0.0563325970275,0.917099126094,1.06477660432
