,iteration,success,k,N,msd,prelec_gamma,s
0,0,True,2,1200,0.0678607915838,0.48115983427,0.51070035261
1,1,True,2,1200,0.0678607915838,0.481159676901,0.510700358902
