,iteration,success,k,N,msd,prelec_gamma,s
0,0,True,2,1200,0.0698016121997,0.615547198597,0.503097464516
1,1,True,2,1200,0.0698016121997,0.615547175472,0.503097468063
