,iteration,success,k,N,msd,prelec_gamma,s
0,0,True,2,1200,0.0935965139966,0.66294051566,0.602496394612
1,1,True,2,1200,0.169837456746,2.06703993883,30.0
