,iteration,success,k,N,msd,prelec_gamma,s
0,0,True,2,1200,0.0820147130029,2.74930428151,0.553119402291
1,1,True,2,1200,0.0820147130029,2.74930428255,0.553119411897
