,iteration,success,k,N,msd,prelec_gamma,s
0,0,True,2,1200,0.0700480320412,0.552655012226,1.29004073876
1,1,True,2,1200,0.0700480320412,0.552655008984,1.2900407384
