,iteration,success,k,N,msd,prelec_gamma,s
0,0,True,2,1200,0.0784745983852,0.517593150164,0.730115120215
1,1,True,2,1200,0.0784745983852,0.517593140512,0.730115112731
