,iteration,success,k,N,msd,prelec_gamma,s
0,0,True,2,1200,0.0860636175999,0.0576382437974,0.436940654716
1,1,True,2,1200,0.0860636175999,0.0576382683303,0.436940661849
