,iteration,success,k,N,msd,prelec_gamma,s
0,0,True,2,1200,0.0872455851455,0.689067825273,0.558020758355
1,1,True,2,1200,0.0872455851455,0.689067824155,0.558020762952
