,iteration,success,k,N,msd,prelec_gamma,s
0,0,True,2,1200,0.0663343066687,0.796707311311,0.5587735108
1,1,True,2,1200,0.0663343066687,0.796707305635,0.558773519325
