,iteration,success,k,N,msd,prelec_gamma,s
0,0,True,2,1200,0.0627507688874,0.869267414808,0.579997930177
1,1,True,2,1200,0.0627507688874,0.869267446986,0.579997936188
