,iteration,success,k,N,msd,prelec_gamma,s
0,0,True,2,1200,0.0812217170946,0.217701457695,0.468562761249
1,1,True,2,1200,0.0812217170946,0.217701368265,0.468562761275
