,iteration,success,k,N,msd,prelec_gamma,s
0,0,True,2,1200,0.0917086759638,0.418534491475,0.495140886643
1,1,True,2,1200,0.0917086759638,0.418534540044,0.49514089357
