,iteration,success,k,N,msd,prelec_gamma,s
0,0,True,2,1200,0.0780273762751,0.579853415158,0.769735893689
1,1,True,2,1200,0.0780273762751,0.579853415589,0.76973589441
