,iteration,success,k,N,msd,prelec_gamma,s
0,0,True,2,1200,0.0545411882246,0.866039800425,0.948571203914
1,1,True,2,1200,0.0545411882246,0.866039813904,0.948571205281
