,iteration,success,k,N,msd,prelec_gamma,s
0,0,True,2,1200,0.0636576929768,1.44067026317,1.46748596157
1,1,True,2,1200,0.0636576929768,1.44067026011,1.46748597958
