,iteration,success,k,N,msd,prelec_gamma,s
0,0,True,2,1200,0.0553217630782,0.788817109865,0.744535481296
1,1,True,2,1200,0.0553217630782,0.788817136022,0.744535507594
