,iteration,success,k,N,msd,prelec_gamma,s
0,0,True,2,1200,0.067054603906,0.70863009942,0.528190723342
1,1,True,2,1200,0.067054603906,0.708630107414,0.528190717316
