,iteration,success,k,N,msd,prelec_gamma,s
0,0,True,2,1200,0.0789785930774,1.56789354688,0.970495853858
1,1,True,2,1200,0.0789785930774,1.56789353096,0.970495871603
