,iteration,success,k,N,msd,prelec_gamma,s
0,0,True,2,1200,0.0462107520412,0.926210588378,1.35169100908
1,1,True,2,1200,0.0462107520412,0.926210587054,1.35169101221
