,iteration,success,k,N,msd,prelec_gamma,s
0,0,True,2,1200,0.0665857493464,0.605134078685,1.40362584727
1,1,True,2,1200,0.0665857493464,0.605134082386,1.40362582603
