,iteration,success,k,N,msd,prelec_gamma,s
0,0,True,2,1200,0.0921538690578,0.621789719514,0.54623382468
1,1,True,2,1200,0.0921538690578,0.62178973122,0.54623381659
