,iteration,success,k,N,msd,prelec_gamma,s
0,0,True,2,1200,0.0880477722275,1.50044497302,0.57953270404
1,1,True,2,1200,0.0880477722275,1.50044503033,0.579532709873
