,iteration,success,k,N,msd,prelec_gamma,s
0,0,True,2,1200,0.072151904688,1.84438172663,0.638741221393
1,1,True,2,1200,0.072151904688,1.84438174729,0.638741216301
