,iteration,success,k,N,msd,prelec_gamma,s
0,0,True,2,1200,0.0817635676875,1.85836312765,0.515099576353
1,1,True,2,1200,0.0817635676875,1.85836310172,0.515099554359
