,iteration,success,k,N,msd,prelec_gamma,s
0,0,True,2,1200,0.0943658535848,0.552762305699,0.403261176227
1,1,True,2,1200,0.0943658535848,0.552762316052,0.403261178849
