,iteration,success,k,N,msd,prelec_gamma,s
0,0,True,2,1200,0.0745908057242,1.45121460391,0.958510454249
1,1,True,2,1200,0.0745908057242,1.45121458812,0.95851047902
