,iteration,success,k,N,msd,prelec_gamma,s
0,0,True,2,1200,0.0719677183591,0.681697355687,0.691250174117
1,1,True,2,1200,0.0719677183591,0.681697350648,0.691250169118
