,iteration,success,k,N,msd,prelec_gamma,s
0,0,True,2,1200,0.0792403438173,1.43472025085,0.568874032028
1,1,True,2,1200,0.0792403438173,1.43472025888,0.568874019211
