,iteration,success,k,N,msd,prelec_gamma,s
0,0,True,2,1200,0.0890334341291,0.381530316061,0.414409384802
1,1,True,2,1200,0.0890334341291,0.381530342059,0.414409391958
