,iteration,success,k,N,msd,prelec_gamma,s
0,0,True,2,1200,0.0731852023586,0.237738790219,0.490710747137
1,1,True,2,1200,0.0731852023586,0.23773879355,0.490710738227
