,iteration,success,k,N,msd,prelec_gamma,s
0,0,True,2,1200,0.0841764099001,0.119453228787,0.454073153305
1,1,True,2,1200,0.0841764099001,0.119453286976,0.454073150729
