,iteration,success,k,N,msd,prelec_gamma,s
0,0,True,2,1200,0.0812150466478,0.260001154445,0.446307321224
1,1,True,2,1200,0.0812150466478,0.260001058309,0.446307328591
