,iteration,success,k,N,msd,prelec_gamma,s
0,0,True,2,1200,0.0813153332166,0.711602120374,0.528357533222
1,1,True,2,1200,0.0813153332166,0.711602052602,0.528357532441
