,iteration,success,k,N,msd,prelec_gamma,s
0,0,True,2,1200,0.0521978771583,0.956171624326,1.26728603761
1,1,True,2,1200,0.0521978771583,0.956171615689,1.26728603519
