,iteration,success,k,N,msd,prelec_gamma,s
0,0,True,2,1200,0.0671212872792,1.04201821738,0.60516201113
1,1,True,2,1200,0.0671212872792,1.04201821466,0.605162022724
