,iteration,success,k,N,msd,prelec_gamma,s
0,0,True,2,1200,0.0876061933353,0.743018778877,0.426920622491
1,1,True,2,1200,0.0876061933353,0.743018799253,0.426920626078
