,iteration,success,k,N,msd,prelec_gamma,s
0,0,True,2,1200,0.0571208687515,0.878240429137,1.00749095229
1,1,True,2,1200,0.0571208687515,0.878240425798,1.00749095698
