,iteration,success,k,N,msd,prelec_gamma,s
0,0,True,2,1200,0.0975804439899,0.629810100565,0.558764341176
1,1,True,2,1200,0.0975804439899,0.629810101455,0.558764319457
