,iteration,success,k,N,msd,prelec_gamma,s
0,0,True,2,1200,0.0819117370485,0.438592914338,0.486774623601
1,1,True,2,1200,0.0819117370485,0.438592913113,0.486774627487
