,iteration,success,k,N,msd,prelec_gamma,s
0,0,True,2,1200,0.055948899655,0.837462245365,0.710204055314
1,1,True,2,1200,0.055948899655,0.837462234106,0.710204071673
