,iteration,success,k,N,msd,prelec_gamma,s
0,0,True,2,1200,0.0618987107234,0.931449751288,0.752503331794
1,1,True,2,1200,0.0618987107234,0.931449747349,0.752503337453
