,iteration,success,k,N,msd,prelec_gamma,s
0,0,True,2,1200,0.0565731881158,0.511311390664,1.62338701056
1,1,True,2,1200,0.0565731881158,0.51131138927,1.62338699773
