,iteration,success,k,N,msd,prelec_gamma,s
0,0,True,2,1200,0.076924307767,0.0100000000001,0.47940047805
1,1,True,2,1200,0.076924307767,0.0100000000117,0.479400718201
