,iteration,success,k,N,msd,prelec_gamma,s
0,0,True,2,1200,0.0498213015796,0.837468021543,1.39358815016
1,1,True,2,1200,0.0498213015796,0.837468029252,1.39358818284
