,iteration,success,k,N,msd,prelec_gamma,s
0,0,True,2,1200,0.045077341273,0.887800775692,1.38773239113
1,1,True,2,1200,0.045077341273,0.887800768719,1.38773240369
