,iteration,success,k,N,msd,prelec_gamma,s
0,0,True,2,1200,0.0768919517809,0.659457851755,0.487929990717
1,1,True,2,1200,0.0768919517809,0.659457826625,0.487929988157
