,iteration,success,k,N,msd,prelec_gamma,s
0,0,True,2,1200,0.0913655881783,0.609278529576,0.623195743456
1,1,True,2,1200,0.0913655881783,0.609278539084,0.623195741175
