,iteration,success,k,N,msd,prelec_gamma,s
0,0,True,2,1200,0.0528818804677,0.775464439605,1.22615264957
1,1,True,2,1200,0.0528818804677,0.775464443941,1.2261526475
