,iteration,success,k,N,msd,prelec_gamma,s
0,0,True,2,1200,0.0777311093387,0.858347646193,0.508974132405
1,1,True,2,1200,0.0777311093387,0.858347618919,0.508974129834
