,iteration,success,k,N,msd,prelec_gamma,s
0,0,True,2,1200,0.0656195868923,0.969753382927,0.540097310427
1,1,True,2,1200,0.0656195868923,0.969753414556,0.540097311416
