,iteration,success,k,N,msd,llh,prelec_gamma,s
0,0,True,2,1000,,297.219230778,1.44807874536,0.522628574733
