,iteration,success,k,N,msd,prelec_gamma,s
0,0,True,2,1200,0.0631475793591,1.04125501858,0.617451069674
1,1,True,2,1200,0.0631475793591,1.04125500988,0.617451080774
