,iteration,success,k,N,msd,prelec_gamma,s
0,0,True,2,1200,0.0668042450436,0.948741192249,0.559480725112
1,1,True,2,1200,0.0668042450436,0.948741207615,0.559480732551
