,iteration,success,k,N,msd,prelec_gamma,s
0,0,True,2,1200,0.086264564667,1.27827596421,0.534596239092
1,1,True,2,1200,0.086264564667,1.27827605118,0.534596240333
