,iteration,success,k,N,msd,prelec_gamma,s
0,0,True,2,1200,0.0847440395182,0.571796849987,0.470981480625
1,1,True,2,1200,0.0847440395182,0.571796869974,0.47098147274
