,iteration,success,k,N,msd,prelec_gamma,s
0,0,True,2,1200,0.0872659301377,0.666670683939,0.640324166973
1,1,True,2,1200,0.0872659301377,0.666670684474,0.640324163934
