,iteration,success,k,N,msd,prelec_gamma,s
0,0,True,2,1200,0.0593885816695,0.701506555183,0.564146961328
1,1,True,2,1200,0.0593885816695,0.701506635653,0.564146961234
