,iteration,success,k,N,msd,prelec_gamma,s
0,0,True,2,1200,0.0846126786338,0.139783752861,0.444146316088
1,1,True,2,1200,0.0846126786338,0.139783738586,0.444146307235
