,iteration,success,k,N,msd,prelec_gamma,s
0,0,True,2,1200,0.0858376718745,0.52322825417,0.453051651561
1,1,True,2,1200,0.0858376718745,0.523228277505,0.453051642456
