,iteration,success,k,N,msd,prelec_gamma,s
0,0,True,2,1200,0.0676804791496,0.58731258865,0.530214945805
1,1,True,2,1200,0.0676804791496,0.587312658073,0.530214951082
