,iteration,success,k,N,msd,prelec_gamma,s
0,0,True,2,1200,0.0925085519506,0.771386043921,0.406043924979
1,1,True,2,1200,0.0925085519506,0.771386078611,0.406043924106
