,iteration,success,k,N,msd,prelec_gamma,s
0,0,True,2,1200,0.0970337126923,0.221487246399,0.403188326918
1,1,True,2,1200,0.0970337126923,0.22148725978,0.403188330077
