,iteration,success,k,N,msd,prelec_gamma,s
0,0,True,2,1200,0.079305505383,1.48953376631,0.641181746338
1,1,True,2,1200,0.079305505383,1.48953373413,0.641181761247
