,iteration,success,k,N,msd,prelec_gamma,s
0,0,True,2,1200,0.0894845286395,1.08043634401,0.536938303683
1,1,True,2,1200,0.0894845286395,1.08043640755,0.536938295551
