,iteration,success,k,N,msd,prelec_gamma,s
0,0,True,2,1200,0.092629397217,0.214470556399,0.42045985872
1,1,True,2,1200,0.092629397217,0.214470505818,0.420459854021
