,iteration,success,k,N,msd,prelec_gamma,s
0,0,True,2,1200,0.0841207535985,0.442433676708,0.488101468647
1,1,True,2,1200,0.0841207535985,0.442433662674,0.488101468441
