,iteration,success,k,N,msd,prelec_gamma,s
0,0,True,2,1200,0.0359092361986,0.847763052871,2.68353193677
1,1,True,2,1200,0.0359092361986,0.847763051028,2.68353197378
