,iteration,success,k,N,msd,prelec_gamma,s
0,0,True,2,1200,0.0934185559811,0.129062675689,0.409312272916
1,1,True,2,1200,0.0934185559811,0.129062616052,0.409312276789
