,iteration,success,k,N,msd,prelec_gamma,s
0,0,True,2,1200,0.0574659382319,1.1953069465,0.703611091877
1,1,True,2,1200,0.0574659382319,1.1953069057,0.703611080709
