,iteration,success,k,N,msd,prelec_gamma,s
0,0,True,2,1200,0.0893378030194,1.62527550897,0.650877379712
1,1,True,2,1200,0.0893378030194,1.62527548168,0.650877371925
