,iteration,success,k,N,msd,prelec_gamma,s
0,0,True,2,1200,0.079053103513,1.48720604155,0.665217437451
1,1,True,2,1200,0.079053103513,1.48720609104,0.665217451041
