,iteration,success,k,N,msd,prelec_gamma,s
0,0,True,2,1200,0.0921285072247,1.616508386,0.538472645668
1,1,True,2,1200,0.0921285072247,1.61650843869,0.538472633838
