,iteration,success,k,N,msd,prelec_gamma,s
0,0,True,2,1200,0.0963790036735,0.80255925547,0.412326955028
1,1,True,2,1200,0.0963790036735,0.802559248991,0.412326943286
