,iteration,success,k,N,msd,prelec_gamma,s
0,0,True,2,1200,0.084669075802,1.13829870545,0.705811249712
1,1,True,2,1200,0.084669075802,1.13829872083,0.705811275885
