,iteration,success,k,N,msd,prelec_gamma,s
0,0,True,2,1200,0.0601198137561,0.973083059709,0.591904572635
1,1,True,2,1200,0.0601198137561,0.973083029354,0.591904567374
