,iteration,success,k,N,msd,prelec_gamma,s
0,0,True,2,1200,0.0805444695599,1.4522856701,0.621208448225
1,1,True,2,1200,0.0805444695599,1.45228567861,0.621208450439
