,iteration,success,k,N,msd,prelec_gamma,s
0,0,True,2,1200,0.0804641609629,1.41576674079,0.95631891372
1,1,True,2,1200,0.0804641609629,1.41576675471,0.956318946137
