,iteration,success,k,N,msd,prelec_gamma,s
0,0,True,2,1200,0.0687596991358,0.501758451073,0.524761320292
1,1,True,2,1200,0.0687596991358,0.501758396096,0.524761319016
