,iteration,success,k,N,msd,prelec_gamma,s
0,0,True,2,1200,0.0825645257266,1.94540885807,0.645062032248
1,1,True,2,1200,0.0825645257266,1.9454088558,0.645062017775
