,iteration,success,k,N,msd,prelec_gamma,s
0,0,True,2,1200,0.0802991838522,1.50958345442,0.965708746129
1,1,True,2,1200,0.0802991838522,1.50958346292,0.965708742061
