,iteration,success,k,N,msd,prelec_gamma,s
0,0,True,2,1200,0.0698246211504,0.0100000019534,0.53206804749
1,1,True,2,1200,0.0698246195397,0.0100000000083,0.532213417657
