,iteration,success,k,N,msd,prelec_gamma,s
0,0,True,2,1200,0.0769393030139,0.0622003008747,0.495927181433
1,1,True,2,1200,0.0769393030139,0.0622002625604,0.49592719203
