,iteration,success,k,N,msd,prelec_gamma,s
0,0,True,2,1200,0.0760099494431,0.121866764469,0.484215782704
1,1,True,2,1200,0.0760099494431,0.121866784006,0.484215783852
