,iteration,success,k,N,msd,prelec_gamma,s
0,0,True,2,1200,0.0785165783478,1.39991958921,0.632203189542
1,1,True,2,1200,0.0785165783478,1.39991958411,0.632203209374
