,iteration,success,k,N,msd,prelec_gamma,s
0,0,True,2,1200,0.0728080536989,1.39508961712,0.628250395455
1,1,True,2,1200,0.0728080536989,1.39508965678,0.628250395043
