,iteration,success,k,N,msd,prelec_gamma,s
0,0,True,2,1200,0.056295592917,0.956645125897,0.748791151242
1,1,True,2,1200,0.056295592917,0.956645138016,0.748791138499
