,iteration,success,k,N,msd,prelec_gamma,s
0,0,True,2,1200,0.0565826774801,0.894032374662,1.15200172232
1,1,True,2,1200,0.0565826774801,0.894032368063,1.15200171533
