,iteration,success,k,N,msd,prelec_gamma,s
0,0,True,2,1200,0.0310850538309,0.93657139172,6.8494063127
1,1,True,2,1200,0.0310850538309,0.936571393419,6.84940637375
