,iteration,success,k,N,msd,prelec_gamma,s
0,0,True,2,1200,0.0732734162791,1.30347876535,0.611567023841
1,1,True,2,1200,0.0732734162791,1.3034789766,0.611567021884
