,iteration,success,k,N,msd,prelec_gamma,s
0,0,True,2,1200,0.0691185028864,1.34831137532,0.581698366572
1,1,True,2,1200,0.0691185028864,1.34831152496,0.581698356781
