,iteration,success,k,N,msd,prelec_gamma,s
0,0,True,2,1200,0.0934836380976,0.560055232425,0.423858031489
1,1,True,2,1200,0.0934836380976,0.56005522538,0.423858028206
