,iteration,success,k,N,msd,prelec_gamma,s
0,0,True,2,1200,0.0832120747951,0.705031019272,0.547334721379
1,1,True,2,1200,0.0832120747951,0.705031028568,0.547334730261
