,iteration,success,k,N,msd,prelec_gamma,s
0,0,True,2,1200,0.0788875028581,1.23738108675,0.597697650678
1,1,True,2,1200,0.0788875028581,1.23738108172,0.597697657554
