,iteration,success,k,N,msd,prelec_gamma,s
0,0,True,2,1200,0.0836339237765,0.288631725328,0.434547991389
1,1,True,2,1200,0.0836339237765,0.288631829317,0.434547989971
