,iteration,success,k,N,msd,prelec_gamma,s
0,0,True,2,1200,0.0584168644056,0.928767043093,1.02540737823
1,1,True,2,1200,0.0584168644056,0.928767027109,1.02540735775
