,iteration,success,k,N,msd,prelec_gamma,s
0,0,True,2,1200,0.083545987044,0.0627939989235,0.456092540689
1,1,True,2,1200,0.083545987044,0.0627940233353,0.456092545265
