,iteration,success,k,N,msd,prelec_gamma,s
0,0,True,2,1200,0.0791192135799,1.29217545871,0.661790249465
1,1,True,2,1200,0.0791192135799,1.29217545043,0.661790283859
