,iteration,success,k,N,msd,prelec_gamma,s
0,0,True,2,1200,0.0743670786297,0.0198626487449,0.481801033619
1,1,True,2,1200,0.0743670786297,0.019862658801,0.481801046731
