,iteration,success,k,N,msd,prelec_gamma,s
0,0,True,2,1200,0.0534927706873,1.02298199464,0.841036142141
1,1,True,2,1200,0.0534927706873,1.02298199267,0.841036146065
