,iteration,success,k,N,msd,prelec_gamma,s
0,0,True,2,1200,0.0856867611275,1.84028499954,0.499576322411
1,1,True,2,1200,0.0856867611275,1.84028513037,0.499576328947
