,iteration,success,k,N,msd,prelec_gamma,s
0,0,True,2,1200,0.0799673079025,0.0100000070881,0.508986483695
1,1,True,2,1200,0.0799673027182,0.0100000000009,0.50924040134
