,iteration,success,k,N,msd,prelec_gamma,s
0,0,True,2,1200,0.0820968074609,0.555342103055,1.07313266984
1,1,True,2,1200,0.0820968074609,0.555342105627,1.0731326814
