,iteration,success,k,N,msd,prelec_gamma,s
0,0,True,2,1200,0.107393471896,2.20942370004,30.0
1,1,True,2,1200,0.0824668120073,1.60717312351,0.590473892655
