,iteration,success,k,N,msd,prelec_gamma,s
0,0,True,2,1200,0.0759105005182,0.89967192066,0.571807423641
1,1,True,2,1200,0.0759105005182,0.899671989847,0.57180742229
