,iteration,success,k,N,msd,prelec_gamma,s
0,0,True,2,1200,0.0818734224694,1.31398065326,0.566475028845
1,1,True,2,1200,0.0818734224694,1.31398065027,0.56647502674
