,iteration,success,k,N,msd,prelec_gamma,s
0,0,False,2,1200,0.0789652869894,1.16608857348,0.530943601058
1,1,True,2,1200,0.0789652869894,1.16608842564,0.530943603797
