,iteration,success,k,N,msd,prelec_gamma,s
0,0,True,2,1200,0.0391688036254,0.907610874323,2.3027501902
1,1,True,2,1200,0.0391688036254,0.907610878705,2.30275019054
