,iteration,success,k,N,msd,prelec_gamma,s
0,0,True,2,1200,0.0849164917502,0.01,0.433676145205
1,1,True,2,1200,0.0849164917502,0.01,0.433676069444
