,iteration,success,k,N,msd,prelec_gamma,s
0,0,True,2,1200,0.091061798525,0.503908242141,0.446210484539
1,1,True,2,1200,0.091061798525,0.503908203537,0.446210488574
