,iteration,success,k,N,msd,prelec_gamma,s
0,0,True,2,1200,0.0576268692722,0.466763336623,0.566326093772
1,1,True,2,1200,0.0576268692722,0.466763291907,0.566326101886
