,iteration,success,k,N,msd,prelec_gamma,s
0,0,True,2,1200,0.0602626401255,0.972468382185,0.649451343922
1,1,True,2,1200,0.0602626401255,0.972468355469,0.649451341355
