,iteration,success,k,N,msd,prelec_gamma,s
0,0,True,2,1200,0.0578246646039,0.820915820354,0.839767021923
1,1,True,2,1200,0.0578246646039,0.820915804616,0.83976701628
