,iteration,success,k,N,msd,prelec_gamma,s
0,0,True,2,1200,0.091297784441,0.641349451692,0.456612355423
1,1,True,2,1200,0.091297784441,0.641349465422,0.456612350333
