,iteration,success,k,N,msd,prelec_gamma,s
0,0,True,2,1200,0.0900124817934,0.684749586448,0.45813300767
1,1,True,2,1200,0.0900124817934,0.68474953576,0.458133009889
