,iteration,success,k,N,msd,prelec_gamma,s
0,0,True,2,1200,0.0799814871108,1.18038826249,0.705131099361
1,1,True,2,1200,0.0799814871108,1.18038827624,0.705131087988
