,iteration,success,k,N,msd,prelec_gamma,s
0,0,True,2,1200,0.0660367510302,0.163463539961,0.549395713352
1,1,True,2,1200,0.0660367510302,0.163463438909,0.549395704777
