,iteration,success,k,N,msd,prelec_gamma,s
0,0,True,2,1200,0.07614826088,1.26733762409,0.791544657148
1,1,True,2,1200,0.07614826088,1.26733762969,0.79154468851
