,iteration,success,k,N,msd,prelec_gamma,s
0,0,True,2,1200,0.0763109610569,1.46376461526,0.940206953321
1,1,True,2,1200,0.0763109610569,1.46376462815,0.94020691459
