,iteration,success,k,N,msd,prelec_gamma,s
0,0,True,2,1200,0.0793641972624,0.01,0.484359364382
1,1,True,2,1200,0.0793641972624,0.01,0.48435936202
