,iteration,success,k,N,msd,prelec_gamma,s
0,0,True,2,1200,0.0780674850768,0.121195129194,0.513988803176
1,1,True,2,1200,0.0780674850768,0.12119511184,0.513988806641
