,iteration,success,k,N,msd,prelec_gamma,s
0,0,True,2,1200,0.0882537844046,0.63674551706,0.440458979454
1,1,True,2,1200,0.0882537844046,0.636745481304,0.44045897143
