,iteration,success,k,N,msd,prelec_gamma,s
0,0,True,2,1200,0.0893115754223,0.0100000016863,0.45138568078
1,1,True,2,1200,0.0893114196397,0.01,0.450260572435
