,iteration,success,k,N,msd,prelec_gamma,s
0,0,True,2,1200,0.0831948319356,1.91645244719,0.540557090099
1,1,True,2,1200,0.0831948319356,1.91645243175,0.540557095532
