,iteration,success,k,N,msd,prelec_gamma,s
0,0,True,2,1200,0.0420112865156,0.882234110968,1.71849848157
1,1,True,2,1200,0.0420112865156,0.882234109566,1.71849849504
