,iteration,success,k,N,msd,prelec_gamma,s
0,0,True,2,1200,0.0752733495387,0.285133213446,0.490634959389
1,1,True,2,1200,0.0752733495387,0.285133168102,0.490634963848
