,iteration,success,k,N,msd,prelec_gamma,s
0,0,True,2,1200,0.0765178904092,0.646746197184,0.500422025451
1,1,True,2,1200,0.0765178904092,0.646746182764,0.500422027659
