,iteration,success,k,N,msd,prelec_gamma,s
0,0,True,2,1200,0.058853807136,0.61140457994,0.62062950962
1,1,True,2,1200,0.058853807136,0.61140455103,0.620629496914
