,iteration,success,k,N,msd,prelec_gamma,s
0,0,True,2,1200,0.0651083372589,1.13127480926,0.62489797428
1,1,True,2,1200,0.0651083372589,1.13127472799,0.6248979798
