,iteration,success,k,N,msd,prelec_gamma,s
0,0,True,2,1200,0.0840922288137,0.599373350096,0.745077056988
1,1,True,2,1200,0.0840922288137,0.599373338499,0.745077083067
