,iteration,success,k,N,msd,prelec_gamma,s
0,0,True,2,1200,0.0711588414394,0.217714037787,0.499706824157
1,1,True,2,1200,0.0711588414394,0.217713989681,0.499706822848
