,iteration,success,k,N,msd,prelec_gamma,s
0,0,True,2,1200,0.0873464124723,0.67574687707,0.440032500435
1,1,True,2,1200,0.0873464124723,0.675746906424,0.440032499962
