,iteration,success,k,N,msd,prelec_gamma,s
0,0,True,2,1200,0.0823976207991,0.805118395088,0.520432705375
1,1,True,2,1200,0.0823976207991,0.805118480729,0.520432705993
