,iteration,success,k,N,msd,prelec_gamma,s
0,0,True,2,1200,0.0629148542603,0.332452185332,0.570889986665
1,1,True,2,1200,0.0629148542603,0.332452219368,0.570889998025
