,iteration,success,k,N,msd,prelec_gamma,s
0,0,True,2,1200,0.0831673067122,0.942802304131,0.591703735574
1,1,True,2,1200,0.0831673067122,0.942802525199,0.591703725862
