,iteration,success,k,N,msd,prelec_gamma,s
0,0,True,2,1200,0.0766812796392,0.546431994031,0.858256047632
1,1,True,2,1200,0.0766812796392,0.546431990357,0.858256014956
