,iteration,success,k,N,msd,prelec_gamma,s
0,0,True,2,1200,0.0765674994725,0.242952220534,0.465279312827
1,1,True,2,1200,0.0765674994725,0.242952259756,0.465279312514
