,iteration,success,k,N,msd,prelec_gamma,s
0,0,True,2,1200,0.0435622795143,0.937571396463,1.87833148937
1,1,True,2,1200,0.0435622795143,0.937571395866,1.87833149149
