,iteration,success,k,N,msd,prelec_gamma,s
0,0,True,2,1200,0.0585506454624,0.323232069371,0.574927560025
1,1,True,2,1200,0.0585506454624,0.323232087346,0.574927567914
