,iteration,success,k,N,msd,prelec_gamma,s
0,0,True,2,1200,0.0752983797804,0.35423679498,0.47698388327
1,1,True,2,1200,0.0752983797804,0.354236741339,0.476983891104
