,iteration,success,k,N,msd,prelec_gamma,s
0,0,True,2,1200,0.0713649283067,1.50821440748,1.09355057646
1,1,True,2,1200,0.0713649283067,1.50821441497,1.09355060068
