,iteration,success,k,N,msd,prelec_gamma,s
0,0,True,2,1200,0.0763084550474,1.29957106873,0.63959119037
1,1,True,2,1200,0.0763084550474,1.29957098513,0.639591190272
