,iteration,success,k,N,msd,prelec_gamma,s
0,0,True,2,1200,0.0735430105073,0.744346577838,0.66061263145
1,1,True,2,1200,0.0735430105073,0.744346590502,0.660612641747
