,iteration,success,k,N,msd,prelec_gamma,s
0,0,True,2,1200,0.0849239462831,0.686658204213,0.547354451469
1,1,True,2,1200,0.0849239462831,0.686658201675,0.547354456812
