,iteration,success,k,N,msd,prelec_gamma,s
0,0,True,2,1200,0.0692282284614,1.28296442638,0.76331610165
1,1,True,2,1200,0.0692282284614,1.28296446481,0.763316120473
