,iteration,success,k,N,msd,prelec_gamma,s
0,0,True,2,1200,0.0778379898062,1.4838557835,0.994843134459
1,1,True,2,1200,0.0778379898062,1.48385578124,0.994843106127
