,iteration,success,k,N,msd,prelec_gamma,s
0,0,False,2,1200,0.0834627898017,0.527499617655,0.602111002269
1,1,True,2,1200,0.0829851567385,0.657119688047,0.601112543642
