,iteration,success,k,N,msd,prelec_gamma,s
0,0,True,2,1200,0.0919699290345,1.73488095417,0.511988580882
1,1,True,2,1200,0.0919699290345,1.73488093483,0.511988592474
