,iteration,success,k,N,msd,prelec_gamma,s
0,0,True,2,1200,0.0337771771894,0.943952444093,3.2760267539
1,1,True,2,1200,0.0337771771894,0.943952445844,3.27602656958
