,iteration,success,k,N,msd,prelec_gamma,s
0,0,True,2,1200,0.0621204851358,0.589433955663,0.548174283163
1,1,True,2,1200,0.0621204851358,0.589433962167,0.548174285285
