,iteration,success,k,N,msd,prelec_gamma,s
0,0,True,2,1200,0.0952996670558,0.94648982019,0.465685651151
1,1,True,2,1200,0.0952996670558,0.946489777922,0.465685656058
