,iteration,success,k,N,msd,prelec_gamma,s
0,0,True,2,1200,0.0777694445724,1.35547593848,0.5813134695
1,1,True,2,1200,0.0777694445724,1.3554758754,0.581313471859
