,iteration,success,k,N,msd,prelec_gamma,s
0,0,True,2,1200,0.0729570437698,1.39844308821,0.625448606031
1,1,True,2,1200,0.0729570437698,1.3984430826,0.625448608304
