,iteration,success,k,N,msd,prelec_gamma,s
0,0,True,2,1200,0.0876642971741,0.711588089863,0.455915952792
1,1,True,2,1200,0.0876642971741,0.711588083166,0.455915942571
