,iteration,success,k,N,msd,prelec_gamma,s
0,0,True,2,1200,0.0834526196085,1.39001756851,0.498374041296
1,1,True,2,1200,0.0834526196085,1.39001761675,0.498374056761
