,iteration,success,k,N,msd,prelec_gamma,s
0,0,True,2,1200,0.0936820832035,0.557856319961,0.589287784296
1,1,True,2,1200,0.0936820832035,0.557856325158,0.589287775497
