,iteration,success,k,N,msd,prelec_gamma,s
0,0,True,2,1200,0.0651925192075,0.769420030951,0.544352424952
1,1,True,2,1200,0.0651925192075,0.769420041951,0.54435244046
