,iteration,success,k,N,msd,prelec_gamma,s
0,0,True,2,1200,0.0806463676822,0.840456181101,0.611830162359
1,1,True,2,1200,0.0806463676822,0.840456199996,0.611830162981
