,iteration,success,k,N,msd,prelec_gamma,s
0,0,True,2,1200,0.0928087480361,0.3904907159,0.45620605406
1,1,True,2,1200,0.0928087480361,0.390490707039,0.456206040887
