,iteration,success,k,N,msd,prelec_gamma,s
0,0,True,2,1200,0.0791547851097,1.25455222178,0.645563861923
1,1,True,2,1200,0.0791547851097,1.25455221239,0.645563906955
