,iteration,success,k,N,msd,prelec_gamma,s
0,0,True,2,1200,0.0832172389501,0.616373699884,0.675642765245
1,1,True,2,1200,0.0832172389501,0.616373698056,0.675642770252
