,iteration,success,k,N,msd,prelec_gamma,s
0,0,True,2,1200,0.0423208059918,0.870956942313,2.15954819475
1,1,True,2,1200,0.0423208059918,0.870956942541,2.15954818417
