,iteration,success,k,N,msd,prelec_gamma,s
0,0,True,2,1200,0.0674788760779,0.234212851303,0.517247252948
1,1,True,2,1200,0.0674788760779,0.234212881651,0.51724725541
