,iteration,success,k,N,msd,prelec_gamma,s
0,0,True,2,1200,0.0639622099957,1.01237963247,0.745859078879
1,1,True,2,1200,0.0639622099957,1.01237964863,0.745859061987
