,iteration,success,k,N,msd,prelec_gamma,s
0,0,True,2,1200,0.0835962944553,1.15701899902,0.682161957901
1,1,True,2,1200,0.0835962944553,1.15701898735,0.682161967965
