,iteration,success,k,N,msd,prelec_gamma,s
0,0,True,2,1200,0.0875971087578,0.422101766593,0.422686767268
1,1,True,2,1200,0.0875971087578,0.422101753083,0.422686761536
