,iteration,success,k,N,msd,prelec_gamma,s
0,0,True,2,1200,0.0683334266268,0.531388191205,1.2784564818
1,1,True,2,1200,0.0683334266268,0.531388182743,1.27845649662
