,iteration,success,k,N,msd,prelec_gamma,s
0,0,True,2,1200,0.0685420960664,0.328865463523,0.532804550763
1,1,True,2,1200,0.0685420960664,0.32886542411,0.53280456408
