,iteration,success,k,N,msd,prelec_gamma,s
0,0,True,2,1200,0.0441698090823,0.878691095813,1.48534148427
1,1,True,2,1200,0.0441698090823,0.878691096278,1.48534146116
