,iteration,success,k,N,msd,prelec_gamma,s
0,0,True,2,1200,0.0790063142258,0.0920769355939,0.483780952422
1,1,True,2,1200,0.0790063142258,0.0920769065209,0.483780947245
