,iteration,success,k,N,msd,prelec_gamma,s
0,0,True,2,1200,0.0700071880326,0.34292324457,0.511911784563
1,1,True,2,1200,0.0700071880326,0.342923012617,0.51191177719
