,iteration,success,k,N,msd,prelec_gamma,s
0,0,True,2,1200,0.0025036826507,1.27557729052,10.0
1,1,True,2,1200,0.0025036826507,1.27557727968,10.0
