,iteration,success,k,N,msd,prelec_gamma,s
0,0,True,2,120,0.208649402705,0.340176339289,11.7028820844
1,1,True,2,120,0.208649402705,0.340176338078,11.7028836189
