,iteration,success,k,N,msd,prelec_gamma,s
0,0,True,2,120,0.0270833333977,1.35965661049,29.9999999938
1,1,True,2,120,0.0270833333977,1.35965428551,29.9999999673
