,iteration,success,k,N,msd,prelec_gamma,s
0,0,True,2,120,0.201390657362,0.040820853897,0.286879719593
1,1,True,2,120,0.201390657362,0.0408208538002,0.286879729464
