,iteration,success,k,N,msd,prelec_gamma,s
0,0,True,2,120,1.19489147887e-05,1.10187835079,29.9999999988
1,1,True,2,120,1.19488810358e-05,1.10054601335,29.9999999988
