,iteration,success,k,N,msd,prelec_gamma,s
0,0,True,2,120,0.233822078758,0.01,0.175519213299
1,1,True,2,120,0.233822078758,0.0100000000005,0.175519131353
