,iteration,success,k,N,msd,prelec_gamma,s
0,0,True,2,120,0.266430812086,0.435704266775,30.0
1,1,True,2,120,0.266430812086,0.435704251267,30.0
