,iteration,success,k,N,msd,prelec_gamma,s
0,0,True,2,120,0.251501156175,0.310171899811,8.66878902872
1,1,True,2,120,0.252522716254,0.511441762243,30.0
