,iteration,success,k,N,msd,prelec_gamma,s
0,0,True,2,120,0.0313076774013,1.74176144013,30.0
1,1,True,2,120,0.0313076774015,1.74174132484,29.9999999991
