,iteration,success,k,N,msd,prelec_gamma,s
0,0,True,2,120,0.0194603898982,2.90590311458,30.0
1,1,True,2,120,0.0229166666892,1.06989972392,29.9999963686
