,iteration,success,k,N,msd,prelec_gamma,s
0,0,True,2,120,0.18968403332,0.463652928058,30.0
1,1,True,2,120,0.18968403332,0.463652949699,30.0
