,iteration,success,k,N,msd,prelec_gamma,s
0,0,True,2,120,2.04913359625e-06,1.27467471899,30.0
1,1,True,2,120,2.04913361625e-06,1.27467947567,30.0
