,iteration,success,k,N,msd,prelec_gamma,s
0,0,True,2,120,0.0353379608573,3.0,7.45779587028
1,1,True,2,120,0.0353379608573,3.0,7.45779575155
