,iteration,success,k,N,msd,prelec_gamma,s
0,0,True,2,120,0.171130731832,0.0234015057087,0.668402478826
1,1,True,2,120,0.191669391521,0.412974181471,30.0
