,iteration,success,k,N,msd,prelec_gamma,s
0,0,True,2,120,0.224591057118,0.01,0.209550014617
1,1,True,2,120,0.300000000003,0.049893259474,29.9999806994
