,iteration,success,k,N,msd,prelec_gamma,s
0,0,True,2,120,0.00887629823897,1.71334011593,25.4133420163
1,1,True,2,120,0.00887629823897,1.71334012349,25.4133432002
