,iteration,success,k,N,msd,prelec_gamma,s
0,0,True,2,120,0.155097019222,0.440171413578,14.2823258884
1,1,True,2,120,0.151792128928,0.0471613694591,0.822700670002
