,iteration,success,k,N,msd,prelec_gamma,s
0,0,True,2,120,0.202083333341,0.0186449549743,29.9999945974
1,1,True,2,120,0.184425684932,0.0118865452174,0.62710248057
