,iteration,success,k,N,msd,prelec_gamma,s
0,0,True,2,120,0.0173449936561,2.45425786946,30.0
1,1,True,2,120,0.0208346404855,1.64118055478,30.0
