,iteration,success,k,N,msd,prelec_gamma,s
0,0,True,2,120,4.97531341169e-07,1.18824182269,29.9999999973
1,1,True,2,120,4.97531321912e-07,1.18823321415,30.0
