,iteration,success,k,N,msd,prelec_gamma,s
0,0,True,2,120,0.169399861702,0.459203840044,30.0
1,1,True,2,120,0.169399861702,0.45920384101,30.0
