,iteration,success,k,N,msd,prelec_gamma,s
0,0,True,2,120,0.0257254221507,2.02307456566,30.0
1,1,True,2,120,0.0257254221507,2.02307467611,30.0
