,iteration,success,k,N,msd,prelec_gamma,s
0,0,True,2,1200,0.233654799189,0.41889911509,10.0
1,1,True,2,1200,0.233654799189,0.418898989692,10.0
