,iteration,success,k,N,msd,prelec_gamma,s
0,0,True,2,120,0.0333333333333,0.560319676654,21.1179408378
1,1,True,2,120,0.0333333333333,0.913324020685,24.3027582494
