,iteration,success,k,N,msd,prelec_gamma,s
0,0,True,2,120,0.0062216327545,2.67128104403,30.0
1,1,True,2,120,0.0339584949303,1.50633428157,30.0
