,iteration,success,k,N,msd,prelec_gamma,s
0,0,True,2,120,0.0354166666667,0.935593275624,22.8656763901
1,1,True,2,120,0.0354166666667,0.410555390745,21.114474873
