,iteration,success,k,N,msd,prelec_gamma,s
0,0,True,2,120,0.183716005471,0.022516213567,0.567185522195
1,1,True,2,120,0.183716005471,0.0225162133298,0.567185509862
