,iteration,success,k,N,msd,prelec_gamma,s
0,0,True,2,120,4.33091134595e-07,1.11791447181,29.9999999987
1,1,True,2,120,4.33089041002e-07,1.11799361649,30.0
