,iteration,success,k,N,msd,prelec_gamma,s
0,0,True,2,120,0.00390145507347,1.73588499994,30.0
1,1,True,2,120,0.00390145507347,1.73588499824,30.0
