,iteration,success,k,N,msd,prelec_gamma,s
0,0,True,2,120,0.245850714719,0.434581275541,30.0
1,1,True,2,120,0.245850714719,0.434581265726,30.0
