,iteration,success,k,N,msd,prelec_gamma,s
0,0,True,2,120,0.0187522900411,1.16901205055,30.0
1,1,True,2,120,0.0187522900411,1.16901210061,30.0
