,iteration,success,k,N,msd,prelec_gamma,s
0,0,True,2,120,0.00869607518917,1.16521602791,17.6568489586
1,1,True,2,120,0.00869607518917,1.16521602749,17.6568492729
