,iteration,success,k,N,msd,prelec_gamma,s
0,0,True,2,120,0.035474344068,1.74176118645,30.0
1,1,True,2,120,0.035474344068,1.74176140411,30.0
