,iteration,success,k,N,msd,prelec_gamma,s
0,0,True,2,120,0.0416666666667,0.443617779389,20.2321721197
1,1,True,2,120,0.0416666666667,0.87898042296,26.908402149
