,iteration,success,k,N,msd,prelec_gamma,s
0,0,True,2,120,0.249733758961,0.447687772631,29.9999999997
1,1,True,2,120,0.24973374628,0.447631854342,30.0
