,iteration,success,k,N,msd,prelec_gamma,s
0,0,True,2,120,0.0270833333333,0.941324833652,25.8753853785
1,1,True,2,120,0.0270833333333,0.411901962559,20.151978762
