,iteration,success,k,N,msd,prelec_gamma,s
0,0,True,2,120,0.0152148976783,2.68043309382,29.9999999993
1,1,True,2,120,0.0152144441723,2.68138587537,30.0
