,iteration,success,k,N,msd,prelec_gamma,s
0,0,True,2,120,0.0102987981583,1.0574304661,28.8410301876
1,1,True,2,120,0.0102987981583,1.05743046802,28.8410287958
