,iteration,success,k,N,msd,prelec_gamma,s
0,0,True,2,120,0.0134040175412,2.28059969482,30.0
1,1,True,2,120,0.0134040175412,2.2805999037,30.0
