,iteration,success,k,N,msd,prelec_gamma,s
0,0,True,2,120,0.0291666666681,0.983231464222,29.9999985047
1,1,True,2,120,0.0291666666681,0.98322660407,29.9999857949
