,iteration,success,k,N,msd,prelec_gamma,s
0,0,True,2,120,0.0229283204675,0.953865556685,30.0
1,1,False,2,120,0.0229283204675,0.953865608516,30.0
