,iteration,success,k,N,msd,prelec_gamma,s
0,0,True,2,120,0.0020833644814,1.28290434105,30.0
1,1,True,2,120,0.0020833644814,1.28290420462,30.0
