,iteration,success,k,N,msd,prelec_gamma,s
0,0,True,2,120,0.229174933123,0.484517912103,30.0
1,1,True,2,120,0.229174933123,0.484517918297,30.0
