,iteration,success,k,N,msd,prelec_gamma,s
0,0,True,2,120,0.0166666667284,1.14503577941,29.9999999826
1,1,True,2,120,0.0166666667284,1.14503085477,29.9999998758
