,iteration,success,k,N,msd,prelec_gamma,s
0,0,True,2,120,0.00380336960886,2.67385051605,29.9999999917
1,1,True,2,120,0.0102319801959,2.2901800792,29.9999999994
