,iteration,success,k,N,msd,prelec_gamma,s
0,0,True,2,120,0.208333333333,0.259651319895,29.999936403
1,1,True,2,120,0.208333333333,0.258736525854,29.9996124774
