,iteration,success,k,N,msd,prelec_gamma,s
0,0,True,2,120,0.23541666669,0.140793729751,29.9999987779
1,1,True,2,120,0.23541666669,0.140716823658,29.9999990926
