,iteration,success,k,N,msd,prelec_gamma,s
0,0,True,2,120,0.0243333107132,1.9239776986,30.0
1,1,True,2,120,0.0243333218911,1.92424969139,29.9999999994
