,iteration,success,k,N,msd,prelec_gamma,s
0,0,True,2,120,0.0270833333333,0.16065230022,20.4350872711
1,1,True,2,120,0.0270833333333,0.679838685802,25.9630317993
