,iteration,success,k,N,msd,prelec_gamma,s
0,0,True,2,120,0.0208333333337,0.951889010218,29.9999979073
1,1,True,2,120,0.0208333333336,1.10182318228,29.9999917584
