,iteration,success,k,N,msd,prelec_gamma,s
0,0,True,2,120,0.0191163027427,2.04861976198,30.0
1,1,True,2,120,0.0191163397485,2.04952722715,29.9999999974
