,iteration,success,k,N,msd,prelec_gamma,s
0,0,True,2,120,0.248040766225,0.380446537131,30.0
1,1,True,2,120,0.248040766225,0.380446539427,30.0
