,iteration,success,k,N,msd,prelec_gamma,s
0,0,True,2,120,0.00527918006727,2.13728113797,30.0
1,1,True,2,120,0.00527918006599,2.13727938607,30.0
