,iteration,success,k,N,msd,prelec_gamma,s
0,0,True,2,120,3.29676456141e-07,1.1444653278,30.0
1,1,True,2,120,3.29678097868e-07,1.14438392586,29.9999999986
