,iteration,success,k,N,msd,prelec_gamma,s
0,0,True,2,120,0.0120016897404,2.68196505592,30.0
1,1,True,2,120,0.0325607946384,2.05872856848,30.0
