,iteration,success,k,N,msd,prelec_gamma,s
0,0,True,2,120,0.0354166666667,0.0296872035864,19.8756834553
1,1,True,2,120,0.0354166666667,2.63824353876,22.1309930124
