,iteration,success,k,N,msd,prelec_gamma,s
0,0,True,2,120,0.0319564978473,2.44495192504,17.1279001823
1,1,True,2,120,0.0299797135329,3.0,8.07975990677
