,iteration,success,k,N,msd,prelec_gamma,s
0,0,True,2,120,0.0166669186055,1.67289133567,30.0
1,1,True,2,120,0.0166669186055,1.67289145145,30.0
