,iteration,success,k,N,msd,prelec_gamma,s
0,0,True,2,120,0.228328194504,0.434602110086,29.9999999995
1,1,True,2,120,0.203727080501,0.01,0.283344656357
