,iteration,success,k,N,msd,prelec_gamma,s
0,0,True,2,120,0.0309184912137,2.45008809697,30.0
1,1,True,2,120,0.0190839668739,3.0,6.2187038227
