,iteration,success,k,N,msd,prelec_gamma,s
0,0,True,2,120,0.233333333336,0.0100013556746,29.9999944958
1,1,True,2,120,0.233333333336,0.0100009935246,29.9999818655
