,iteration,success,k,N,msd,prelec_gamma,s
0,0,True,2,120,0.0270833333333,0.166950879085,19.9050964569
1,1,True,2,120,0.0270833333333,0.311681311854,19.3520442926
