,iteration,success,k,N,msd,prelec_gamma,s
0,0,True,2,1200,0.00247211591353,1.28037449977,10.0
1,1,True,2,1200,0.00247211591353,1.28037427778,10.0
