,iteration,success,k,N,msd,prelec_gamma,s
0,0,True,2,120,0.000167864951289,1.14325221426,29.9999999993
1,1,True,2,120,0.000167864967121,1.14317829956,29.9999999993
