,iteration,success,k,N,msd,prelec_gamma,s
0,0,True,2,120,0.213213887078,0.01,0.337599551031
1,1,True,2,120,0.213213893001,0.0100000002903,0.337405534836
