,iteration,success,k,N,msd,prelec_gamma,s
0,0,True,2,120,0.000920951293917,1.16935231921,30.0
1,1,True,2,120,0.000920951293916,1.16935232252,30.0
