,iteration,success,k,N,msd,prelec_gamma,s
0,0,True,2,1200,0.225617296412,0.350097042653,10.0
1,1,True,2,1200,0.195486597879,0.0112445819466,0.433499993923
