,iteration,success,k,N,msd,prelec_gamma,s
0,0,True,2,120,0.0130250567487,2.67218036325,30.0
1,1,True,2,120,0.0130251759123,2.67268492263,29.9999999871
