,iteration,success,k,N,msd,prelec_gamma,s
0,0,True,2,120,0.228650557767,0.01,0.211235428852
1,1,True,2,120,0.228650557767,0.01,0.211235440527
