,iteration,success,k,N,msd,prelec_gamma,s
0,0,True,2,120,0.00625111564414,1.18039580727,30.0
1,1,True,2,120,0.00625111564414,1.18039579228,30.0
