,iteration,success,k,N,msd,prelec_gamma,s
0,0,True,2,120,0.262572292102,0.403602945761,30.0
1,1,True,2,120,0.208983435366,0.01,0.364812491644
