,iteration,success,k,N,msd,prelec_gamma,s
0,0,True,2,120,0.0245445060301,2.13992994574,30.0
1,1,True,2,120,0.0245445060301,2.13992961904,30.0
