,iteration,success,k,N,msd,prelec_gamma,s
0,0,True,2,120,0.210417817712,0.42181983039,30.0
1,1,True,2,120,0.210417817712,0.421815403994,30.0
