,iteration,success,k,N,msd,prelec_gamma,s
0,0,True,2,120,0.0354176961956,1.6294970887,30.0
1,1,True,2,120,0.0354176971341,1.6279031975,29.9999999971
