,iteration,success,k,N,msd,prelec_gamma,s
0,0,True,2,120,2.23016222221e-06,1.18378977382,30.0
1,1,True,2,120,2.23016222221e-06,1.18378975842,30.0
