,iteration,success,k,N,msd,prelec_gamma,s
0,0,True,2,120,0.188603894919,0.453810464614,29.9999999998
1,1,True,2,120,0.188603894918,0.453810033827,30.0
