,iteration,success,k,N,msd,prelec_gamma,s
0,0,True,2,120,0.00282390917449,1.21172228176,30.0
1,1,True,2,120,0.00282390973748,1.21168536185,29.9999999989
