,iteration,success,k,N,msd,prelec_gamma,s
0,0,True,2,120,1.46939740783e-06,1.25552948446,30.0
1,1,True,2,120,1.46939740643e-06,1.25552800261,30.0
