,iteration,success,k,N,msd,prelec_gamma,s
0,0,True,2,120,0.00014866313123,1.18547486926,30.0
1,1,True,2,120,0.00014866313123,1.18547487767,30.0
