,iteration,success,k,N,msd,prelec_gamma,s
0,0,True,2,120,0.198383337231,0.0364492768222,0.388825719267
1,1,True,2,120,0.218713452246,0.480846335082,29.9999999992
