,iteration,success,k,N,msd,prelec_gamma,s
0,0,True,2,120,0.256894470284,0.499882048328,30.0
1,1,True,2,120,0.256894470284,0.499882043615,30.0
