,iteration,success,k,N,msd,prelec_gamma,s
0,0,True,2,120,0.306250000003,0.0265663757373,29.9999851388
1,1,True,2,120,0.306250000003,0.0368716614969,29.9999952741
