,iteration,success,k,N,msd,prelec_gamma,s
0,0,True,2,120,0.0306625685402,1.52201957953,30.0
1,1,True,2,120,0.0306629317567,1.5169949419,29.9999999988
