,iteration,success,k,N,msd,prelec_gamma,s
0,0,True,2,120,0.025,0.854029441675,26.0984871074
1,1,True,2,120,0.025,0.537610415974,22.0512254884
