,iteration,success,k,N,msd,prelec_gamma,s
0,0,True,2,120,0.0107441131064,2.79240267127,30.0
1,1,True,2,120,0.0107441131064,2.79240267693,30.0
