,iteration,success,k,N,msd,prelec_gamma,s
0,0,True,2,120,0.252117114503,0.400647589246,30.0
1,1,True,2,120,0.252117114503,0.400647591484,29.9999999999
