,iteration,success,k,N,msd,prelec_gamma,s
0,0,True,2,120,0.180243214327,0.0371970017623,0.564143596744
1,1,True,2,120,0.180243214327,0.0371969979175,0.564143598268
