,iteration,success,k,N,msd,prelec_gamma,s
0,0,True,2,120,0.270985633295,0.402797690524,30.0
1,1,True,2,120,0.270987575144,0.404567337859,29.9999999999
