,iteration,success,k,N,msd,prelec_gamma,s
0,0,True,2,120,0.217944275669,0.424455976268,30.0
1,1,True,2,120,0.217944275669,0.424455962454,30.0
