,iteration,success,k,N,msd,prelec_gamma,s
0,0,True,2,120,0.0108951245325,2.6563164117,30.0
1,1,True,2,120,0.0108951245325,2.65631639986,30.0
