,iteration,success,k,N,msd,prelec_gamma,s
0,0,True,2,120,0.0333333333333,0.521652332139,25.4477693443
1,1,True,2,120,0.0333333333333,0.184945176157,19.8093394121
