,iteration,success,k,N,msd,prelec_gamma,s
0,0,True,2,120,0.228615428762,0.025382396973,0.226741696153
1,1,True,2,120,0.289583333336,0.0196033571928,29.9999457686
