,iteration,success,k,N,msd,prelec_gamma,s
0,0,True,2,120,0.00777481377041,1.16357064089,21.0474568783
1,1,True,2,120,0.00777481377041,1.16357064067,21.0474569799
