,iteration,success,k,N,msd,prelec_gamma,s
0,0,True,2,120,0.20303993112,0.01,0.381446724623
1,1,True,2,120,0.20303993112,0.01,0.381446724971
