,iteration,success,k,N,msd,prelec_gamma,s
0,0,True,2,120,0.237510650635,0.393458372715,30.0
1,1,True,2,120,0.212670123578,0.0129165068702,0.281709217563
