,iteration,success,k,N,msd,prelec_gamma,s
0,0,True,2,120,0.00512019955187,2.37909965034,30.0
1,1,True,2,120,0.00512019955187,2.37909966143,30.0
