,iteration,success,k,N,msd,prelec_gamma,s
0,0,True,2,120,0.00416808276865,1.1639275438,30.0
1,1,True,2,120,0.00416808276865,1.1639266167,30.0
