,iteration,success,k,N,msd,prelec_gamma,s
0,0,True,2,120,0.0108062638875,1.02645764815,30.0
1,1,True,2,120,0.0108064301204,1.02768165728,29.9999999989
