,iteration,success,k,N,msd,prelec_gamma,s
0,0,True,2,120,6.97330826182e-05,1.11468161419,30.0
1,1,True,2,120,6.97330826189e-05,1.11468180183,30.0
