,iteration,success,k,N,msd,prelec_gamma,s
0,0,True,2,120,0.187520497722,0.01,0.47580089208
1,1,True,2,120,0.23541666667,0.133279240796,29.9999984782
