,iteration,success,k,N,msd,prelec_gamma,s
0,0,True,2,120,2.24570816698e-05,1.09588623841,30.0
1,1,True,2,120,2.24570816698e-05,1.09588621977,30.0
