,iteration,success,k,N,msd,prelec_gamma,s
0,0,True,2,120,0.167699383096,0.465866066726,30.0
1,1,True,2,120,0.167699383096,0.465866085962,30.0
