,iteration,success,k,N,msd,prelec_gamma,s
0,0,True,2,120,0.0333333333333,0.149295672187,20.0892103273
1,1,True,2,120,0.0333333333333,0.0526568817033,19.9321390388
