,iteration,success,k,N,msd,prelec_gamma,s
0,0,True,2,120,0.000461751129028,1.2844014954,29.9999999981
1,1,True,2,120,0.000459596703352,1.2728167821,30.0
