,iteration,success,k,N,msd,prelec_gamma,s
0,0,True,2,120,0.0292112716805,1.64728902934,30.0
1,1,True,2,120,0.0132276549635,2.86127555178,30.0
