,iteration,success,k,N,msd,prelec_gamma,s
0,0,True,2,120,0.291666666672,0.0186557003195,29.9999966195
1,1,True,2,120,0.291666666672,0.0187417428602,29.9999930731
