,iteration,success,k,N,msd,prelec_gamma,s
0,0,True,2,120,0.209717400134,0.0234500277237,0.316514805832
1,1,True,2,120,0.209717400134,0.0234500252713,0.316514813577
