,iteration,success,k,N,msd,prelec_gamma,s
0,0,True,2,120,6.66456208576e-07,1.13446224786,30.0
1,1,True,2,120,6.67006862472e-07,1.13341505628,29.9999999993
