,iteration,success,k,N,msd,prelec_gamma,s
0,0,True,2,120,0.194645714222,0.0152561466589,0.396708542539
1,1,True,2,120,0.210188402102,0.446337885703,29.3957435636
