,iteration,success,k,N,msd,prelec_gamma,s
0,0,True,2,120,0.0125000019481,1.21794497784,29.9999999993
1,1,True,2,120,0.0125000019481,1.21794415537,29.9999999989
