,iteration,success,k,N,msd,prelec_gamma,s
0,0,True,2,120,0.187515283384,0.0349486670029,0.468931242434
1,1,True,2,120,0.206250000056,0.137279512995,29.9999998206
