,iteration,success,k,N,msd,prelec_gamma,s
0,0,True,2,120,0.210528162012,0.491071799292,30.0
1,1,True,2,120,0.176995172517,0.0394453877812,0.358401305023
