,iteration,success,k,N,msd,prelec_gamma,s
0,0,True,2,120,0.194020555413,0.01,0.453109842912
1,1,True,2,120,0.194020555413,0.01,0.453109851666
