,iteration,success,k,N,msd,prelec_gamma,s
0,0,True,2,120,0.292347221234,0.345334387517,30.0
1,1,True,2,120,0.224653104244,0.0254842239127,0.1909582282
