,iteration,success,k,N,msd,prelec_gamma,s
0,0,True,2,120,2.97816587748e-08,1.18492643025,30.0
1,1,True,2,120,2.97816587748e-08,1.18492643342,30.0
