,iteration,success,k,N,msd,prelec_gamma,s
0,0,True,2,120,0.171526098985,0.01,0.580565525814
1,1,True,2,120,0.171527713212,0.0100000000093,0.585105081807
