,iteration,success,k,N,msd,prelec_gamma,s
0,0,True,2,120,0.221155297149,0.01,0.23274517422
1,1,True,2,120,0.221155297161,0.0100000000002,0.232751794579
