,iteration,success,k,N,msd,prelec_gamma,s
0,0,True,2,1200,0.0315214010171,2.99999999982,9.99999998751
1,1,True,2,1200,0.0315214010117,2.99999999966,9.9999999973
