,iteration,success,k,N,msd,prelec_gamma,s
0,0,True,2,120,0.0158041838202,2.67631950848,30.0
1,1,True,2,120,0.0158041838202,2.67631950535,30.0
