,iteration,success,k,N,msd,prelec_gamma,s
0,0,True,2,120,0.00743300694873,1.13721508721,22.9707744066
1,1,True,2,120,0.00743300694873,1.1372150964,22.9707715297
