,iteration,success,k,N,msd,prelec_gamma,s
0,0,True,2,1200,0.0281250006065,0.0464460663743,9.99999999896
1,1,True,2,1200,0.0281250006098,0.128303065341,9.9999999998
