,iteration,success,k,N,msd,prelec_gamma,s
0,0,True,2,120,0.0270833959435,1.70065419164,29.9999999999
1,1,True,2,120,0.0270833959435,1.70065391768,29.9999999998
