,iteration,success,k,N,msd,prelec_gamma,s
0,0,True,2,120,0.0047511903054,2.41454584903,30.0
1,1,True,2,120,0.0047511903054,2.41454584982,30.0
