,iteration,success,k,N,msd,prelec_gamma,s
0,0,True,2,120,0.197650785591,0.01,0.464807930406
1,1,False,2,120,0.197650785591,0.0100000000003,0.464807959493
