,iteration,success,k,N,msd,prelec_gamma,s
0,0,True,2,120,0.00210182680846,1.07778435664,30.0
1,1,True,2,120,0.00210182680872,1.07778506361,30.0
