,iteration,success,k,N,msd,prelec_gamma,s
0,0,True,2,120,0.00504485088239,2.67831177507,30.0
1,1,True,2,120,0.00504485088239,2.67831169419,30.0
