,iteration,success,k,N,msd,prelec_gamma,s
0,0,True,2,120,0.0333333333333,1.27091587724,29.7187610714
1,1,True,2,120,0.0333333333333,1.33987198459,28.7929404967
