,iteration,success,k,N,msd,prelec_gamma,s
0,0,True,2,1200,0.202206445196,0.0100000000295,0.374779436284
1,1,True,2,1200,0.20220404188,0.01,0.378914945402
