,iteration,success,k,N,msd,prelec_gamma,s
0,0,True,2,120,0.0222560988444,2.6158246265,30.0
1,1,True,2,120,0.0222560988839,2.61587385072,30.0
