,iteration,success,k,N,msd,prelec_gamma,s
0,0,True,2,1200,0.0101566358078,1.28693938744,10.0
1,1,True,2,1200,0.0101566358078,1.2869393816,10.0
