,iteration,success,k,N,msd,prelec_gamma,s
0,0,True,2,120,0.00208495413432,1.19290514138,30.0
1,1,True,2,120,0.00208495413432,1.19290511578,30.0
