,iteration,success,k,N,msd,prelec_gamma,s
0,0,True,2,120,0.0479166666667,1.40000882952,22.8238691078
1,1,True,2,120,0.0479166666667,0.151089740103,19.3583201571
