,iteration,success,k,N,msd,prelec_gamma,s
0,0,True,2,1200,0.0153683285648,1.42824380263,10.0
1,1,True,2,1200,0.0153785585075,1.39650377754,9.99999999622
