,iteration,success,k,N,msd,prelec_gamma,s
0,0,True,2,120,0.0333910107346,1.74176138704,30.0
1,1,True,2,120,0.0333910107346,1.7417613986,30.0
