,iteration,success,k,N,msd,prelec_gamma,s
0,0,True,2,120,0.0173219681561,1.95355689101,30.0
1,1,True,2,120,0.0138089844716,2.67731606512,30.0
