,iteration,success,k,N,msd,prelec_gamma,s
0,0,True,2,120,2.33629616781e-05,1.12239119165,30.0
1,1,True,2,120,2.33629616781e-05,1.12239121232,30.0
