,iteration,success,k,N,msd,prelec_gamma,s
0,0,True,2,120,0.00232056073642,1.14606471588,30.0
1,1,True,2,120,0.00232056073641,1.14606476881,30.0
