,iteration,success,k,N,msd,prelec_gamma,s
0,0,True,2,120,0.0229248649894,1.5672238185,30.0
1,1,True,2,120,0.0229248649894,1.56722273562,30.0
