,iteration,success,k,N,msd,prelec_gamma,s
0,0,True,2,1200,0.216062676965,0.0100000000002,0.246305643205
1,1,True,2,1200,0.288346882729,0.338614971656,10.0
