,iteration,success,k,N,msd,prelec_gamma,s
0,0,True,2,1200,0.0358911230309,1.61598704878,10.0
1,1,True,2,1200,0.0358911230309,1.61598707283,10.0
