,iteration,success,k,N,msd,prelec_gamma,s
0,0,True,2,120,0.238563163125,0.424274497693,30.0
1,1,True,2,120,0.238563163125,0.424274495135,30.0
