,iteration,success,k,N,msd,prelec_gamma,s
0,0,True,2,120,0.0197753348192,2.67522757109,30.0
1,1,True,2,120,0.0185770684763,1.8300843882,30.0
