,iteration,success,k,N,msd,prelec_gamma,s
0,0,True,2,120,0.0210321276106,2.13473217164,30.0
1,1,True,2,120,0.0210321276366,2.1347263301,30.0
