,iteration,success,k,N,msd,prelec_gamma,s
0,0,True,2,120,0.253980734091,0.442924571979,30.0
1,1,True,2,120,0.253980734091,0.442924399881,30.0
