,iteration,success,k,N,msd,prelec_gamma,s
0,0,True,2,120,0.0145833333977,1.35944935454,29.999999982
1,1,True,2,120,0.0145833333977,1.35964458087,29.9999999848
