,iteration,success,k,N,msd,prelec_gamma,s
0,0,True,2,120,0.208891901709,0.01,0.362844920394
1,1,True,2,120,0.20889190171,0.0100000000002,0.362841654871
