,iteration,success,k,N,msd,prelec_gamma,s
0,0,True,2,120,0.0173276981018,2.38184247543,30.0
1,1,True,2,120,0.0173276981018,2.38184247849,30.0
