,iteration,success,k,N,msd,prelec_gamma,s
0,0,True,2,120,0.241666666667,0.303391030343,29.999995768
1,1,True,2,120,0.241666666667,0.306197709866,29.9999865424
