,iteration,success,k,N,msd,prelec_gamma,s
0,0,True,2,120,0.0208333333333,1.32005814269,29.9997195918
1,1,True,2,120,0.0208333333333,1.32329451979,29.9998195729
