,iteration,success,k,N,msd,prelec_gamma,s
0,0,False,2,120,0.0372989752071,2.99998196337,29.9985969824
1,1,True,2,120,0.037298875066,2.99999999989,29.9999999821
