,iteration,success,k,N,msd,prelec_gamma,s
0,0,True,2,120,0.0220613040172,1.92559446499,30.0
1,1,True,2,120,0.0220613040172,1.92559444884,30.0
