,iteration,success,k,N,msd,prelec_gamma,s
0,0,True,2,120,0.0173462862347,2.99999999981,29.9999999946
1,1,True,2,120,0.0173462862351,2.99999999963,29.9999999917
