,iteration,success,k,N,msd,prelec_gamma,s
0,0,True,2,120,0.0333333333333,1.00608480076,29.9950414949
1,1,True,2,120,0.0333333333333,1.00369020055,29.9950372119
