,iteration,success,k,N,msd,prelec_gamma,s
0,0,True,2,120,0.03125,0.0349207964297,19.1130761514
1,1,True,2,120,0.03125,1.33946489591,29.2145808137
