,iteration,success,k,N,msd,prelec_gamma,s
0,0,True,2,120,6.88203726753e-05,1.15491593837,30.0
1,1,False,2,120,6.88203728086e-05,1.15491757452,29.9999999923
