,iteration,success,k,N,msd,prelec_gamma,s
0,0,True,2,120,0.0107402787689,2.01229500935,30.0
1,1,True,2,120,0.0107402787689,2.01229503404,30.0
