,iteration,success,k,N,msd,prelec_gamma,s
0,0,True,2,120,0.00390664074477,1.70246170208,15.7954841332
1,1,True,2,120,0.00390664074477,1.70246170931,15.7954843312
