,iteration,success,k,N,msd,prelec_gamma,s
0,0,True,2,120,0.227122025822,0.0100000000001,0.232778337456
1,1,True,2,120,0.227122025822,0.01,0.232778693175
