,iteration,success,k,N,msd,prelec_gamma,s
0,0,True,2,120,0.00208384915633,1.24247144273,30.0
1,1,True,2,120,0.00208384915633,1.24247141627,30.0
