,iteration,success,k,N,msd,prelec_gamma,s
0,0,True,2,120,0.0167232293723,1.53302698916,29.9999999991
1,1,True,2,120,0.0167232293718,1.53303182905,30.0
