,iteration,success,k,N,msd,prelec_gamma,s
0,0,True,2,120,0.189108919246,0.0322168305881,0.361727864071
1,1,True,2,120,0.189108919246,0.0322168330384,0.361727871818
