,iteration,success,k,N,msd,prelec_gamma,s
0,0,True,2,120,0.00460344986958,1.07198074104,30.0
1,1,True,2,120,0.00460344986958,1.07198075293,30.0
