,iteration,success,k,N,msd,prelec_gamma,s
0,0,True,2,120,0.00416666782699,1.30210234434,29.9999999995
1,1,True,2,120,0.00416666782704,1.30240775996,29.9999999998
