,iteration,success,k,N,msd,prelec_gamma,s
0,0,True,2,120,0.210645500873,0.01,0.340595730077
1,1,True,2,120,0.210645500873,0.01,0.34059575438
