,iteration,success,k,N,msd,prelec_gamma,s
0,0,True,2,120,0.200579619053,0.01,0.393297126804
1,1,True,2,120,0.200579619053,0.01,0.393297141461
