,iteration,success,k,N,msd,prelec_gamma,s
0,0,True,2,1200,0.211973970167,0.366430874539,10.0
1,1,True,2,1200,0.185430218109,0.01,0.519614122447
