,iteration,success,k,N,msd,prelec_gamma,s
0,0,True,2,120,0.0166666669955,1.13456880599,29.9999999991
1,1,True,2,120,0.0166666669955,1.13489732856,29.9999999966
