,iteration,success,k,N,msd,prelec_gamma,s
0,0,True,2,120,0.0226163458351,2.53773815235,30.0
1,1,True,2,120,0.0226163458351,2.5377381703,30.0
