,iteration,success,k,N,msd,prelec_gamma,s
0,0,True,2,120,0.232475875226,0.01,0.201235578087
1,1,False,2,120,0.232475875226,0.01,0.201235546573
