,iteration,success,k,N,msd,prelec_gamma,s
0,0,True,2,120,0.154997499978,0.037584092,0.845940035355
1,1,True,2,120,0.158570802517,0.534988650939,30.0
