,iteration,success,k,N,msd,prelec_gamma,s
0,0,True,2,120,0.0225361209522,2.16720073114,29.9999999997
1,1,True,2,120,0.0225361209439,2.16718570891,30.0
