,iteration,success,k,N,msd,prelec_gamma,s
0,0,True,2,120,0.0210425105083,1.77985959731,30.0
1,1,True,2,120,0.0210425105083,1.77985959722,30.0
