,iteration,success,k,N,msd,prelec_gamma,s
0,0,True,2,120,0.00848064929131,1.43064240873,30.0
1,1,True,2,120,0.00848064929131,1.43064244436,30.0
