,iteration,success,k,N,msd,prelec_gamma,s
0,0,True,2,120,0.181665640266,0.0352042543296,0.506402637365
1,1,True,2,120,0.189615822008,0.43946561794,30.0
