,iteration,success,k,N,msd,prelec_gamma,s
0,0,True,2,120,1.81191127494e-07,1.20819919842,30.0
1,1,True,2,120,1.81191127494e-07,1.20819919872,30.0
