,iteration,success,k,N,msd,prelec_gamma,s
0,0,True,2,120,0.231250000101,0.115370556812,29.9999992521
1,1,True,2,120,0.231250000101,0.115392379935,29.9999999603
