,iteration,success,k,N,msd,prelec_gamma,s
0,0,True,2,120,0.00416789643996,1.11658211294,30.0
1,1,False,2,120,0.00416789643997,1.11658231731,29.999999987
