,iteration,success,k,N,msd,prelec_gamma,s
0,0,True,2,120,0.000513369870151,1.17734796208,30.0
1,1,True,2,120,0.000513369870151,1.17734798972,30.0
