,iteration,success,k,N,msd,prelec_gamma,s
0,0,True,2,120,0.00821127232393,2.14071975974,30.0
1,1,False,2,120,0.00821127232393,2.14071976414,30.0
