,iteration,success,k,N,msd,prelec_gamma,s
0,0,True,2,120,0.000363259104835,1.11204434087,30.0
1,1,True,2,120,0.000363259104835,1.11204433827,30.0
