,iteration,success,k,N,msd,prelec_gamma,s
0,0,True,2,120,0.190110794856,0.524281301131,30.0
1,1,True,2,120,0.172466185371,0.0205222765756,0.443726315357
