,iteration,success,k,N,msd,prelec_gamma,s
0,0,True,2,120,0.0059289189386,2.23470525404,30.0
1,1,True,2,120,0.00592891895298,2.2346873506,29.9999999999
