,iteration,success,k,N,msd,prelec_gamma,s
0,0,True,2,120,2.11082628152e-07,1.39073483529,30.0
1,1,True,2,120,2.11082628152e-07,1.39073483347,30.0
