,iteration,success,k,N,msd,prelec_gamma,s
0,0,True,2,120,0.252100975281,0.408643602664,30.0
1,1,True,2,120,0.252100975281,0.408643607629,30.0
