,iteration,success,k,N,msd,prelec_gamma,s
0,0,True,2,120,0.0107859375426,2.15058930858,30.0
1,1,True,2,120,0.0107859375426,2.15058930921,30.0
