,iteration,success,k,N,msd,prelec_gamma,s
0,0,True,2,120,0.196233165423,0.01,0.446860270916
1,1,True,2,120,0.196233367508,0.0100000000313,0.448176021134
