,iteration,success,k,N,msd,prelec_gamma,s
0,0,True,2,120,0.204166666677,0.012527012589,29.9999965396
1,1,True,2,120,0.204166666677,0.012616518715,29.9999984222
