,iteration,success,k,N,msd,prelec_gamma,s
0,0,True,2,120,0.217316324596,0.01,0.26546459684
1,1,True,2,120,0.290153697825,0.401415434248,30.0
