,iteration,success,k,N,msd,prelec_gamma,s
0,0,True,2,120,0.039641010837,1.74175873777,30.0
1,1,True,2,120,0.039641010837,1.74175885559,30.0
