,iteration,success,k,N,msd,prelec_gamma,s
0,0,True,2,120,0.0125662504164,1.48611590032,9.53157617784
1,1,True,2,120,0.0125662504164,1.48611589242,9.53157610375
