,iteration,success,k,N,msd,prelec_gamma,s
0,0,False,2,120,0.0183941118391,2.32397360361,30.0
1,1,True,2,120,0.0182206713284,1.73674568173,30.0
