,iteration,success,k,N,msd,prelec_gamma,s
0,0,True,2,120,0.206250000002,0.0192869958502,29.9999998503
1,1,True,2,120,0.188224652542,0.0199100065227,0.553329800426
