,iteration,success,k,N,msd,prelec_gamma,s
0,0,True,2,120,0.0258158715215,1.49703114926,30.0
1,1,True,2,120,0.0258158715215,1.49703249776,30.0
