,iteration,success,k,N,msd,prelec_gamma,s
0,0,True,2,120,0.00794823106026,0.976104741943,30.0
1,1,True,2,120,0.00794823106026,0.976104752533,30.0
