,iteration,success,k,N,msd,prelec_gamma,s
0,0,True,2,120,0.014583333732,1.14358504406,29.9999999993
1,1,True,2,120,0.014583333732,1.14359400957,29.9999999901
