,iteration,success,k,N,msd,prelec_gamma,s
0,0,True,2,120,0.0270833333333,1.52040823374,29.8593896705
1,1,True,2,120,0.0270833333333,1.4988717751,29.9947042734
