,iteration,success,k,N,msd,prelec_gamma,s
0,0,True,2,120,0.0189298180307,2.05241255151,29.9999999997
1,1,True,2,120,0.0189298180281,2.05239395009,30.0
