,iteration,success,k,N,msd,prelec_gamma,s
0,0,True,2,120,0.00625001177092,1.36149028647,30.0
1,1,True,2,120,0.00625001177092,1.36148990121,30.0
