,iteration,success,k,N,msd,prelec_gamma,s
0,0,True,2,120,0.184782378087,0.01,0.473333028129
1,1,True,2,120,0.203378354319,0.460131249785,30.0
