,iteration,success,k,N,msd,prelec_gamma,s
0,0,True,2,120,4.76480771117e-06,1.22084168596,30.0
1,1,True,2,120,4.7648077128e-06,1.22084233148,30.0
