,iteration,success,k,N,msd,prelec_gamma,s
0,0,True,2,120,0.226466022236,0.0158943878356,0.246585029984
1,1,True,2,120,0.226466022236,0.0158943908394,0.246585020755
