,iteration,success,k,N,msd,prelec_gamma,s
0,0,True,2,120,0.0354166666673,1.48288143321,29.9999914776
1,1,False,2,120,0.0297528889599,2.99999999698,29.9999999953
