,iteration,success,k,N,msd,prelec_gamma,s
0,0,True,2,120,0.0333333333333,0.174981799813,19.318425496
1,1,True,2,120,0.0333333333333,0.802872800043,28.8891808775
