,iteration,success,k,N,msd,prelec_gamma,s
0,0,True,2,120,0.0416666666667,0.972862946929,23.6630511306
1,1,True,2,120,0.0416666666667,0.0184049128198,20.6867543392
