,iteration,success,k,N,msd,prelec_gamma,s
0,0,True,2,120,0.0106420847595,2.41750016487,30.0
1,1,True,2,120,0.0106463004322,2.43050372837,29.9999999993
