,iteration,success,k,N,msd,prelec_gamma,s
0,0,True,2,120,0.0169248738659,2.72639124976,30.0
1,1,True,2,120,0.0169369230784,2.76959305386,29.9999999975
