,iteration,success,k,N,msd,prelec_gamma,s
0,0,True,2,120,0.0125011159767,1.33759501226,30.0
1,1,True,2,120,0.0125011159767,1.33759499496,30.0
