,iteration,success,k,N,msd,prelec_gamma,s
0,0,True,2,120,0.0242260033415,3.0,5.9380370767
1,1,True,2,120,0.0242260033415,3.0,5.93804344595
