,iteration,success,k,N,msd,prelec_gamma,s
0,0,True,2,120,0.0208334117487,1.67628472268,30.0
1,1,False,2,120,0.018966433543,2.94748992337,29.9999999999
