,iteration,success,k,N,msd,prelec_gamma,s
0,0,True,2,120,0.202083634174,0.412894565801,29.9999999993
1,1,True,2,120,0.180013481664,0.0218740225566,0.53560135051
