,iteration,success,k,N,msd,prelec_gamma,s
0,0,True,2,120,0.00416666747868,1.30908590621,29.999999986
1,1,True,2,120,0.00416666747495,1.30636307545,29.9999999992
