,iteration,success,k,N,msd,prelec_gamma,s
0,0,True,2,120,0.00338885346883,1.95390221725,30.0
1,1,True,2,120,0.0033932746919,1.94664318009,29.9999999991
