,iteration,success,k,N,msd,prelec_gamma,s
0,0,True,2,120,0.171015153027,0.0174803169068,0.458650850195
1,1,True,2,120,0.183389034866,0.484700082048,30.0
