,iteration,success,k,N,msd,prelec_gamma,s
0,0,True,2,120,0.215600081781,0.01,0.277658350252
1,1,True,2,120,0.215600081781,0.01,0.277658339134
