,iteration,success,k,N,msd,prelec_gamma,s
0,0,True,2,120,0.235416666677,0.0182296576215,29.9999990443
1,1,True,2,120,0.235416666677,0.0182145196063,29.9999949473
