,iteration,success,k,N,msd,prelec_gamma,s
0,0,True,2,120,0.010275478221,2.67147702961,30.0
1,1,True,2,120,0.010275478221,2.67147702398,30.0
