,iteration,success,k,N,msd,prelec_gamma,s
0,0,True,2,120,0.00416666803546,1.48388360866,29.9999999977
1,1,True,2,120,0.00416666803546,1.483848891,29.9999999967
