,iteration,success,k,N,msd,llh,prelec_gamma,s
0,0,True,2,300,,32.9984794297,2.99999552519,49.9999151871
