,iteration,success,k,N,msd,prelec_gamma,s
0,0,True,2,120,0.00888937650801,2.16939812608,30.0
1,1,True,2,120,0.008889376508,2.16939810305,30.0
