,iteration,success,k,N,msd,prelec_gamma,s
0,0,True,2,120,0.208379654008,0.448746429345,29.9999999999
1,1,True,2,120,0.208379654008,0.44874558089,30.0
