,iteration,success,k,N,msd,prelec_gamma,s
0,0,True,2,120,0.0166743743606,2.10666522158,30.0
1,1,True,2,120,0.0166743743606,2.10666519445,30.0
