,iteration,success,k,N,msd,prelec_gamma,s
0,0,True,2,120,0.223626571727,0.0186826130406,0.14496462694
1,1,True,2,120,0.231998709944,2.99999999998,0.0698073593986
