,iteration,success,k,N,msd,prelec_gamma,s
0,0,True,2,120,2.1419605352e-05,1.20131806431,30.0
1,1,True,2,120,2.1419605352e-05,1.20131801996,30.0
