,iteration,success,k,N,msd,prelec_gamma,s
0,0,True,2,120,0.0115259780862,2.67230904854,29.9999999907
1,1,True,2,120,0.25,0.345787651243,9.00079315174e-17
