,iteration,success,k,N,msd,prelec_gamma,s
0,0,True,2,1200,0.0251188537141,2.19641973241,10.0
1,1,True,2,1200,0.0237921997322,2.84737862891,10.0
