,iteration,success,k,N,msd,prelec_gamma,s
0,0,True,2,120,0.229166666671,0.0162131877551,29.9999981493
1,1,True,2,120,0.193833594165,0.01,0.394485561135
