,iteration,success,k,N,msd,prelec_gamma,s
0,0,True,2,120,0.0354166666667,0.827638926951,22.9681825453
1,1,True,2,120,0.0354166666667,0.0372940811607,19.0712852679
