,iteration,success,k,N,msd,prelec_gamma,s
0,0,True,2,120,8.71437465449e-06,1.15945736024,30.0
1,1,True,2,120,8.71437465449e-06,1.15945734879,30.0
