,iteration,success,k,N,msd,prelec_gamma,s
0,0,True,2,120,0.0187500000167,1.16710245571,29.9999999646
1,1,True,2,120,0.0187500000167,1.1672074367,29.9999999565
