,iteration,success,k,N,msd,prelec_gamma,s
0,0,True,2,120,0.237500000005,0.0100000127899,29.9999741225
1,1,True,2,120,0.199660170577,0.01,0.380691299088
