,iteration,success,k,N,msd,prelec_gamma,s
0,0,True,2,120,0.178637987695,0.0295110629452,0.509028001671
1,1,True,2,120,0.178637987695,0.0295110631257,0.50902799178
