,iteration,success,k,N,msd,prelec_gamma,s
0,0,True,2,120,0.0125000039383,1.15000863538,29.9999999999
1,1,True,2,120,0.0125000039383,1.15000828182,29.9999999997
