,iteration,success,k,N,msd,prelec_gamma,s
0,0,True,2,120,0.247916666667,0.253246548749,29.9999987631
1,1,True,2,120,0.247916666667,0.253440648641,29.9999320652
