,iteration,success,k,N,msd,prelec_gamma,s
0,0,True,2,1200,0.028223739891,2.9999999999,9.99999999377
1,1,True,2,1200,0.0282237398923,2.99999999992,9.99999998441
