,iteration,success,k,N,msd,prelec_gamma,s
0,0,True,2,120,0.0291666666667,0.266813287274,20.3781280925
1,1,True,2,120,0.0291666666667,0.281986215298,23.4454946727
