,iteration,success,k,N,msd,prelec_gamma,s
0,0,True,2,120,0.0114895454479,2.28670809039,30.0
1,1,True,2,120,0.0114895454479,2.28670809176,30.0
