,iteration,success,k,N,msd,prelec_gamma,s
0,0,True,2,120,0.0196021150626,2.26021836423,30.0
1,1,True,2,120,0.0196284665983,2.22657692762,29.9999999992
