,iteration,success,k,N,msd,prelec_gamma,s
0,0,True,2,120,0.316666666751,0.350099966053,29.9999999446
1,1,True,2,120,0.316666666751,0.350103785777,29.9999998217
