,iteration,success,k,N,msd,prelec_gamma,s
0,0,True,2,120,0.222512462413,0.0100000000429,0.24938716272
1,1,True,2,120,0.22251246085,0.01,0.249469749301
