,iteration,success,k,N,msd,prelec_gamma,s
0,0,True,2,120,0.016398875372,3.0,17.136448326
1,1,True,2,120,0.0163998632351,3.0,16.7368969163
