,iteration,success,k,N,msd,prelec_gamma,s
0,0,True,2,120,0.199422310344,0.01,0.414409704558
1,1,False,2,120,0.199422310344,0.01,0.414409497592
