,iteration,success,k,N,msd,prelec_gamma,s
0,0,True,2,120,0.0370128035732,1.95114304134,29.9999999997
1,1,True,2,120,0.0370128035716,1.95114018504,30.0
