,iteration,success,k,N,msd,prelec_gamma,s
0,0,True,2,120,0.116726850421,0.456079365942,30.0
1,1,True,2,120,0.11672685042,0.456081616336,30.0
