,iteration,success,k,N,msd,prelec_gamma,s
0,0,True,2,120,0.205949736444,0.01,0.412538255508
1,1,True,2,120,0.205949736444,0.01,0.412538279318
