,iteration,success,k,N,msd,prelec_gamma,s
0,0,True,2,120,0.182774580058,0.01,0.311650031459
1,1,False,2,120,0.182774580058,0.0100000000013,0.311649872913
