,iteration,success,k,N,msd,prelec_gamma,s
0,0,True,2,120,0.00865004282281,1.13558414621,15.5729483636
1,1,True,2,120,0.00865004282281,1.1355841423,15.5729486516
