,iteration,success,k,N,msd,prelec_gamma,s
0,0,True,2,120,0.0100674345254,2.67888560206,30.0
1,1,True,2,120,0.0100674345261,2.67888732168,30.0
