,iteration,success,k,N,msd,prelec_gamma,s
0,0,True,2,120,0.0147361295089,1.95515707529,29.9999999998
1,1,True,2,120,0.0147360903854,1.9558811701,30.0
