,iteration,success,k,N,msd,prelec_gamma,s
0,0,True,2,1200,0.0217010572009,2.22925726145,10.0
1,1,True,2,1200,0.0217010572009,2.22925730589,10.0
