,iteration,success,k,N,msd,prelec_gamma,s
0,0,True,2,120,0.200282204291,0.01,0.40970317534
1,1,True,2,120,0.245833451207,0.328791017,29.9999999991
