,iteration,success,k,N,msd,prelec_gamma,s
0,0,True,2,120,0.194800128212,0.01,0.446661993434
1,1,True,2,120,0.194800128212,0.01,0.446661991809
