,iteration,success,k,N,msd,prelec_gamma,s
0,0,True,2,120,0.306250000004,0.051200899596,29.9999882232
1,1,True,2,120,0.306250000004,0.0510720666834,29.9999925527
