,iteration,success,k,N,msd,prelec_gamma,s
0,0,True,2,1200,0.22597003113,0.399610345209,10.0
1,1,True,2,1200,0.196406538385,0.0268205420321,0.358960638169
