,iteration,success,k,N,msd,prelec_gamma,s
0,0,True,2,120,0.0041666681783,1.10944521271,29.9999999979
1,1,True,2,120,0.0041666681783,1.10942173904,29.9999999995
