,iteration,success,k,N,msd,prelec_gamma,s
0,0,True,2,120,0.00208333426494,1.30567417763,29.9999999994
1,1,True,2,120,0.00208333426494,1.30567490571,29.9999999992
