,iteration,success,k,N,msd,prelec_gamma,s
0,0,False,2,120,0.029332983745,2.99999999999,20.3132756935
1,1,True,2,120,0.0293329837449,3.0,20.313169012
