,iteration,success,k,N,msd,prelec_gamma,s
0,0,True,2,120,0.219460784966,0.0200533600898,0.281093053747
1,1,True,2,120,0.219460784966,0.0200533651633,0.281093051089
