,iteration,success,k,N,msd,prelec_gamma,s
0,0,True,2,120,0.0171868388657,1.87884828261,29.9999999993
1,1,True,2,120,0.0171868365449,1.8784091235,30.0
