,iteration,success,k,N,msd,prelec_gamma,s
0,0,True,2,120,0.0111587957775,2.67493963511,30.0
1,1,True,2,120,0.0111587957775,2.67493963306,30.0
