,iteration,success,k,N,msd,prelec_gamma,s
0,0,True,2,120,0.25862929155,0.36153277729,30.0
1,1,True,2,120,0.258634942704,0.359468756645,29.9999999998
