,iteration,success,k,N,msd,prelec_gamma,s
0,0,True,2,120,2.91282986864e-06,1.17262690907,30.0
1,1,True,2,120,2.91282989586e-06,1.17263287984,30.0
