,iteration,success,k,N,msd,prelec_gamma,s
0,0,True,2,120,0.0166667921304,1.20755849176,30.0
1,1,True,2,120,0.0166668137486,1.22427033907,29.9999999852
