,iteration,success,k,N,msd,prelec_gamma,s
0,0,True,2,120,0.250000000092,0.0288265863464,4.2217287123e-09
1,1,True,2,120,0.027374019993,2.67363943521,30.0
