,iteration,success,k,N,msd,prelec_gamma,s
0,0,True,2,120,3.25588569254e-05,1.1591005324,30.0
1,1,True,2,120,3.25588569254e-05,1.159100542,30.0
