,iteration,success,k,N,msd,prelec_gamma,s
0,0,True,2,120,5.33757172462e-06,1.2304067807,30.0
1,1,True,2,120,5.33757172811e-06,1.23040833932,30.0
