,iteration,success,k,N,msd,prelec_gamma,s
0,0,True,2,120,0.0208333333333,0.849023640362,25.7590491187
1,1,True,2,120,0.0208333333333,0.911008151246,25.7206363198
