,iteration,success,k,N,msd,prelec_gamma,s
0,0,True,2,120,0.0291666666667,0.144518966155,19.9485295718
1,1,True,2,120,0.0291666666667,0.785905939068,26.2253271967
