,iteration,success,k,N,msd,prelec_gamma,s
0,0,True,2,120,0.0195306128113,2.4478046051,30.0
1,1,True,2,120,0.0195306128113,2.4478059527,30.0
