,iteration,success,k,N,msd,prelec_gamma,s
0,0,True,2,120,0.00625000691181,1.29119042254,29.9999999999
1,1,True,2,120,0.00625000691181,1.29119474249,29.9999999994
