,iteration,success,k,N,msd,prelec_gamma,s
0,0,True,2,120,0.00625000930512,1.25093700814,29.9999999998
1,1,True,2,120,0.00625000930512,1.25093714808,30.0
