,iteration,success,k,N,msd,prelec_gamma,s
0,0,True,2,120,0.00416678441787,1.34239743804,29.9999999999
1,1,True,2,120,0.00416678441787,1.34239753344,30.0
