,iteration,success,k,N,msd,prelec_gamma,s
0,0,True,2,120,0.000462829414464,1.23541543274,30.0
1,1,True,2,120,0.000462829414464,1.2354154409,30.0
