,iteration,success,k,N,msd,prelec_gamma,s
0,0,True,2,120,0.200582472915,0.0166255460598,0.283856272337
1,1,True,2,120,0.200582472915,0.0166255478389,0.283856269958
