,iteration,success,k,N,msd,prelec_gamma,s
0,0,True,2,120,0.0107564872855,2.67481357774,30.0
1,1,True,2,120,0.0305350951251,1.98990789907,29.9999999938
