,iteration,success,k,N,msd,prelec_gamma,s
0,0,True,2,1200,0.0217951571573,2.23567588652,10.0
1,1,True,2,1200,0.0217951571573,2.23567590893,10.0
