,iteration,success,k,N,msd,prelec_gamma,s
0,0,True,2,120,0.0218090976416,1.86541262207,30.0
1,1,False,2,120,0.0119887391905,2.66880792651,30.0
