,iteration,success,k,N,msd,prelec_gamma,s
0,0,True,2,120,0.00416670753839,1.18084051052,30.0
1,1,True,2,120,0.00416670753839,1.18084053387,30.0
