,iteration,success,k,N,msd,prelec_gamma,s
0,0,True,2,120,0.187955821621,0.538382277867,30.0
1,1,True,2,120,0.174334594055,0.0200625428706,0.462004466982
