,iteration,success,k,N,msd,prelec_gamma,s
0,0,True,2,1200,0.0033799281421,1.22350684623,10.0
1,1,True,2,1200,0.0033799281421,1.22350683621,10.0
