,iteration,success,k,N,msd,prelec_gamma,s
0,0,True,2,1200,0.0316029131347,2.01514431204,10.0
1,1,True,2,1200,0.0314164617354,2.62220959692,10.0
