,iteration,success,k,N,msd,llh,prelec_gamma,s
0,0,True,2,600,,219.249680946,1.04358249263,19.9199953181
1,1,True,2,600,,219.249680946,1.04358249575,19.9199853314
2,2,True,2,600,,219.249680946,1.04358254794,19.9199715984
