,iteration,success,k,N,msd,prelec_gamma,s
0,0,True,2,120,0.144583333333,0.404795793705,2.20552131978e-17
1,1,True,2,120,0.00852901454371,2.0863177634,6.78566009716
2,2,True,2,120,0.00852901454371,2.08631772656,6.78565997297
