,iteration,success,k,N,msd,prelec_gamma,s
0,0,True,2,120,0.165416666667,0.963545133744,1.3433698598e-14
1,1,True,2,120,0.00872471025299,1.64562786729,8.99513680592
2,2,True,2,120,0.00872471025299,1.64562784924,8.9951370663
