,iteration,success,k,N,msd,prelec_gamma,s
0,0,True,2,120,0.0049817897759,1.75803808865,9.86958122162
1,1,True,2,120,0.0049817897759,1.75803807637,9.86958126033
2,2,True,2,120,0.17375,0.126628579101,1.42988145004e-17
