,iteration,success,k,N,msd,prelec_gamma,s
0,0,True,2,120,1.32347596319e-05,1.3704827436,10.0
1,1,True,2,120,0.21,0.913251048451,4.34927396087e-13
2,2,True,2,120,1.32347596319e-05,1.37048273102,10.0
