,iteration,success,k,N,msd,prelec_gamma,s
0,0,True,2,120,0.107916666667,0.117370991018,4.16333634234e-15
1,1,True,2,120,0.00737926118478,1.05135020037,9.99999999999
2,2,True,2,120,0.00737926744668,1.0513620043,9.99999999854
