,iteration,success,k,N,msd,prelec_gamma,s
0,0,True,2,120,0.0118421549799,1.58588620144,6.67774298831
1,1,True,2,120,0.0118421549799,1.58588619398,6.67774300726
2,2,True,2,120,0.0118421549799,1.58588620467,6.67774286485
