,iteration,success,k,N,msd,s
0,0,True,1,6000,0.219324973,0.948629200404
1,1,True,1,6000,0.219324973,0.948629420401
2,2,True,1,6000,0.219324973,0.948629346382
