,iteration,success,k,N,msd,prelec_gamma,s
0,0,True,2,120,0.0142105308655,1.28278516109,10.0
1,1,True,2,120,0.0142105308655,1.28278517753,10.0
2,2,True,2,120,0.0142105308655,1.28278517543,10.0
