,iteration,success,k,N,msd,llh,prelec_gamma,s
0,0,True,2,600,,207.03587481,1.04292136904,22.4541100489
1,1,True,2,600,,207.03587481,1.04292136931,22.4541306714
2,2,True,2,600,,415.88830835,0.483963735887,3.21691791269e-11
