,iteration,success,k,N,msd,prelec_gamma,s
0,0,True,2,120,0.00117669929773,1.55252296909,7.80770865235
1,1,True,2,120,0.00117669929773,1.55252297022,7.80770859928
2,2,True,2,120,0.188333333333,0.642928502663,5.05576824623e-18
