,iteration,success,k,N,msd,prelec_gamma,s
0,0,True,2,120,0.0298335409097,2.99999999986,2.11350399524
1,1,True,2,120,0.00646120439431,1.0535082128,9.19400603876
2,2,True,2,120,0.0298334232061,3.0,2.10789077472
