,iteration,success,k,N,msd,prelec_gamma,s
0,0,True,2,120,0.0104675288947,1.16353063911,3.65494707554
1,1,True,2,120,0.0104675288947,1.163530642,3.65494700676
2,2,True,2,120,0.10625,0.255820932483,1.83086437345e-17
