,iteration,success,k,N,msd,prelec_gamma,s
0,0,True,2,120,0.0017108491112,1.28289900609,10.0
1,1,True,2,120,0.19375,0.675843262569,6.43929354283e-15
2,2,True,2,120,0.0017108491112,1.2828990542,10.0
