,iteration,success,k,N,msd,prelec_gamma,s
0,0,True,2,120,0.180833333333,2.62318821939,1.34953561696e-17
1,1,True,2,120,0.00582446071763,0.01,2.01465965347
2,2,True,2,120,0.0058244607172,0.01,2.01465322875
