,iteration,success,k,N,msd,prelec_gamma,s
0,0,True,2,120,0.019138707924,1.96470253939,10.0
1,1,True,2,120,0.019138707924,1.96470265354,10.0
2,2,True,2,120,0.159166666667,0.21487906447,1.10758983458e-17
