,iteration,success,k,N,msd,prelec_gamma,s
0,0,True,2,120,0.162916666667,2.85557988883,2.31578386359e-12
1,1,True,2,120,0.162916666667,2.59813095411,1.3908969705e-16
2,2,True,2,120,0.0108671533047,0.01,3.07460597602
