,iteration,success,k,N,msd,llh,prelec_gamma,s
0,0,True,2,600,,332.445494148,4.99999407809,0.714366867105
1,1,True,2,600,,332.445480836,4.99999748695,0.714726815399
2,2,True,2,600,,332.445480953,4.99999792156,0.714763439228
