,iteration,success,k,N,msd,prelec_gamma,s
0,0,True,2,120,0.149166666814,2.96117671433,6.66347176042e-10
1,1,False,2,120,0.0329707182025,0.0100000000001,1.47065284176
2,2,True,2,120,0.0329707183193,0.0100000000005,1.47075685504
