,iteration,success,k,N,msd,prelec_gamma,s
0,0,True,2,120,0.000839907252566,1.75259369294,10.0
1,1,True,2,120,0.000839907252566,1.75259370897,10.0
2,2,True,2,120,0.000839907252566,1.75259368926,10.0
