,iteration,success,k,N,msd,llh,prelec_gamma,s
0,0,True,2,600,,343.957896986,4.99999855201,0.640371656553
1,1,True,2,600,,343.957896485,4.99999957616,0.640332229638
2,2,True,2,600,,343.957898566,4.9999983849,0.640274253294
