,iteration,success,k,N,msd,prelec_gamma,s
0,0,True,2,120,0.00422240984929,1.06072535556,9.99999999884
1,1,True,2,120,0.00422240984321,1.06072585606,9.99999999999
2,2,True,2,120,0.00422240984321,1.06072584526,9.99999999993
