,iteration,success,k,N,msd,prelec_gamma,s
0,0,True,2,120,0.0116561207725,1.97004467392,9.99999999987
1,1,True,2,120,0.0116561207534,1.97010800488,10.0
2,2,True,2,120,0.0116561207534,1.9701080558,10.0
