,iteration,success,k,N,msd,prelec_gamma,s
0,0,True,2,120,0.0120535142159,1.22872877007,3.28069404405
1,1,True,2,120,0.0120535142159,1.22872876975,3.28069406687
2,2,True,2,120,0.0120535142159,1.22872876363,3.28069407376
