,iteration,success,k,N,msd,llh,prelec_gamma,s
0,0,True,2,600,,415.888308336,4.89597905163,7.28306304154e-14
1,1,True,2,600,,415.888308336,2.27892888335,1.50349008707e-13
2,2,True,2,600,,415.888308336,3.99203309783,2.7215884215e-12
