,iteration,success,k,N,msd,prelec_gamma,s
0,0,True,2,120,0.00043031393548,1.37350647286,9.99999999675
1,1,True,2,120,0.000429899724819,1.37048206731,10.0
2,2,True,2,120,0.000429899724819,1.37048205319,10.0
