,iteration,success,k,N,msd,prelec_gamma,s
0,0,True,2,120,0.138333333333,2.26437217315,3.88578058619e-16
1,1,True,2,120,0.0235284170041,0.01,2.55531541812
2,2,True,2,120,0.0235284170041,0.01,2.55531718607
