,iteration,success,k,N,msd,llh,prelec_gamma,s
0,0,True,2,600,,254.570001321,1.14990445007,4.37519944062
1,1,True,2,600,,254.570001322,1.14990573337,4.37518358364
2,2,True,2,600,,254.570001321,1.14990363185,4.37524577001
