,iteration,success,k,N,msd,prelec_gamma,s
0,0,True,2,120,0.0346374853495,1.06568745568,7.53351618723
1,1,True,2,120,0.0346374853495,1.06568745421,7.53351627629
2,2,True,2,120,0.0346374853495,1.06568745463,7.53351623648
