,iteration,success,k,N,msd,llh,prelec_gamma,s
0,0,True,2,600,,276.256349076,1.13500961003,4.24712301268
1,1,True,2,600,,276.256349074,1.13501262874,4.24703876457
2,2,True,2,600,,276.256349073,1.13501086231,4.24708799024
