,iteration,success,k,N,msd,prelec_gamma,s
0,0,True,2,120,0.00225884649482,1.58588719211,6.67808370513
1,1,True,2,120,0.00225884649482,1.58588721219,6.67808365527
2,2,True,2,120,0.00225884649482,1.58588720896,6.67808364883
