,iteration,success,k,N,msd,prelec_gamma,s
0,0,True,2,120,0.144166666708,2.78370261128,2.04657573512e-10
1,1,True,2,120,0.144166666718,2.9385167588,2.53990831791e-10
2,2,True,2,120,0.144166666704,2.93191976617,1.86467317161e-10
