,iteration,success,k,N,msd,prelec_gamma,s
0,0,True,2,120,0.0183778832797,1.1148135787,4.39922882166
1,1,True,2,120,0.0183778832797,1.11481357915,4.39922889573
2,2,True,2,120,0.0183778832797,1.11481357625,4.39922895967
