,iteration,success,k,N,msd,prelec_gamma,s
0,0,True,2,120,0.0390633091237,0.01,1.86251920889
1,1,True,2,120,0.127916666667,2.99904042993,3.17864892313e-15
2,2,True,2,120,0.127916666667,2.98902744076,7.42361260704e-13
