,iteration,success,k,N,msd,prelec_gamma,s
0,0,True,2,120,0.0134537066192,1.51145609668,4.96423266313
1,1,True,2,120,0.135,0.820178841993,6.59066000725e-16
2,2,True,2,120,0.0134537066192,1.51145609517,4.96423264633
