,iteration,success,k,N,msd,prelec_gamma,s
0,0,True,2,120,0.112083333457,2.72767345861,7.4494317691e-10
1,1,True,2,120,0.0584877417032,0.01,0.179077167629
2,2,True,2,120,0.0420492878699,0.010000000001,1.42994119875
