,iteration,success,k,N,msd,prelec_gamma,s
0,0,True,2,120,0.129166666667,2.02047792088,1.14280331664e-16
1,1,False,2,120,0.0478335800687,0.01,1.57330990095
2,2,True,2,120,0.129166666667,2.91249794744,2.23395004483e-13
