,iteration,success,k,N,msd,prelec_gamma,s
0,0,True,2,120,0.0198280266881,1.31544843254,3.37447670223
1,1,True,2,120,0.0198280266881,1.31544843088,3.3744767717
2,2,True,2,120,0.0198280266881,1.31544842592,3.37447678749
