,iteration,success,k,N,msd,llh,prelec_gamma,s
0,0,True,2,600,,415.888308586,0.611233648604,2.89023084705e-09
1,1,True,2,600,,403.853809062,4.99994933023,0.225063945938
2,2,True,2,600,,403.85380842,4.99996009933,0.225054383405
