,iteration,success,k,N,msd,prelec_gamma,s
0,0,True,2,120,0.00309894983364,1.30806010795,6.80020725858
1,1,True,2,120,0.00309894983364,1.3080601101,6.80020716943
2,2,True,2,120,0.170833333333,0.451576106448,2.67206019759e-17
