,iteration,success,k,N,msd,prelec_gamma,s
0,0,True,2,120,0.00432237415722,1.17559371342,4.20190187934
1,1,True,2,120,0.00432237415722,1.17559371239,4.20190193019
2,2,True,2,120,0.00432237415722,1.17559370786,4.20190191615
