,iteration,success,k,N,msd,prelec_gamma,s
0,0,True,2,120,0.000423240586012,1.75259369802,10.0
1,1,True,2,120,0.000423240586012,1.752593692,10.0
2,2,True,2,120,0.000423306140471,1.75027998508,9.99999999972
