,iteration,success,k,N,msd,prelec_gamma,s
0,0,True,2,120,0.0189888559335,1.05700066928,7.56274377223
1,1,True,2,120,0.0189888559335,1.05700066963,7.56274371871
2,2,True,2,120,0.0189888559335,1.05700066822,7.56274384548
