,iteration,success,k,N,msd,prelec_gamma,s
0,0,True,2,120,0.0110622225272,1.10133129705,5.0976045398
1,1,True,2,120,0.0110622225272,1.10133129921,5.09760440523
2,2,True,2,120,0.0110622225272,1.10133129742,5.09760455413
