,iteration,success,k,N,msd,llh,prelec_gamma,s
0,0,True,2,600,,214.26011631,1.04542204616,19.0395087908
1,1,True,2,600,,214.260116311,1.04542210274,19.0394838417
2,2,True,2,600,,214.26011631,1.04542207382,19.0395338897
