,iteration,success,k,N,msd,prelec_gamma,s
0,0,True,2,120,0.0933333333333,0.452364913468,4.71844785466e-15
1,1,True,2,120,0.0933333333333,0.1334639411,1.35853940018e-17
2,2,True,2,120,0.00183574656342,1.16735640531,3.1566503902
