,iteration,success,k,N,msd,s
0,0,True,1,120,0.00703803383132,6.88373475419
1,1,True,1,120,0.00703803383132,6.88373478783
2,2,True,1,120,0.00703803383132,6.88373474545
