,iteration,success,k,N,msd,prelec_gamma,s
0,0,True,2,120,0.00436446763514,1.13863730074,5.12950863315
1,1,True,2,120,0.00436446763514,1.13863730476,5.12950854356
2,2,True,2,120,0.00436446763514,1.13863730347,5.12950863273
