,iteration,success,k,N,msd,prelec_gamma,s
0,0,True,2,120,0.00580804359465,1.64562781057,8.99513764751
1,1,True,2,120,0.00580804359465,1.64562782784,8.99513747879
2,2,True,2,120,0.00580804359465,1.64562781977,8.99513765244
