,iteration,success,k,N,msd,prelec_gamma,s
0,0,True,2,120,0.0173614347832,1.42419867681,7.50700079481
1,1,True,2,120,0.0173614347832,1.42419867148,7.50700050216
2,2,True,2,120,0.0173614347832,1.424198662,7.50700066628
