,iteration,success,k,N,msd,prelec_gamma,s
0,0,True,2,120,0.165416666667,0.224204197266,6.77944832765e-18
1,1,True,2,120,0.00872471025299,1.64562787324,8.99513671924
2,2,True,2,120,0.00872471025299,1.64562786358,8.99513687239
