,iteration,success,k,N,msd,prelec_gamma,s
0,0,True,2,120,0.00654588400655,1.09543405104,5.46105995391
1,1,True,2,120,0.101666666667,0.693640705357,3.76812993545e-17
2,2,True,2,120,0.00654588400655,1.09543405296,5.46105986826
