,iteration,success,k,N,msd,prelec_gamma,s
0,0,False,2,120,0.00208333341217,1.52113763797,19.4421185116
1,1,False,2,120,0.00208333340452,1.51936276181,19.5334456346
2,2,False,2,120,0.00208333340875,1.52027113231,19.4864253597
