,iteration,success,k,N,msd,prelec_gamma,s
0,0,True,2,120,0.210833333333,0.248598811805,8.32667268469e-15
1,1,True,2,120,0.000423240586012,1.7525936705,10.0
2,2,True,2,120,0.000423240586012,1.75259369163,10.0
