,iteration,success,k,N,msd,llh,prelec_gamma,s
0,0,True,2,600,,303.383217214,1.06492699335,7.22904168232
1,1,True,2,600,,346.281021869,2.94858408961,0.628582303469
2,2,True,2,600,,346.281021868,2.94854140319,0.628580853569
