,iteration,success,k,N,msd,prelec_gamma,s
0,0,True,2,120,0.157083333333,2.85792089308,9.31424970226e-15
1,1,True,2,120,0.15708333346,2.83543813262,6.16735970465e-10
2,2,True,2,120,0.157083333334,2.72159496174,5.4643551841e-12
