,iteration,success,k,N,msd,prelec_gamma,s
0,0,True,2,120,0.00680998887057,1.09207788075,5.80242261578
1,1,True,2,120,0.00680998887057,1.09207788082,5.80242262897
2,2,True,2,120,0.1075,0.831739991469,2.08166817117e-15
