,iteration,success,k,N,msd,prelec_gamma,s
0,0,True,2,120,0.00708861131006,1.14488653799,3.95597230373
1,1,True,2,120,0.00708861131006,1.14488654239,3.95597224109
2,2,True,2,120,0.102916666667,0.697455401749,2.08166817117e-15
