,iteration,success,k,N,msd,prelec_gamma,s
0,0,True,2,120,0.210833333333,0.379862173454,3.88578058619e-16
1,1,True,2,120,0.000409964671327,1.71090316979,10.582509162
2,2,True,2,120,0.000409964671327,1.71090315646,10.582509269
