,iteration,success,k,N,msd,prelec_gamma,s
0,0,True,2,120,0.000808043627979,1.64562765024,8.99514078529
1,1,True,2,120,0.000808043627979,1.64562765836,8.99514065978
2,2,True,2,120,0.000808043627979,1.64562763754,8.99514094936
