,iteration,success,k,N,msd,prelec_gamma,s
0,0,True,2,120,0.0381800788349,0.01,2.2281488214
1,1,True,2,120,0.132916666667,2.90206063866,3.83406603357e-12
2,2,True,2,120,0.0381800788349,0.0100000000001,2.22814663635
