,iteration,success,k,N,msd,prelec_gamma,s
0,0,True,2,120,0.0679554855318,0.01,1.74598484032
1,1,True,2,120,0.0679554855318,0.01,1.7459848263
2,2,True,2,120,0.0679554855319,0.01,1.74598359171
