,iteration,success,k,N,msd,llh,prelec_gamma,s
0,0,True,2,600,,283.053762844,1.07386833648,7.14290361229
1,1,True,2,600,,283.053762843,1.07386803084,7.14293609835
2,2,True,2,600,,283.053762848,1.07386819907,7.14294741358
