,iteration,success,k,N,msd,prelec_gamma,s
0,0,True,2,120,0.0210036701952,2.25582813901,10.0
1,1,True,2,120,0.0210036701952,2.25582812777,10.0
2,2,True,2,120,0.0210036701952,2.2558281355,10.0
