,iteration,success,k,N,msd,prelec_gamma,s
0,0,True,2,120,0.0310284169963,0.01,2.55531710306
1,1,True,2,120,0.145833333334,2.67873575715,8.71811581232e-13
2,2,True,2,120,0.145833333335,2.71413812785,8.13796063914e-12
