,iteration,success,k,N,msd,prelec_gamma,s
0,0,True,2,120,0.00107638704268,1.31088898321,5.9414687428
1,1,True,2,120,0.00107638704268,1.31088898363,5.9414687138
2,2,True,2,120,0.00107638704268,1.31088899265,5.94146870336
