,iteration,success,k,N,msd,prelec_gamma,s
0,0,True,2,120,0.00837800826477,1.10572043607,4.71686498796
1,1,True,2,120,0.00837800826477,1.10572043407,4.71686503034
2,2,True,2,120,0.00837800826477,1.10572043414,4.71686501129
