,iteration,success,k,N,msd,prelec_gamma,s
0,0,True,2,120,0.137083333333,2.88295735012,6.06720552102e-15
1,1,True,2,120,0.137083333339,2.94455087643,3.39847189056e-11
2,2,True,2,120,0.137083333333,1.98385624387,2.63122856836e-14
