,iteration,success,k,N,msd,prelec_gamma,s
0,0,True,2,120,0.116666666667,2.18041688725,7.99747735387e-17
1,1,True,2,120,0.0460416666666,0.579554976093,9.90606847927
2,2,True,2,120,0.116666666695,2.82243883096,1.63944142152e-10
