,iteration,success,k,N,msd,prelec_gamma,s
0,0,True,2,120,0.00478866196546,1.14708777164,5.18569589423
1,1,True,2,120,0.131666666667,0.663384521194,2.66208224812e-16
2,2,True,2,120,0.00478866196546,1.14708776865,5.18569595928
