,iteration,success,k,N,msd,llh,prelec_gamma,s
0,0,True,2,600,,342.500287629,4.99999751228,0.649661732481
1,1,True,2,600,,342.500288585,4.99999629028,0.649613683392
2,2,True,2,600,,342.500554917,4.99999693944,0.6481789029
