,iteration,success,k,N,msd,prelec_gamma,s
0,0,True,2,120,0.0170835304071,0.0100000000001,4.75991438829
1,1,True,2,120,0.0170835304071,0.0100000000016,4.75991439128
2,2,True,2,120,0.0170835304071,0.0100000000009,4.75991440556
