,iteration,success,k,N,msd,llh,prelec_gamma,s
0,0,True,2,600,,254.518520526,1.06434737412,9.52844603114
1,1,True,2,600,,254.518520527,1.06434751744,9.52838853912
2,2,True,2,600,,254.518520527,1.06434747204,9.52843585282
