,iteration,success,k,N,msd,llh,prelec_gamma,s
0,0,True,2,600,,252.173456892,1.12936208974,5.01101024
1,1,True,2,600,,252.173456892,1.12936191823,5.01098764368
2,2,True,2,600,,252.173456892,1.12936132745,5.01101137707
