,iteration,success,k,N,msd,llh,prelec_gamma,s
0,0,True,2,600,,261.943313198,1.11215631072,5.39277191263
1,1,True,2,600,,261.943313203,1.11215515234,5.39275430935
2,2,True,2,600,,261.943313197,1.11215534228,5.39278657766
