,iteration,success,k,N,msd,prelec_gamma,s
0,0,True,2,120,0.00987291513362,1.57213121163,5.75282636293
1,1,True,2,120,0.00987291513362,1.5721312027,5.75282633953
2,2,True,2,120,0.1475,0.486839532192,2.26178752646e-17
