,iteration,success,k,N,msd,prelec_gamma,s
0,0,True,2,120,0.0578133046594,0.010000000002,1.86277729915
1,1,True,2,120,0.121666666667,2.58536840526,9.32692466525e-17
2,2,False,2,120,0.0578133043068,0.01,1.86251587755
