,iteration,success,k,N,msd,prelec_gamma,s
0,0,True,2,120,0.0381800788349,0.01,2.22814884612
1,1,True,2,120,0.132916666667,2.98513662946,4.01429912319e-15
2,2,True,2,120,0.132916666667,1.69731168169,1.46753346268e-16
