,iteration,success,k,N,msd,llh,prelec_gamma,s
0,0,True,2,600,,311.341030069,1.09632735171,4.70858111817
1,1,True,2,600,,311.341030062,1.09632824657,4.70859719139
2,2,True,2,600,,311.341030063,1.09632737162,4.70860638497
