,iteration,success,k,N,msd,prelec_gamma,s
0,0,True,2,120,0.0716666666667,0.886787669862,1.2267400823e-13
1,1,True,2,120,0.0208266102326,3.0,1.2420619475
2,2,True,2,120,0.00150734548161,1.06386569851,6.34074791698
