,iteration,success,k,N,msd,prelec_gamma,s
0,0,True,2,120,0.183333333333,0.179287010475,4.0656689506e-18
1,1,True,2,120,0.183333333333,0.715349231911,4.66293670343e-15
2,2,True,2,120,0.00159344450876,1.69308874846,8.13620874301
