,iteration,success,k,N,msd,prelec_gamma,s
0,0,True,2,120,0.00787125354341,1.18401050482,4.11208110753
1,1,True,2,120,0.00787125354341,1.18401050523,4.11208109066
2,2,True,2,120,0.00787125354341,1.1840105088,4.11208107365
