,iteration,success,k,N,msd,prelec_gamma,s
0,0,True,2,120,0.0256117503336,0.01,2.5553170923
1,1,True,2,120,0.0256117503336,0.0100000000034,2.55531354692
2,2,True,2,120,0.0256117503336,0.01,2.55531798612
