,iteration,success,k,N,msd,prelec_gamma,s
0,0,True,2,120,0.010611799468,0.0100000003727,2.56104728222
1,1,True,2,120,0.167083333333,2.41054964711,4.26129557028e-16
2,2,True,2,120,0.167083333333,2.30446565307,9.13391466716e-17
