,iteration,success,k,N,msd,prelec_gamma,s
0,0,True,2,120,0.104166666667,1.7914699686,4.73951657337e-17
1,1,True,2,120,0.0954540931395,0.01,1.65196201137
2,2,True,2,120,0.104166666667,2.80634504897,1.11036059288e-16
