,iteration,success,k,N,msd,prelec_gamma,s
0,0,True,2,120,0.00416667098128,0.0100000000062,6.02839168598
1,1,True,2,120,0.205833333333,2.97029134694,3.48142415959e-14
2,2,True,2,120,0.00416667098128,0.0100000000899,6.02838847278
