,iteration,success,k,N,msd,prelec_gamma,s
0,0,True,2,120,0.189166666667,0.83302711573,2.15016228538e-16
1,1,True,2,120,0.00208837437143,1.47276863711,10.0
2,2,True,2,120,0.00208837437145,1.47276797986,9.99999999987
