,iteration,success,k,N,msd,prelec_gamma,s
0,0,False,2,120,0.000416666684302,1.85296139229,23.9306194779
1,1,True,2,120,0.234166666667,0.186182515576,7.59392548844e-14
2,2,False,2,120,0.000416666684886,1.85284981866,23.9328264012
