,iteration,success,k,N,msd,prelec_gamma,s
0,0,True,2,120,8.56291517164e-12,1.220350131,29.9999999999
1,1,False,2,120,8.5629795967e-12,1.22035014334,29.9999928729
2,2,True,2,120,0.20875,0.939233098531,1.00003140886e-12
