,iteration,success,k,N,msd,prelec_gamma,s
0,0,True,2,120,0.00208333764795,0.010000000513,6.02839275808
1,1,True,2,120,0.212083333333,2.96173919892,0.0
2,2,True,2,120,0.00208333764795,0.010000000022,6.02839170123
