,iteration,success,k,N,msd,prelec_gamma,s
0,0,True,2,120,0.00223336225917,1.14507076523,6.05022693351
1,1,True,2,120,0.00223336225917,1.14507076856,6.05022683634
2,2,True,2,120,0.14125,0.0308794210752,2.16493489802e-15
