,iteration,success,k,N,msd,prelec_gamma,s
0,0,True,2,120,0.0203133155976,0.01,1.86252535877
1,1,True,2,120,0.0203133155976,0.01,1.86252535704
2,2,False,2,120,0.0203133155977,0.0100000000003,1.86252372775
