,iteration,success,k,N,msd,prelec_gamma,s
0,0,True,2,120,0.0741666666667,0.354774196707,2.86171274953e-17
1,1,True,2,120,0.00960676065328,1.07602905644,5.07348133848
2,2,True,2,120,0.0741666666667,0.380839205001,3.09526138617e-17
