,iteration,success,k,N,msd,prelec_gamma,s
0,0,True,2,120,0.0191609422219,1.75056140669,10.0
1,1,True,2,120,0.0191609422219,1.75056135969,10.0
2,2,True,2,120,0.0191609422219,1.7505613775,10.0
