,iteration,success,k,N,msd,llh,prelec_gamma,s
0,0,True,2,600,,791.766137775,0.753939756138,13.1086110491
1,1,True,2,600,,331.769336211,0.0100014251001,0.188324874425
2,2,True,2,600,,415.888327052,4.99511859535,9.43705323977e-08
