,iteration,success,k,N,msd,prelec_gamma,s
0,0,True,2,120,0.139583333333,2.30553531956,5.29483929518e-17
1,1,True,2,120,0.139583333358,2.96303487531,1.33111737028e-10
2,2,True,2,120,0.139583333333,2.59244125921,2.73655369409e-17
