,iteration,success,k,N,msd,prelec_gamma,s
0,0,True,2,120,0.00161330737488,1.85741059382,1.18853020167
1,1,True,2,120,0.0829166666667,0.257264046858,1.69864122768e-14
2,2,True,2,120,0.00161330737488,1.85741057621,1.18853021199
