,iteration,success,k,N,msd,prelec_gamma,s
0,0,True,2,120,0.0140134725255,0.0100000000393,2.22325862469
1,1,True,2,120,0.15875,2.94270031291,2.70953589806e-13
2,2,True,2,120,0.15875,2.24158243674,9.64768950613e-17
