,iteration,success,k,N,msd,prelec_gamma,s
0,0,True,2,120,0.153750000001,2.9590510238,2.76718620966e-12
1,1,True,2,120,0.15375,2.96687661223,1.35769132063e-17
2,2,True,2,120,0.15375,1.68949409695,4.52589852215e-17
