,iteration,success,k,N,msd,prelec_gamma,s
0,0,True,2,120,0.00433857548005,1.09422706965,9.70958287149
1,1,True,2,120,0.00433857548005,1.09422706885,9.70958301591
2,2,True,2,120,0.00433857548005,1.09422707106,9.70958275153
