,iteration,success,k,N,msd,llh,prelec_gamma,s
0,0,True,2,600,,304.487993828,1.08478842037,5.54143098142
1,1,True,2,600,,304.487993828,1.08478875852,5.54140088418
2,2,True,2,600,,304.487993829,1.0847882548,5.5413896673
