,iteration,success,k,N,msd,prelec_gamma,s
0,0,True,2,120,0.00361280381019,1.09497543401,10.0
1,1,True,2,120,0.0036128038102,1.09497542589,10.0
2,2,True,2,120,0.0036128038102,1.0949754766,10.0
