,iteration,success,k,N,msd,prelec_gamma,s
0,0,True,2,120,0.0154168637405,0.0100000000002,4.75991434324
1,1,True,2,120,0.0154168637405,0.0100000000141,4.7599085196
2,2,True,2,120,0.0154168640326,0.0100000012667,4.75901447275
