,iteration,success,k,N,msd,prelec_gamma,s
0,0,True,2,120,0.0146345161391,1.0383631819,13.9937401212
1,1,True,2,120,0.0146345161391,1.03836318185,13.9937399249
2,2,True,2,120,0.0146345161391,1.0383631816,13.9937404117
