,iteration,success,k,N,msd,llh,prelec_gamma,s
0,0,True,2,600,,364.489815301,4.99999764642,0.511018832523
1,1,True,2,600,,364.489821567,4.99998679961,0.510955619397
2,2,True,2,600,,364.489816659,4.99999861446,0.51092892515
