,iteration,success,k,N,msd,prelec_gamma,s
0,0,True,2,120,0.0433244564259,0.01,2.01464251137
1,1,True,2,120,0.135000000003,2.77502678935,1.97983766927e-11
2,2,True,2,120,0.135,2.94285107024,7.15559400329e-13
