,iteration,success,k,N,msd,prelec_gamma,s
0,0,True,2,120,0.0501011722275,0.0100000000001,1.72879939096
1,1,True,2,120,0.0983333333333,2.96346128793,7.05114480801e-14
2,2,True,2,120,0.0983333333333,1.80704736343,0.0
