,iteration,success,k,N,msd,prelec_gamma,s
0,0,True,2,120,0.00920123131719,1.26423661761,3.36495097687
1,1,True,2,120,0.00920123131719,1.26423661889,3.36495101237
2,2,True,2,120,0.00920123131719,1.26423662018,3.36495102913
