,iteration,success,k,N,msd,prelec_gamma,s
0,0,True,2,120,0.00304000416515,1.51286360418,4.97215639566
1,1,True,2,120,0.00304000416515,1.51286360263,4.97215625515
2,2,True,2,120,0.00304000416515,1.51286359573,4.97215630978
