,iteration,success,k,N,msd,llh,prelec_gamma,s
0,0,True,2,600,,235.676525805,1.10458095434,6.53371702332
1,1,True,2,600,,235.676525808,1.10458113224,6.53373727263
2,2,True,2,600,,235.676525805,1.10458094114,6.53369067891
