,iteration,success,k,N,msd,prelec_gamma,s
0,0,True,2,120,0.144166666667,2.87799978427,1.06274643629e-12
1,1,True,2,120,0.0375034472915,0.0100000000013,3.81250585279
2,2,True,2,120,0.0375034472915,0.0100000000002,3.81250576319
