,iteration,success,k,N,msd,prelec_gamma,s
0,0,True,2,120,0.16875,2.95028572288,5.60648747184e-14
1,1,True,2,120,0.012278417016,0.01,2.55531717149
2,2,True,2,120,0.012278417016,0.01,2.55531711522
