,iteration,success,k,N,msd,prelec_gamma,s
0,0,True,2,120,0.10875,0.17236761813,0.0
1,1,True,2,120,0.00927680325142,1.08120940867,6.62266970485
2,2,True,2,120,0.00927680325142,1.08120941031,6.62266967136
