,iteration,success,k,N,msd,prelec_gamma,s
0,0,True,2,120,0.00286183787954,1.07412727184,6.58931525094
1,1,True,2,120,0.00286183787954,1.07412727062,6.58931532752
2,2,True,2,120,0.00286183787954,1.07412727312,6.58931507783
