,iteration,success,k,N,msd,prelec_gamma,s
0,0,True,2,120,0.112083333335,2.73103644292,1.28240665401e-11
1,1,True,2,120,0.112083333334,2.91385474335,8.55674694847e-12
2,2,True,2,120,0.112083333344,2.73128732135,9.71868538363e-11
