,iteration,success,k,N,msd,prelec_gamma,s
0,0,True,2,120,0.00636397482208,1.07793847914,9.99999999993
1,1,True,2,120,0.00636397482179,1.0779382062,9.99999999999
2,2,True,2,120,0.00636397482179,1.07793822693,9.99999999999
