,iteration,success,k,N,msd,prelec_gamma,s
0,0,True,2,120,0.0124298311038,1.62391996424,3.0290478935
1,1,True,2,120,0.0124298311038,1.62391996557,3.02904791608
2,2,True,2,120,0.0124298311038,1.62391997207,3.02904789888
