,iteration,success,k,N,msd,prelec_gamma,s
0,0,True,2,120,0.00991644952996,1.05298458232,9.99999999716
1,1,True,2,120,0.00991639423605,1.05302198695,10.0
2,2,True,2,120,0.00991639423604,1.0530219666,10.0
