,iteration,success,k,N,msd,prelec_gamma,s
0,0,True,2,120,0.132083333356,2.80933314411,1.49396759723e-10
1,1,True,2,120,0.0487411226635,0.01,2.01464420673
2,2,True,2,120,0.132083333333,2.7356035629,7.78035851015e-13
