,iteration,success,k,N,msd,prelec_gamma,s
0,0,True,2,120,0.0177634124387,0.01,2.22814941056
1,1,True,2,120,0.154166666746,2.92894025556,3.50107987418e-10
2,2,True,2,120,0.154166666667,1.78642104736,8.881784197e-16
