,iteration,success,k,N,msd,prelec_gamma,s
0,0,True,2,120,0.00167170776225,1.47276866297,10.0
1,1,True,2,120,0.197083333333,0.120324828037,1.42108547152e-14
2,2,True,2,120,0.00167170776233,1.47276711165,9.99999999925
