,iteration,success,k,N,msd,prelec_gamma,s
0,0,True,2,120,0.000248517145522,1.29232606122,8.42751444698
1,1,True,2,120,0.000248517145522,1.29232606141,8.42751453376
2,2,True,2,120,0.000248517145522,1.29232606338,8.42751450757
