,iteration,success,k,N,msd,prelec_gamma,s
0,0,True,2,120,0.0108367806248,0.01,3.81250577178
1,1,True,2,120,0.184166666953,2.54945088427,1.07111925374e-09
2,2,True,2,120,0.0108367806248,0.0100000000001,3.81250572882
