,iteration,success,k,N,msd,prelec_gamma,s
0,0,True,2,120,0.0129089825084,1.10774696633,3.57963056031
1,1,True,2,120,0.0129089825084,1.10774696621,3.57963056567
2,2,True,2,120,0.0129089825084,1.10774696575,3.57963058444
