,iteration,success,k,N,msd,prelec_gamma,s
0,0,True,2,120,0.000423240722912,1.75269969044,9.99999999973
1,1,True,2,120,0.000423244165186,1.75205208214,9.99999999861
2,2,True,2,120,0.000423240586012,1.75259369887,10.0
