,iteration,success,k,N,msd,prelec_gamma,s
0,0,True,2,120,0.119166666667,2.84455424062,4.89690240388e-15
1,1,True,2,120,0.0356249963459,0.397529386575,3.6190412686
2,2,True,2,120,0.0356249963459,0.39752936071,3.61904107228
