,iteration,success,k,N,msd,prelec_gamma,s
0,0,True,2,120,0.0725,0.691169815311,3.10862446895e-15
1,1,True,2,120,0.00392317024595,1.03666533176,9.76332012684
2,2,True,2,120,0.00392317024595,1.03666533166,9.76332034616
