,iteration,success,k,N,msd,prelec_gamma,s
0,0,True,2,120,0.0058594118706,1.54103689406,1.27467839988
1,1,True,2,120,0.0841666666667,0.779844115904,8.54871728961e-15
2,2,True,2,120,0.0058594118706,1.54103689447,1.27467839697
