,iteration,success,k,N,msd,prelec_gamma,s
0,0,True,2,120,0.135833333333,0.0564267885404,8.76746214683e-18
1,1,True,2,120,0.0133893968535,1.3510459042,3.37129391728
2,2,True,2,120,0.0133893968535,1.3510458996,3.37129393705
