,iteration,success,k,N,msd,prelec_gamma,s
0,0,True,2,120,0.0145580435697,1.64562791433,8.99513595858
1,1,True,2,120,0.154583333333,0.895020583442,4.51571106318e-13
2,2,True,2,120,0.0145580435697,1.64562795162,8.99513518506
