,iteration,success,k,N,msd,prelec_gamma,s
0,0,True,2,120,0.00528972588724,1.57220854513,5.75392839838
1,1,True,2,120,0.00528972588724,1.57220854333,5.75392836729
2,2,True,2,120,0.00528972588724,1.57220854991,5.75392841529
