,iteration,success,k,N,msd,prelec_gamma,s
0,0,False,2,120,8.99650811854e-12,0.010000821222,8.0784607365
1,1,True,2,120,0.242083333333,2.57170370962,1.07557909155e-17
2,2,False,2,120,2.68631177403e-11,0.0874976106505,8.70705731589
