,iteration,success,k,N,msd,prelec_gamma,s
0,0,False,2,120,0.000416666720114,1.60415759281,20.1111383704
1,1,False,2,120,0.000416666744417,1.61129091936,19.8298397146
2,2,False,2,120,0.000416666716692,1.60312812817,20.1526478945
