,iteration,success,k,N,msd,prelec_gamma,s
0,0,True,2,120,0.110416666667,2.94894481549,4.7509557154e-13
1,1,True,2,120,0.0808799965274,0.0100000000001,1.86434387078
2,2,True,2,120,0.0808799965274,0.01,1.86434387719
