,iteration,success,k,N,msd,prelec_gamma,s
0,0,True,2,120,0.129166666667,0.0601060019978,1.42045051933e-18
1,1,True,2,120,0.129166666667,0.252566176674,4.85129879807e-18
2,2,True,2,120,0.0122428532897,1.28524941528,4.09820219993
