,iteration,success,k,N,msd,llh,prelec_gamma,s
0,0,True,2,600,,185.276851297,1.04884962639,19.9328895046
1,1,True,2,600,,185.276851297,1.04884959633,19.9329135106
2,2,True,2,600,,185.276851297,1.04884954612,19.9329488946
