,iteration,success,k,N,msd,prelec_gamma,s
0,0,True,2,120,0.0052479024936,1.10307425004,5.22320398527
1,1,True,2,120,0.0052479024936,1.10307424794,5.22320411381
2,2,True,2,120,0.0052479024936,1.10307424812,5.22320406164
