,iteration,success,k,N,msd,prelec_gamma,s
0,0,True,2,120,0.189583333333,1.8464111819,3.7008138591e-17
1,1,True,2,120,0.00420048667522,0.0100000000015,3.07481017461
2,2,True,2,120,0.189583333333,2.40172562397,1.0449409434e-17
