,iteration,success,k,N,msd,prelec_gamma,s
0,0,True,2,120,0.0260284170002,0.01,2.55531711272
1,1,True,2,120,0.140833333333,2.60895397556,8.5704487049e-18
2,2,True,2,120,0.0260284170007,0.0100000000005,2.55529993608
