,iteration,success,k,N,msd,s
0,0,True,1,6000,0.227479207254,1.0505288255
1,1,True,1,6000,0.337468950734,29.9999999997
2,2,True,1,6000,0.337468950736,29.9999999904
