,iteration,success,k,N,msd,prelec_gamma,s
0,0,True,2,120,0.00595338579919,1.18183459509,2.8237575272
1,1,True,2,120,0.00595338579919,1.18183459127,2.82375759117
2,2,True,2,120,0.0933333333333,0.935571965274,1.84297022088e-14
