,iteration,success,k,N,msd,prelec_gamma,s
0,0,True,2,120,0.00167170776225,1.47276866542,10.0
1,1,True,2,120,0.00167170776225,1.47276865243,10.0
2,2,True,2,120,0.00167170776259,1.4727654932,9.99999999905
