,iteration,success,k,N,msd,prelec_gamma,s
0,0,True,2,120,0.00230331473981,1.09880450787,5.51826109293
1,1,True,2,120,0.00230331473981,1.09880450611,5.518261124
2,2,True,2,120,0.104166666667,0.289763306026,2.02615701994e-14
