,iteration,success,k,N,msd,prelec_gamma,s
0,0,True,2,120,0.00756128181927,1.10498509834,4.98363833039
1,1,True,2,120,0.00756128181927,1.10498510133,4.98363823403
2,2,True,2,120,0.00756128181927,1.10498509996,4.98363823762
