,iteration,success,k,N,msd,prelec_gamma,s
0,0,True,2,120,0.0140253272823,1.72062960933,7.52881229288
1,1,True,2,120,0.0140253272823,1.72062961531,7.52881233826
2,2,True,2,120,0.0140253272823,1.72062962854,7.52881227958
