,iteration,success,k,N,msd,prelec_gamma,s
0,0,True,2,120,0.104166666667,2.92591553649,5.96896144502e-12
1,1,True,2,120,0.104166666667,2.09388757596,5.87062958298e-12
2,2,True,2,120,0.104166666745,2.9055567562,5.97747615797e-10
