,iteration,success,k,N,msd,prelec_gamma,s
0,0,True,2,120,0.09125,1.93008126997,2.81025203108e-16
1,1,True,2,120,0.0912500012903,2.83879603417,1.10416377334e-08
2,2,True,2,120,0.0912500003457,2.60347394936,2.97058097196e-09
