,iteration,success,k,N,msd,llh,prelec_gamma,s
0,0,True,2,600,,188.087786136,1.04929251221,19.2885183503
1,1,True,2,600,,188.087786136,1.04929245192,19.2885521881
2,2,True,2,600,,188.087786135,1.0492924665,19.2885866227
