,iteration,success,k,N,msd,prelec_gamma,s
0,0,True,2,120,0.00453522914689,1.09403399486,6.05369071784
1,1,True,2,120,0.109583333333,0.616709496156,1.33226762955e-15
2,2,True,2,120,0.00453522914689,1.09403399609,6.05369064603
