,iteration,success,k,N,msd,prelec_gamma,s
0,0,True,2,120,0.00542013597333,0.0100000001612,3.81867780746
1,1,True,2,120,0.00542011395815,0.01,3.81250574027
2,2,True,2,120,0.187083333542,2.55202720948,7.44784096727e-10
