,iteration,success,k,N,msd,prelec_gamma,s
0,0,True,2,120,0.00600524214672,1.09422706974,9.70958281088
1,1,True,2,120,0.00600524214672,1.09422706953,9.70958298543
2,2,True,2,120,0.00600524214672,1.09422707209,9.70958291716
