,iteration,success,k,N,msd,llh,prelec_gamma,s
0,0,True,2,600,,415.888308336,1.02696782866,2.03253301635e-12
1,1,True,2,600,,413.719965119,4.99998492558,0.0935417462417
2,2,True,2,600,,413.719972092,4.99989543837,0.0935730885897
