,iteration,success,k,N,msd,prelec_gamma,s
0,0,True,2,120,0.00958537575408,1.04231669149,9.99999999999
1,1,True,2,120,0.00958537586987,1.04231799582,9.99999999974
2,2,True,2,120,0.00958537575408,1.04231670461,9.99999999999
