,iteration,success,k,N,msd,prelec_gamma,s
0,0,True,2,120,0.0037941310529,1.2830419065,9.99999999994
1,1,True,2,120,0.00379412950954,1.28288017062,10.0
2,2,True,2,120,0.00379412950954,1.28288015243,10.0
