,iteration,success,k,N,msd,prelec_gamma,s
0,0,True,2,120,0.00528972588724,1.57220854318,5.75392851389
1,1,True,2,120,0.00528972588724,1.57220855704,5.75392852509
2,2,True,2,120,0.00528972588724,1.57220853732,5.75392844997
