,iteration,success,k,N,msd,llh,prelec_gamma,s
0,0,True,2,600,,306.877555446,1.09107702038,5.10309333939
1,1,True,2,600,,306.877555446,1.09107756942,5.10305043384
2,2,True,2,600,,306.877555448,1.09107649364,5.10310372521
