,iteration,success,k,N,msd,prelec_gamma,s
0,0,True,2,120,0.0954166666667,0.790281852591,8.54342735538e-17
1,1,True,2,120,0.00689791969228,1.13214077294,3.97767906482
2,2,True,2,120,0.0954166666667,0.118260867939,1.09974142294e-17
