,iteration,success,k,N,msd,llh,prelec_gamma,s
0,0,True,2,600,,293.424509282,1.13292027065,3.90281139585
1,1,True,2,600,,293.424509277,1.13292287368,3.90276069379
2,2,True,2,600,,293.424509277,1.13292265218,3.90276415755
