,iteration,success,k,N,msd,prelec_gamma,s
0,0,True,2,120,0.00249427555594,1.75056138029,10.0
1,1,True,2,120,0.187916666667,0.0453749531301,2.33146835171e-14
2,2,True,2,120,0.187916666667,0.690392627946,7.93809462607e-15
