,iteration,success,k,N,msd,prelec_gamma,s
0,0,True,2,120,0.0254168637405,0.0100000000025,4.75991444479
1,1,True,2,120,0.0254168637408,0.0100000000044,4.75994440288
2,2,True,2,120,0.0254168637406,0.0100000000511,4.75989342959
