,iteration,success,k,N,msd,prelec_gamma,s
0,0,True,2,120,0.0452634121009,0.01,2.22814875256
1,1,True,2,120,0.0452634121009,0.01,2.22814874631
2,2,True,2,120,0.0452634121009,0.01,2.22814878431
