,iteration,success,k,N,msd,prelec_gamma,s
0,0,True,2,120,0.00462533785961,1.11580231367,5.48405093268
1,1,True,2,120,0.00462533785961,1.11580231311,5.48405091175
2,2,True,2,120,0.00462533785961,1.11580231181,5.48405098947
