,iteration,success,k,N,msd,prelec_gamma,s
0,0,True,2,120,0.0122694894473,1.18580184335,3.38459298728
1,1,True,2,120,0.0122694894473,1.1858018437,3.38459296653
2,2,True,2,120,0.0122694894473,1.18580183829,3.38459297498
