,iteration,success,k,N,msd,prelec_gamma,s
0,0,True,2,120,0.167083333333,1.90343030405,4.26846928952e-17
1,1,True,2,120,0.0187534472915,0.0100000000002,3.81250579059
2,2,True,2,120,0.167083333347,2.90568242492,5.82338243145e-11
