,iteration,success,k,N,msd,prelec_gamma,s
0,0,True,2,120,0.000421707819723,1.47276869528,10.0
1,1,True,2,120,0.000421758530064,1.47154203417,9.99999999981
2,2,True,2,120,0.000421707819723,1.47276868371,10.0
