,iteration,success,k,N,msd,prelec_gamma,s
0,0,True,2,120,0.00296168938865,1.03603901766,12.5980048496
1,1,True,2,120,0.00296168938865,1.03603901727,12.5980046458
2,2,True,2,120,0.00296168938865,1.03603901771,12.5980047041
