,iteration,success,k,N,msd,prelec_gamma,s
0,0,True,2,120,0.11672008629,0.01,1.47039777064
1,1,True,2,120,0.11672008629,0.01,1.4703976981
2,2,True,2,120,0.107916666667,2.94346439364,1.16320401449e-15
