,iteration,success,k,N,msd,prelec_gamma,s
0,0,True,2,120,0.0204542241681,0.01,1.65203205203
1,1,True,2,120,0.162500000024,2.93379763263,9.58799476113e-11
2,2,True,2,120,0.0204542241681,0.01,1.65203201667
