,iteration,success,k,N,msd,prelec_gamma,s
0,0,True,2,120,0.010086371286,1.06975773777,9.47984644785
1,1,True,2,120,0.010086371286,1.06975773612,9.47984678315
2,2,True,2,120,0.010086371286,1.06975773814,9.47984635934
