,iteration,success,k,N,msd,prelec_gamma,s
0,0,True,2,120,0.09250000039,2.93600711132,2.76101991567e-09
1,1,True,2,120,0.0546300026965,0.0100000000001,1.8643514613
2,2,True,2,120,0.0546300026965,0.0100000000001,1.86435148024
