,iteration,success,k,N,msd,prelec_gamma,s
0,0,True,2,120,0.000601903682394,1.30892195128,6.80460432299
1,1,True,2,120,0.000601903682394,1.30892195803,6.80460426129
2,2,True,2,120,0.000601903682394,1.308921952,6.80460435544
