,iteration,success,k,N,msd,llh,prelec_gamma,s
0,0,True,2,600,,264.139887168,1.06071736921,9.6513217435
1,1,True,2,600,,264.139887167,1.0607171972,9.65133773863
2,2,True,2,600,,264.139887167,1.06071743902,9.65126993422
