,iteration,success,k,N,msd,prelec_gamma,s
0,0,True,2,120,0.0103264110262,1.09029298813,4.84323535047
1,1,True,2,120,0.0103264110262,1.09029298771,4.84323531416
2,2,True,2,120,0.0103264110262,1.09029298621,4.84323544623
