,iteration,success,k,N,msd,prelec_gamma,s
0,0,True,2,120,0.0022376172165,1.21141000555,9.99999999995
1,1,True,2,120,0.002237617217,1.21140959546,9.99999999999
2,2,True,2,120,0.00223761721219,1.21141726339,10.0
