,iteration,success,k,N,msd,prelec_gamma,s
0,0,True,2,120,0.205,0.459176130818,2.63553735004e-17
1,1,True,2,120,0.00142607070691,2.25785034923,10.0
2,2,True,2,120,0.00142632168211,2.24839587533,9.99999999489
