,iteration,success,k,N,msd,prelec_gamma,s
0,0,True,2,120,0.0189450836748,0.0100000000001,2.55531789782
1,1,True,2,120,0.15875,2.8757394034,9.49531343717e-14
2,2,True,2,120,0.158750000001,2.92738899189,3.29905076428e-12
