,iteration,success,k,N,msd,prelec_gamma,s
0,0,True,2,120,0.013594942137,1.03608890311,14.0937135473
1,1,True,2,120,0.013594942137,1.03608890346,14.0937137822
2,2,True,2,120,0.105416666667,0.46965728892,8.03801469829e-14
