,iteration,success,k,N,msd,prelec_gamma,s
0,0,True,2,120,0.00705491586644,1.45298184593,4.48490152386
1,1,True,2,120,0.00705491586644,1.45298184412,4.48490145949
2,2,True,2,120,0.00705491586644,1.4529818602,4.48490147664
