,iteration,success,k,N,msd,prelec_gamma,s
0,0,True,2,120,0.00789137691965,1.64562787138,8.99513668142
1,1,True,2,120,0.164583333333,0.942542112952,3.1918911958e-15
2,2,True,2,120,0.164583333333,0.832050679191,5.46821862287e-17
