,iteration,success,k,N,msd,prelec_gamma,s
0,0,True,2,120,0.00637216445526,1.5123106517,4.96902784284
1,1,True,2,120,0.00637216445526,1.51231064986,4.96902786558
2,2,True,2,120,0.00637216445526,1.51231064626,4.96902785518
