,iteration,success,k,N,msd,prelec_gamma,s
0,0,True,2,120,0.148333333333,2.67332819694,6.83426501412e-15
1,1,True,2,120,0.0178133171514,0.01,1.86252668202
2,2,True,2,120,0.148333333334,2.86310313001,8.46809348624e-13
