,iteration,success,k,N,msd,llh,prelec_gamma,s
0,0,True,2,600,,343.899157766,4.99999866417,0.640673631648
1,1,True,2,600,,343.899411166,4.99999216564,0.639330985278
2,2,True,2,600,,343.89915641,4.99999981347,0.640805801794
