,iteration,success,k,N,msd,prelec_gamma,s
0,0,True,2,120,0.0862500000001,2.6981465899,1.17488679203e-12
1,1,True,2,120,0.0538717975119,0.0100000000001,0.120599841207
2,2,True,2,120,0.066353113823,0.010000001639,1.16139072955
