,iteration,success,k,N,msd,prelec_gamma,s
0,0,True,2,120,0.0180921500079,1.58588602487,6.67767444217
1,1,True,2,120,0.0180921500079,1.58588600907,6.67767451002
2,2,True,2,120,0.0180921500079,1.5858860014,6.67767470445
