,iteration,success,k,N,msd,prelec_gamma,s
0,0,True,2,120,0.095,0.915549122011,3.68313795616e-13
1,1,True,2,120,0.0150101965286,1.09224768571,4.97472698913
2,2,True,2,120,0.0150101965286,1.09224768943,4.9747268322
