,iteration,success,k,N,msd,prelec_gamma,s
0,0,True,2,120,0.15875,0.704072364705,1.10984490901e-16
1,1,True,2,120,0.00741248663186,1.07408275521,10.0
2,2,True,2,120,0.00857544241478,1.19219347072,9.99999999999
