,iteration,success,k,N,msd,prelec_gamma,s
0,0,True,2,120,0.0106075709304,1.08155179792,5.33157769581
1,1,True,2,120,0.0866666666667,0.683028480327,5.00001912428e-17
2,2,True,2,120,0.0106075709304,1.08155179853,5.33157775683
