,iteration,success,k,N,msd,prelec_gamma,s
0,0,True,2,120,0.00418404544074,1.30798995292,5.36109786907
1,1,True,2,120,0.00418404544074,1.3079899438,5.36109793598
2,2,True,2,120,0.00418404544074,1.3079899554,5.36109785773
