,iteration,success,k,N,msd,llh,prelec_gamma,s
0,0,True,2,600,,272.890255591,1.12470609225,4.63663812353
1,1,True,2,600,,272.890255592,1.12470666861,4.63661317326
2,2,True,2,600,,272.89025559,1.12470566815,4.63661853443
