,iteration,success,k,N,msd,prelec_gamma,s
0,0,True,2,120,0.00242669855943,1.55252381481,7.80768291832
1,1,True,2,120,0.00242669855943,1.55252382396,7.80768273279
2,2,True,2,120,0.00242669855943,1.55252381479,7.80768288456
