,iteration,success,k,N,msd,prelec_gamma,s
0,0,True,2,120,0.00748492914006,1.05462640763,8.21158775541
1,1,True,2,120,0.0272697328243,2.20342606559,2.85151812885
2,2,True,2,120,0.00748492914006,1.05462640814,8.21158770913
