,iteration,success,k,N,msd,prelec_gamma,s
0,0,True,2,120,0.169166666743,2.63069735762,3.02108669978e-10
1,1,True,2,120,0.0160967459068,0.01,2.22814958791
2,2,True,2,120,0.169166666667,1.68690857437,5.88418203051e-15
