,iteration,success,k,N,msd,prelec_gamma,s
0,0,True,2,120,0.162083333333,2.78841212574,9.29398032624e-17
1,1,True,2,120,0.162083333333,1.9526952722,1.11158968648e-16
2,2,True,2,120,0.0330277657304,0.01,1.50567660215
