,iteration,success,k,N,msd,prelec_gamma,s
0,0,True,2,120,0.0122121539927,1.50508730479,3.86374806302
1,1,True,2,120,0.0122121539927,1.50508728716,3.8637481775
2,2,True,2,120,0.0122121539927,1.50508727982,3.86374812287
