,iteration,success,k,N,msd,prelec_gamma,s
0,0,True,2,120,0.00534344447809,1.69308879538,8.13620769321
1,1,True,2,120,0.00534344447809,1.69308880406,8.13620746322
2,2,True,2,120,0.00534344447809,1.69308878335,8.1362077651
