,iteration,success,k,N,msd,prelec_gamma,s
0,0,True,2,120,0.0088160818986,1.06775455453,9.99999999999
1,1,True,2,120,0.0088160818986,1.06775454998,10.0
2,2,True,2,120,0.0088160818986,1.0677545462,10.0
