,iteration,success,k,N,msd,prelec_gamma,s
0,0,True,2,120,0.00846343177301,1.42604111548,5.4707471963
1,1,True,2,120,0.0101531419797,1.08623093365,8.42738249813
2,2,True,2,120,0.00846343177301,1.42604111259,5.47074709131
