,iteration,success,k,N,msd,llh,prelec_gamma,s
0,0,True,2,600,,409.850654479,4.99999295086,0.157271360985
1,1,True,2,600,,409.850653072,4.99998573335,0.157324771178
2,2,True,2,600,,415.888314146,1.04593147505,2.26013130691e-06
