,iteration,success,k,N,msd,prelec_gamma,s
0,0,True,2,120,0.124583333333,1.85106561307,1.06698207726e-17
1,1,True,2,120,0.124583333333,2.53347224457,2.08166817117e-15
2,2,True,2,120,0.124583333333,2.32738478215,1.10185771391e-19
