,iteration,success,k,N,msd,llh,prelec_gamma,s
0,0,True,2,600,,415.888308336,0.698594277469,1.68753899743e-14
1,1,True,2,600,,248.612586405,1.11137154532,5.80391539036
2,2,True,2,600,,415.888308336,0.163201922811,8.03801469829e-14
