,iteration,success,k,N,msd,prelec_gamma,s
0,0,True,2,120,0.128333333333,1.99562417149,0.0
1,1,True,2,120,0.128333333335,2.54337056466,8.21550883472e-12
2,2,True,2,120,0.0529541539156,0.01,1.65199455007
