,iteration,success,k,N,msd,prelec_gamma,s
0,0,True,2,120,0.00428941970181,1.51258874854,4.970598652
1,1,True,2,120,0.00428941970181,1.51258875677,4.97059870088
2,2,True,2,120,0.00428941970181,1.51258874687,4.97059874607
