,iteration,success,k,N,msd,prelec_gamma,s
0,0,True,2,120,0.00249427555594,1.75056138735,10.0
1,1,True,2,120,0.00249427555595,1.75056198808,9.99999999999
2,2,True,2,120,0.00249427555594,1.75056137348,9.99999999999
