,iteration,success,k,N,msd,prelec_gamma,s
0,0,True,2,120,0.00629518777424,1.36363940646,4.60428388
1,1,True,2,120,0.00629518777424,1.36363941176,4.60428387262
2,2,True,2,120,0.144583333333,0.843258380322,7.77156117238e-15
