,iteration,success,k,N,msd,llh,prelec_gamma,s
0,0,True,2,600,,412.46211575,4.99994691839,0.117869010314
1,1,True,2,600,,412.462109419,4.99999507325,0.117898169931
2,2,True,2,600,,412.46212318,4.99993949671,0.117750635659
