,iteration,success,k,N,msd,prelec_gamma,s
0,0,True,2,120,0.0104232405856,1.75259369337,10.0
1,1,True,2,120,0.0104232405856,1.7525937019,10.0
2,2,True,2,120,0.0104232405856,1.7525937001,10.0
