,iteration,success,k,N,msd,prelec_gamma,s
0,0,True,2,120,0.0941666666673,2.78099937256,4.57023932216e-12
1,1,True,2,120,0.0941666666667,2.94719200572,2.3672369906e-16
2,2,True,2,120,0.0941666666667,1.99378634252,5.87797839649e-17
