,iteration,success,k,N,msd,prelec_gamma,s
0,0,True,2,120,0.150833333333,2.89828497077,4.17618407437e-13
1,1,True,2,120,0.150833333333,2.02007479824,1.65423230669e-14
2,2,True,2,120,0.0193617503415,0.01,2.55531700985
