,iteration,success,k,N,msd,prelec_gamma,s
0,0,False,2,120,0.000416666667274,1.44851426922,24.2475754178
1,1,False,2,120,0.000416666715257,1.5125697102,19.8928321823
2,2,False,2,120,0.000416666763831,1.52462977272,19.2649037454
