,iteration,success,k,N,msd,prelec_gamma,s
0,0,True,2,120,0.0113638226023,1.19171505136,2.90521319349
1,1,True,2,120,0.0113638226023,1.1917150536,2.90521314495
2,2,True,2,120,0.0113638226023,1.19171505241,2.905213171
