,iteration,success,k,N,msd,prelec_gamma,s
0,0,True,2,120,0.000278310342845,1.42416776746,7.51075591004
1,1,True,2,120,0.000278310342845,1.42416777042,7.51075583484
2,2,True,2,120,0.000278310342845,1.42416776979,7.51075587335
