,iteration,success,k,N,msd,llh,prelec_gamma,s
0,0,True,2,600,,415.211985602,0.0100213487848,0.0143112836127
1,1,True,2,600,,415.385485458,4.99997770106,0.0449029350631
2,2,True,2,600,,415.387893746,4.94718294835,0.0448260667546
