,iteration,success,k,N,msd,prelec_gamma,s
0,0,True,2,120,0.00398624088036,1.18665868797,4.23010756507
1,1,True,2,120,0.00398624088036,1.18665868818,4.23010755111
2,2,True,2,120,0.125,0.780844901566,0.0
