,iteration,success,k,N,msd,llh,prelec_gamma,s
0,0,True,2,600,,292.037069561,1.03066494028,14.8750452112
1,1,True,2,600,,292.037069562,1.03066490905,14.8750545784
2,2,True,2,600,,408.847799967,4.99997988191,0.170418904995
