,iteration,success,k,N,msd,prelec_gamma,s
0,0,True,2,120,0.00208353040731,0.0100000001322,4.75993546598
1,1,True,2,120,0.205833334368,2.86856702688,3.38490379459e-09
2,2,True,2,120,0.00208353040715,0.0100000000004,4.75991441504
