,iteration,success,k,N,msd,prelec_gamma,s
0,0,True,2,120,0.0403133912409,0.0100000014838,1.86651364783
1,1,True,2,120,0.0403138322457,0.0100000000503,1.85248995809
2,2,True,2,120,0.0403133091754,0.01,1.8625215785
