,iteration,success,k,N,msd,prelec_gamma,s
0,0,True,2,120,0.00108129143186,1.29225813049,8.4200313929
1,1,True,2,120,0.185,0.745748692818,7.22435738869e-17
2,2,True,2,120,0.00108129143186,1.29225813249,8.42003132398
