,iteration,success,k,N,msd,prelec_gamma,s
0,0,False,2,120,0.000416666675227,1.22035013092,29.9999998872
1,1,True,2,120,0.200833333333,0.672241234642,1.44328993201e-15
2,2,False,2,120,0.000416666675227,1.22035013122,29.9999999947
