,iteration,success,k,N,msd,prelec_gamma,s
0,0,True,2,120,0.015303959524,2.38746392019,3.30050162376
1,1,True,2,120,0.015303959524,2.38746394373,3.3005016685
2,2,True,2,120,0.015303959524,2.38746393036,3.30050163994
