,iteration,success,k,N,msd,llh,prelec_gamma,s
0,0,True,2,600,,327.738213579,4.99999977337,0.745858278508
1,1,True,2,600,,327.738214323,4.99999837379,0.745952955942
2,2,True,2,600,,415.888308336,0.627045532809,1.86517468137e-14
