,iteration,success,k,N,msd,prelec_gamma,s
0,0,True,2,120,0.00546069017938,1.28284224849,10.0
1,1,True,2,120,0.00546069017938,1.28284225898,10.0
2,2,True,2,120,0.00546069017963,1.28284018248,10.0
