,iteration,success,k,N,msd,prelec_gamma,s
0,0,True,2,120,0.00393488724629,1.07698062318,6.7236878794
1,1,True,2,120,0.00393488724629,1.07698062387,6.72368776116
2,2,True,2,120,0.0995833333333,0.657298167612,9.18802973512e-17
