,iteration,success,k,N,msd,prelec_gamma,s
0,0,True,2,120,0.0104166709813,0.0100000000214,6.02839176785
1,1,True,2,120,0.187083333333,2.84681247082,2.12147121778e-13
2,2,True,2,120,0.0104166709813,0.0100000000722,6.028391911
