,iteration,success,k,N,msd,prelec_gamma,s
0,0,True,2,120,0.00787125354341,1.18401050417,4.11208109058
1,1,True,2,120,0.12125,0.781137014774,6.02730997925e-18
2,2,True,2,120,0.00787125354341,1.18401050306,4.11208112336
