,iteration,success,k,N,msd,prelec_gamma,s
0,0,True,2,120,0.00580804359465,1.64562783454,8.9951373755
1,1,True,2,120,0.170833333333,0.170743459869,1.18793863635e-14
2,2,True,2,120,0.00580804359465,1.64562783599,8.99513734084
