,iteration,success,k,N,msd,prelec_gamma,s
0,0,True,2,120,0.00462368114612,1.20970892944,4.6930505469
1,1,True,2,120,0.1375,0.309365339786,5.1777405613e-18
2,2,True,2,120,0.00462368114612,1.20970893336,4.69305049199
