,iteration,success,k,N,msd,prelec_gamma,s
0,0,True,2,120,0.0371162840011,1.85957853111,3.67587189894
1,1,True,2,120,0.0371162840011,1.85957851829,3.67587187618
2,2,True,2,120,0.0371162840011,1.85957854455,3.6758718589
