,iteration,success,k,N,msd,prelec_gamma,s
0,0,True,2,120,0.0012060166964,1.14359979599,2.92096868973
1,1,True,2,120,0.0691666666667,0.107101983074,1.07017837001e-17
2,2,True,2,120,0.0012060166964,1.14359979359,2.92096872041
