,iteration,success,k,N,msd,prelec_gamma,s
0,0,True,2,120,0.0737888146294,0.01,1.74598214522
1,1,True,2,120,0.126666666667,2.58160933378,4.00559104781e-12
2,2,True,2,120,0.0737888146294,0.01,1.74598216574
