,iteration,success,k,N,msd,prelec_gamma,s
0,0,True,2,120,0.15375,0.827239694278,5.54090650311e-18
1,1,True,2,120,0.00849118168473,1.07255211763,10.0
2,2,True,2,120,0.00849118168473,1.07255210117,10.0
