,iteration,success,k,N,msd,prelec_gamma,s
0,0,True,2,120,0.00417036797836,1.59527656865,10.0
1,1,True,2,120,0.00417036797836,1.59527656504,10.0
2,2,True,2,120,0.00417036797836,1.59527656101,10.0
