,iteration,success,k,N,msd,prelec_gamma,s
0,0,True,2,120,0.115833333334,2.71682717311,5.33174363094e-12
1,1,True,2,120,0.115833333334,2.90146227183,4.62973567143e-12
2,2,True,2,120,0.0408244568237,0.01,2.01464375221
