,iteration,success,k,N,msd,prelec_gamma,s
0,0,True,2,120,0.184166666667,0.452182772765,1.58206781009e-15
1,1,True,2,120,0.00708990725223,1.7525937021,10.0
2,2,True,2,120,0.00708990725223,1.75259368704,10.0
