,iteration,success,k,N,msd,prelec_gamma,s
0,0,True,2,120,0.194166666667,2.76699936626,1.47522201203e-16
1,1,False,2,120,0.0104166666824,0.0513388396198,8.40221297616
2,2,True,2,120,0.194166666667,2.4878853086,1.20362880359e-16
