,iteration,success,k,N,msd,prelec_gamma,s
0,0,True,2,120,0.0966666667227,2.80516628763,3.37510418863e-10
1,1,True,2,120,0.0966666666672,2.0730387763,3.57433582395e-12
2,2,True,2,120,0.0591137438093,0.01,0.138840565352
