,iteration,success,k,N,msd,prelec_gamma,s
0,0,True,2,120,0.00799116565668,1.09629450326,8.72202807339
1,1,True,2,120,0.00799116565668,1.09629450346,8.72202804579
2,2,True,2,120,0.00799116565668,1.0962945024,8.72202807465
