,iteration,success,k,N,msd,prelec_gamma,s
0,0,True,2,120,0.00750344729149,0.0100000000001,3.81250574436
1,1,True,2,120,0.00750344729162,0.010000000001,3.81252091261
2,2,True,2,120,0.00750344729149,0.0100000000004,3.81250579516
