,iteration,success,k,N,msd,prelec_gamma,s
0,0,True,2,120,0.00358537185678,1.03737081298,18.7995422142
1,1,True,2,120,0.00358537185678,1.03737081293,18.7995425243
2,2,True,2,120,0.00358537185678,1.03737081326,18.7995417016
