,iteration,success,k,N,msd,prelec_gamma,s
0,0,True,2,120,0.0270744577216,0.0100000000005,2.014597075
1,1,True,2,120,0.14375,1.91125276213,1.71466280333e-16
2,2,True,2,120,0.0270744577133,0.01,2.01464399082
