,iteration,success,k,N,msd,llh,prelec_gamma,s
0,0,True,2,600,,269.505700307,1.06090585461,9.34829876494
1,1,True,2,600,,269.505700308,1.06090577908,9.34833225302
2,2,True,2,600,,269.505700307,1.06090582912,9.34828686467
