,iteration,success,k,N,msd,prelec_gamma,s
0,0,True,2,120,0.00433719403771,1.1676409132,3.64803771798
1,1,True,2,120,0.00433719403771,1.16764091456,3.64803768969
2,2,True,2,120,0.00433719403771,1.16764090971,3.6480377671
