,iteration,success,k,N,msd,prelec_gamma,s
0,0,True,2,120,0.141666666667,0.887733865739,1.4561938734e-13
1,1,True,2,120,0.141666666667,0.429890611653,4.57966997658e-16
2,2,True,2,120,0.141666666667,0.46408187515,1.44061470212e-18
