,iteration,success,k,N,msd,prelec_gamma,s
0,0,True,2,120,0.121666666667,2.85180924491,2.39602249802e-13
1,1,True,2,120,0.121666666667,2.93968065671,2.52254838233e-17
2,2,True,2,120,0.121666666667,2.7481858866,8.9808145603e-15
