,iteration,success,k,N,msd,llh,prelec_gamma,s
0,0,True,2,600,,413.604928528,0.0100122912296,0.0263951147756
1,1,True,2,600,,413.60494066,0.0100087977033,0.0262083112518
2,2,True,2,600,,413.739144725,4.99996602747,0.0932107616124
