,iteration,success,k,N,msd,prelec_gamma,s
0,0,True,2,120,0.111666666667,0.929840483407,2.05931318284e-13
1,1,True,2,120,0.00721401250385,1.09933303819,5.7510665541
2,2,True,2,120,0.00721401250385,1.09933303773,5.75106657256
