,iteration,success,k,N,msd,llh,prelec_gamma,s
0,0,True,2,600,,413.11307629,4.99996232222,0.105935384102
1,1,True,2,600,,413.11307847,4.99992479379,0.105977112652
2,2,True,2,600,,413.113075849,4.99995922347,0.105986578802
