,iteration,success,k,N,msd,prelec_gamma,s
0,0,True,2,120,0.00742949201402,1.83019746244,8.84209325043
1,1,True,2,120,0.00742949201402,1.83019752167,8.84209273707
2,2,True,2,120,0.00742949201402,1.83019746818,8.84209306189
