,iteration,success,k,N,msd,llh,prelec_gamma,s
0,0,True,2,600,,327.909940645,4.99999733892,0.74477722248
1,1,True,2,600,,327.909939283,4.99999943094,0.744717037486
2,2,True,2,600,,327.909940337,4.99999770269,0.744721645753
