,iteration,success,k,N,msd,prelec_gamma,s
0,0,True,2,120,0.00413584956532,1.29565593978,5.38766572335
1,1,True,2,120,0.00413584956532,1.29565594544,5.38766567641
2,2,True,2,120,0.00413584956532,1.29565594089,5.38766573026
