,iteration,success,k,N,msd,prelec_gamma,s
0,0,True,2,120,0.134166666667,2.77392546489,3.29956702527e-12
1,1,True,2,120,0.020313317048,0.01,1.86252696959
2,2,True,2,120,0.134166666667,2.41995781003,2.08166817117e-15
