,iteration,success,k,N,msd,llh,prelec_gamma,s
0,0,True,2,600,,325.760820142,1.08441062671,4.85831572658
1,1,True,2,600,,325.760820148,1.08441189215,4.85826869317
2,2,True,2,600,,325.760820144,1.08441171785,4.85825277086
