,iteration,success,k,N,msd,llh,prelec_gamma,s
0,0,True,2,600,,351.56779508,0.0100029931889,0.157356427583
1,1,True,2,600,,351.567872713,0.0100069289649,0.15722059581
2,2,True,2,600,,415.888308403,4.8684268584,3.86121305845e-10
