,iteration,success,k,N,msd,prelec_gamma,s
0,0,True,2,120,0.000290881799171,1.07694783136,8.96101098807
1,1,True,2,120,0.000290881799171,1.07694783167,8.96101086743
2,2,True,2,120,0.000290881799171,1.07694783204,8.96101087166
