,iteration,success,k,N,msd,prelec_gamma,s
0,0,True,2,120,0.0136466648323,0.0100000000533,1.86096089344
1,1,True,2,120,0.160833333333,2.04554688152,5.16875822478e-17
2,2,True,2,120,0.013646652289,0.0100000000018,1.86235931578
