,iteration,success,k,N,msd,llh,prelec_gamma,s
0,0,True,2,600,,288.157382861,1.07723160442,6.65238335981
1,1,True,2,600,,288.15738286,1.07723176649,6.65233953511
2,2,True,2,600,,415.888308336,0.905053107119,1.1990408666e-14
