,iteration,success,k,N,msd,prelec_gamma,s
0,0,True,2,120,0.0137442755554,1.75056069695,9.99999999997
1,1,True,2,120,0.1575,0.747092358816,4.91416795165e-17
2,2,True,2,120,0.0137442755554,1.75056194629,9.99999999999
