,iteration,success,k,N,msd,prelec_gamma,s
0,0,True,2,120,0.12708333338,2.9399609322,2.9099179925e-10
1,1,True,2,120,0.0428883262063,0.01,1.86326170435
2,2,True,2,120,0.0708008287386,0.0100000000011,0.188156902645
