,iteration,success,k,N,msd,llh,prelec_gamma,s
0,0,True,2,600,,298.323697716,1.03443211168,13.5098753828
1,1,True,2,600,,298.323697716,1.03443221284,13.5098594161
2,2,True,2,600,,415.888308336,0.505909558669,1.11022302463e-16
