,iteration,success,k,N,msd,prelec_gamma,s
0,0,True,2,120,0.21375,1.7983027424,9.43689570931e-16
1,1,True,2,120,0.00375000431532,0.0100000000955,6.02832898409
2,2,True,2,120,0.21375,2.90550233307,9.88233480309e-13
