,iteration,success,k,N,msd,s
0,0,True,1,6000,0.337864354926,29.9999999921
1,1,True,1,6000,0.230308662902,1.08087491162
2,2,True,1,6000,0.337864354929,29.9999999839
