,iteration,success,k,N,msd,prelec_gamma,s
0,0,True,2,120,0.0408708400479,0.01,1.65200486499
1,1,True,2,120,0.124583333333,1.95214963482,7.34931869843e-17
2,2,True,2,120,0.0408708400479,0.01,1.65200482638
