,iteration,success,k,N,msd,prelec_gamma,s
0,0,True,2,120,0.00127449550019,1.20554732934,2.72242260095
1,1,True,2,120,0.00127449550019,1.20554733175,2.72242257367
2,2,True,2,120,0.00127449550019,1.20554732992,2.7224225941
