,iteration,success,k,N,msd,prelec_gamma,s
0,0,True,2,120,0.000429899724819,1.37048204379,10.0
1,1,True,2,120,0.000429899724819,1.37048206197,10.0
2,2,True,2,120,0.000429899724819,1.37048206642,10.0
