,iteration,success,k,N,msd,prelec_gamma,s
0,0,True,2,120,0.0105870035286,2.25582811802,10.0
1,1,True,2,120,0.0105870035289,2.25583822833,10.0
2,2,True,2,120,0.164166666667,0.382420297747,2.99760216649e-15
