,iteration,success,k,N,msd,prelec_gamma,s
0,0,True,2,120,0.200833333333,0.56599168543,1.38643111026e-17
1,1,True,2,120,0.000480366954238,1.15535390005,9.99999999999
2,2,True,2,120,0.000480366954069,1.15535295034,10.0
