,iteration,success,k,N,msd,llh,prelec_gamma,s
0,0,True,2,600,,288.414812976,1.03365634146,15.1255058136
1,1,True,2,600,,415.888309461,0.358589337909,6.29824788538e-09
2,2,True,2,600,,288.414812976,1.03365627024,15.1255262644
