,iteration,success,k,N,msd,prelec_gamma,s
0,0,True,2,120,0.0629166666667,2.40661572182,2.71471838672e-17
1,1,True,2,120,0.0629166666667,2.96665162315,4.04583266888e-15
2,2,True,2,120,0.0542250847788,0.0100000007343,0.0579695724617
