,iteration,success,k,N,msd,prelec_gamma,s
0,0,True,2,120,0.00492677778075,1.69308886722,8.13620644517
1,1,True,2,120,0.00492677778075,1.69308886213,8.13620641135
2,2,True,2,120,0.00492677778075,1.69308884007,8.13620671305
