,iteration,success,k,N,msd,prelec_gamma,s
0,0,True,2,120,0.1525,1.84237071607,5.85001257435e-17
1,1,True,2,120,0.152500000058,2.8223069565,2.82381031332e-10
2,2,True,2,120,0.0254504866379,0.01,3.07460627754
