,iteration,success,k,N,msd,prelec_gamma,s
0,0,True,2,120,0.0816666666667,0.970265579457,1.54222648694e-15
1,1,True,2,120,0.0816666666667,0.70758600997,6.88338275268e-15
2,2,True,2,120,0.0265657872478,2.41135697693,2.54663175745
