,iteration,success,k,N,msd,prelec_gamma,s
0,0,True,2,120,0.00352748184482,1.0689342172,6.77426020282
1,1,True,2,120,0.00352748184482,1.06893421783,6.77426017116
2,2,True,2,120,0.00352748184482,1.06893421849,6.77426003367
