,iteration,success,k,N,msd,prelec_gamma,s
0,0,True,2,3000,0.0512032635242,0.0100000000002,0.0779003927125
1,1,True,2,3000,0.0512032635247,0.0100000000005,0.0778997917488
2,2,True,2,3000,0.0512032635242,0.0100000000002,0.0779003101845
