,iteration,success,k,N,msd,llh,prelec_gamma,s
0,0,True,2,600,,247.476629678,1.06143090975,10.385720032
1,1,True,2,600,,247.476629678,1.06143099443,10.3857115484
2,2,True,2,600,,247.476629678,1.06143092229,10.3857316682
