,iteration,success,k,N,msd,prelec_gamma,s
0,0,True,2,120,0.0121433506465,1.23087959261,4.79302033073
1,1,True,2,120,0.0121433506465,1.23087960554,4.79302022097
2,2,True,2,120,0.0121433506465,1.2308796068,4.79302024204
