,iteration,success,k,N,msd,prelec_gamma,s
0,0,True,2,120,0.0102529956549,1.19925545308,2.52958696428
1,1,True,2,120,0.0102529956549,1.19925545836,2.5295869287
2,2,True,2,120,0.0102529956549,1.19925545815,2.52958692571
