,iteration,success,k,N,msd,prelec_gamma,s
0,0,True,2,120,0.212083333412,2.81858399569,2.48354076256e-10
1,1,True,2,120,0.00208333764795,0.0100000000017,6.02839171441
2,2,True,2,120,0.00208333764795,0.0100000000036,6.02839160604
