,iteration,success,k,N,msd,prelec_gamma,s
0,0,True,2,120,0.00251224460511,1.97722057994,10.0
1,1,True,2,120,0.00251224460512,1.97722167833,10.0
2,2,True,2,120,0.00251224460511,1.97722054257,10.0
