,iteration,success,k,N,msd,prelec_gamma,s
0,0,True,2,120,0.00061442089954,1.12294607509,6.43034580678
1,1,True,2,120,0.00061442089954,1.12294607564,6.43034576836
2,2,True,2,120,0.00061442089954,1.12294607664,6.43034572901
