,iteration,success,k,N,msd,prelec_gamma,s
0,0,True,2,120,0.0162301895762,2.52853938829,0.987868393244
1,1,True,2,120,0.00711758001462,1.08748989588,4.56940915116
2,2,True,2,120,0.0162301895762,2.52853940051,0.987868413607
