,iteration,success,k,N,msd,prelec_gamma,s
0,0,True,2,120,0.00763977820788,1.16265677345,3.06884553804
1,1,True,2,120,0.00763977820788,1.16265677486,3.06884553636
2,2,True,2,120,0.0895833333333,0.313393787057,1.33226762955e-14
