,iteration,success,k,N,msd,prelec_gamma,s
0,0,True,2,120,0.00126224460512,1.97722057066,10.0
1,1,True,2,120,0.00126224460512,1.97722056502,10.0
2,2,True,2,120,0.00126224460512,1.97722040084,10.0
