,iteration,success,k,N,msd,llh,prelec_gamma,s
0,0,True,2,600,,287.284007788,1.03392300073,15.2486254615
1,1,True,2,600,,399.975914776,4.99993120327,0.261010201711
2,2,True,2,600,,1197.91546369,4.99999999113,4.54370956622
