,iteration,success,k,N,msd,prelec_gamma,s
0,0,False,2,120,0.000833333452691,1.52780794237,19.1069450061
1,1,True,2,120,0.2075,0.113068036728,1.3105240577e-17
2,2,False,2,120,0.000833333333368,1.41556160481,27.4827003598
