,iteration,success,k,N,msd,prelec_gamma,s
0,0,True,2,120,0.00754315175888,1.07431510874,10.0
1,1,True,2,120,0.14875,0.655578625346,7.9936057773e-15
2,2,True,2,120,0.00754315175888,1.07431508614,10.0
