,iteration,success,k,N,msd,prelec_gamma,s
0,0,True,2,120,0.121666666667,1.9714416358,6.71684929898e-15
1,1,True,2,120,0.0889536292071,0.0100000003688,0.123519639738
2,2,True,2,120,0.121666666667,2.37268641492,9.75811642623e-14
