,iteration,success,k,N,msd,prelec_gamma,s
0,0,True,2,120,0.0109777029317,1.23744652063,4.39342139281
1,1,True,2,120,0.0109777029317,1.23744651079,4.39342141419
2,2,True,2,120,0.0109777029317,1.23744651211,4.39342144133
