,iteration,success,k,N,msd,prelec_gamma,s
0,0,True,2,120,0.0856116192574,0.0100000000003,0.064712769173
1,1,True,2,120,0.09625,2.27237294549,0.0
2,2,True,2,120,0.0970833333242,0.5774260062,7.88644196145
