,iteration,success,k,N,msd,prelec_gamma,s
0,0,True,2,120,0.0105981348829,1.07437210164,6.41453851379
1,1,True,2,120,0.0970833333333,0.67812283761,1.30684853036e-17
2,2,True,2,120,0.0970833333333,0.589756614066,2.40800592533e-17
