,iteration,success,k,N,msd,llh,prelec_gamma,s
0,0,True,2,600,,255.515154037,1.10465981266,5.9246255925
1,1,True,2,600,,255.515154037,1.10465969674,5.92464693922
2,2,True,2,600,,255.515154037,1.10466093088,5.92459241713
