,iteration,success,k,N,msd,llh,prelec_gamma,s
0,0,True,2,600,,302.362105861,1.07525445812,6.29423057914
1,1,True,2,600,,302.362105861,1.07525494369,6.29418002249
2,2,True,2,600,,302.362105863,1.07525473728,6.2942276408
