,iteration,success,k,N,msd,prelec_gamma,s
0,0,True,2,120,0.00333333764795,0.0100000000156,6.02839424329
1,1,True,2,120,0.00333333764795,0.0100000000031,6.02839166842
2,2,True,2,120,0.00333333764799,0.0100000001226,6.02837527114
