,iteration,success,k,N,msd,prelec_gamma,s
0,0,True,2,120,0.00834655788345,1.3704786527,10.0
1,1,True,2,120,0.00834655788345,1.37047864858,10.0
2,2,True,2,120,0.00834655788345,1.37047864784,10.0
