,iteration,success,k,N,msd,llh,prelec_gamma,s
0,0,True,2,600,,251.604035045,1.07112687544,8.70869258882
1,1,True,2,600,,251.604035046,1.07112680786,8.70867580503
2,2,True,2,600,,251.604035045,1.07112691497,8.70870675788
