,iteration,success,k,N,msd,prelec_gamma,s
0,0,True,2,120,0.0508244559863,0.01,2.01464197437
1,1,True,2,120,0.125833333333,2.01667430518,1.11022302463e-15
2,2,True,2,120,0.0508244560064,0.0100000000149,2.01456905452
