,iteration,success,k,N,msd,prelec_gamma,s
0,0,True,2,120,0.145833333333,2.85872321243,6.24558544909e-15
1,1,True,2,120,0.0310284170002,0.01,2.55531709573
2,2,True,2,120,0.0310284170002,0.01,2.55531711496
