,iteration,success,k,N,msd,prelec_gamma,s
0,0,True,2,120,0.00208837437143,1.47276863281,10.0
1,1,True,2,120,0.00208837437144,1.47276845919,9.99999999998
2,2,True,2,120,0.00208837437147,1.47276960001,9.99999999995
