,iteration,success,k,N,msd,prelec_gamma,s
0,0,True,2,120,0.0283214719264,2.58245436944,1.92214411448
1,1,True,2,120,0.0283214719264,2.5824544123,1.9221440904
2,2,True,2,120,0.0104737969831,1.06112449078,6.4421532954
