,iteration,success,k,N,msd,prelec_gamma,s
0,0,True,2,120,0.00444488432237,1.42418154237,7.50908956227
1,1,True,2,120,0.00444488432237,1.42418153774,7.50908954793
2,2,True,2,120,0.00444488432237,1.42418153409,7.50908963954
