,iteration,success,k,N,msd,prelec_gamma,s
0,0,True,2,120,0.147916666667,0.887811228366,3.48403948101e-13
1,1,True,2,120,0.0120700715096,1.07817678947,9.99999999997
2,2,True,2,120,0.0120700715118,1.07817619537,9.99999999957
