,iteration,success,k,N,msd,prelec_gamma,s
0,0,True,2,120,0.0540835768184,0.01,1.57330806462
1,1,True,2,120,0.0540835768184,0.01,1.57330812163
2,2,True,2,120,0.110416666706,2.93505703793,2.27488300927e-10
