,iteration,success,k,N,msd,prelec_gamma,s
0,0,True,2,120,0.00737301124794,1.57218282796,5.75356174197
1,1,True,2,120,0.161666666667,0.783634519855,6.35161527583e-18
2,2,True,2,120,0.00737301124794,1.57218283312,5.75356160741
