,iteration,success,k,N,msd,prelec_gamma,s
0,0,True,2,120,0.0284445299701,0.01,1.50571385142
1,1,True,2,120,0.149166666667,2.68074895839,4.29649314556e-17
2,2,True,2,120,0.149166666667,2.66870427744,7.34138510595e-13
