,iteration,success,k,N,msd,prelec_gamma,s
0,0,True,2,120,0.0108333376479,0.0100000007599,6.02839469838
1,1,True,2,120,0.0108333376479,0.0100000000153,6.02839163087
2,2,True,2,120,0.0108333376479,0.0100000000811,6.02839174919
