,iteration,success,k,N,msd,prelec_gamma,s
0,0,True,2,120,0.00230043795824,1.07919240982,6.61067201672
1,1,True,2,120,0.00230043795824,1.07919240947,6.61067200155
2,2,True,2,120,0.00230043795824,1.0791924102,6.61067188973
