,iteration,success,k,N,msd,prelec_gamma,s
0,0,True,2,120,0.00890951995639,1.28524941948,4.09820217884
1,1,True,2,120,0.00890951995639,1.28524941969,4.09820216423
2,2,True,2,120,0.125833333333,0.572177685076,2.23432383706e-15
