,iteration,success,k,N,msd,prelec_gamma,s
0,0,True,2,120,0.0236997340974,1.81164660022,9.11645598866
1,1,True,2,120,0.0236997340974,1.81164659678,9.11645591959
2,2,True,2,120,0.0236997340974,1.81164660876,9.11645592935
