,iteration,success,k,N,msd,prelec_gamma,s
0,0,True,2,120,0.00640236854502,1.07679151163,9.99999999964
1,1,True,2,120,0.00640240417217,1.07671980421,9.99999999862
2,2,True,2,120,0.00640239893397,1.07688213536,9.99999999991
