,iteration,success,k,N,msd,prelec_gamma,s
0,0,True,2,120,0.00227843054855,0.010000000163,2.55832106445
1,1,True,2,120,0.00227841703181,0.01,2.55531716934
2,2,True,2,120,0.192083333333,1.67624487518,7.77574026721e-17
