,iteration,success,k,N,msd,prelec_gamma,s
0,0,True,2,120,0.0177753271864,1.72062969515,7.52881001127
1,1,True,2,120,0.0177753271864,1.72062967881,7.52881011067
2,2,True,2,120,0.0177753271864,1.72062967922,7.52881004076
