,iteration,success,k,N,msd,llh,prelec_gamma,s
0,0,True,2,600,,257.960314414,1.0661078923,9.10069348215
1,1,True,2,600,,257.960314417,1.06610808526,9.10063909496
2,2,True,2,600,,257.960314414,1.06610772975,9.10074051548
