,iteration,success,k,N,msd,prelec_gamma,s
0,0,True,2,120,0.135833333425,2.90471833076,5.20699152829e-10
1,1,True,2,120,0.135833333333,2.78481796809,4.2656923341e-17
2,2,True,2,120,0.0437874976922,0.01,1.65200012096
