,iteration,success,k,N,msd,prelec_gamma,s
0,0,True,2,120,0.0173292791895,1.29199520581,8.39324568382
1,1,True,2,120,0.142916666667,0.313327825848,4.77395900589e-15
2,2,True,2,120,0.0173292791895,1.29199519465,8.39324602735
