,iteration,success,k,N,msd,prelec_gamma,s
0,0,True,2,120,0.00111159736333,1.42417466405,7.50992324825
1,1,True,2,120,0.00111159736333,1.42417466731,7.50992323043
2,2,True,2,120,0.00111159736333,1.42417466579,7.50992318618
