,iteration,success,k,N,msd,prelec_gamma,s
0,0,True,2,120,0.095,0.604823215646,9.21485110439e-15
1,1,True,2,120,0.087759819853,2.99999999997,0.201873511081
2,2,True,2,120,0.0119511978625,1.03042967476,12.0631004007
