,iteration,success,k,N,msd,prelec_gamma,s
0,0,True,2,120,0.000429899724819,1.37048207319,10.0
1,1,True,2,120,0.000429899724819,1.37048205342,10.0
2,2,True,2,120,0.000429909582717,1.37094782111,9.99999999524
