,iteration,success,k,N,msd,llh,prelec_gamma,s
0,0,True,2,600,,415.888309257,3.84230995325,6.26661704018e-09
1,1,True,2,600,,415.888310833,4.9287490126,1.75384574508e-08
2,2,True,2,600,,1025.10530241,0.738118485342,11.0236165682
