,iteration,success,k,N,msd,prelec_gamma,s
0,0,True,2,120,0.135833333333,2.85311441644,2.12819933169e-13
1,1,True,2,120,0.135833333333,2.45182309551,8.49532134116e-17
2,2,True,2,120,0.135833333383,2.95009124034,3.01122939468e-10
