,iteration,success,k,N,msd,prelec_gamma,s
0,0,True,2,120,0.040715048101,2.44614272109,3.2467948937
1,1,True,2,120,0.00539219791885,1.04648158353,9.99999999998
2,2,True,2,120,0.105833333333,0.860387169261,3.32169802205e-12
