,iteration,success,k,N,msd,prelec_gamma,s
0,0,True,2,120,0.00348636355465,1.21173782817,9.99999999169
1,1,True,2,120,0.00348632471075,1.21104291957,10.0
2,2,True,2,120,0.178333333333,0.599349559753,1.35447209004e-14
