,iteration,success,k,N,msd,prelec_gamma,s
0,0,True,2,120,0.0270835304073,0.010000000053,4.75993567176
1,1,True,2,120,0.164166666667,1.8768996915,9.13063340126e-17
2,2,True,2,120,0.0270835304071,0.0100000000064,4.75991448141
