,iteration,success,k,N,msd,prelec_gamma,s
0,0,True,2,120,0.00896717294237,1.0713668133,9.9999999993
1,1,True,2,120,0.00896717294231,1.07136674169,9.99999999997
2,2,True,2,120,0.00896717294231,1.07136672416,9.99999999998
