,iteration,success,k,N,msd,prelec_gamma,s
0,0,True,2,120,0.0807299661585,0.01,1.86253225797
1,1,True,2,120,0.0807299661565,0.0100000000003,1.86250748107
2,2,True,2,120,0.0807299661564,0.01,1.86251188326
