,iteration,success,k,N,msd,prelec_gamma,s
0,0,True,2,120,0.203750001785,2.83097208751,5.63480313274e-09
1,1,True,2,120,0.20375,2.92185617548,6.52601245963e-15
2,2,True,2,120,0.203750000121,2.72664541185,3.82759572396e-10
