,iteration,success,k,N,msd,prelec_gamma,s
0,0,True,2,120,0.106666666667,0.537011748939,1.18793863635e-14
1,1,True,2,120,0.00965902729575,1.10536225895,5.07399567842
2,2,True,2,120,0.106666666667,0.680897449222,2.57192780963e-15
