,iteration,success,k,N,msd,prelec_gamma,s
0,0,True,2,120,0.199583333333,2.21703602714,4.11020944856e-17
1,1,True,2,120,0.00750000000897,0.0100000066262,8.07843024856
2,2,False,2,120,0.00750000001324,0.0388796784633,8.30187861586
