,iteration,success,k,N,msd,prelec_gamma,s
0,0,True,2,120,0.0021171533049,0.01,3.07460618238
1,1,True,2,120,0.195833333333,2.50550597569,1.03013878499e-16
2,2,True,2,120,0.195833333333,2.53898538121,1.02625160854e-17
