,iteration,success,k,N,msd,prelec_gamma,s
0,0,True,2,120,0.000421707819723,1.47276867683,10.0
1,1,True,2,120,0.000421707819723,1.47276868239,10.0
2,2,True,2,120,0.000421707819723,1.47276869612,10.0
