,iteration,success,k,N,msd,prelec_gamma,s
0,0,True,2,120,0.20875,0.204745188418,8.45574408905e-18
1,1,False,2,120,8.56292249342e-12,1.22035012863,29.9999995359
2,2,False,2,120,8.56510366834e-12,1.22035021263,29.9998594838
