,iteration,success,k,N,msd,prelec_gamma,s
0,0,True,2,120,0.0056637732198,1.29215043438,8.40866839408
1,1,True,2,120,0.0056637732198,1.2921504294,8.40866857491
2,2,True,2,120,0.0056637732198,1.29215043441,8.40866839101
