,iteration,success,k,N,msd,llh,prelec_gamma,s
0,0,True,2,600,,415.88831068,4.96269970442,1.48102953604e-08
1,1,True,2,600,,415.888308352,4.10658760808,9.73174432536e-11
2,2,True,2,600,,415.888308336,2.46445089497,5.29164479132e-14
