,iteration,success,k,N,msd,llh,prelec_gamma,s
0,0,True,2,600,,310.078859459,1.06414098795,7.01916508109
1,1,True,2,600,,310.078859457,1.06414091219,7.01918994344
2,2,True,2,600,,352.38945398,2.67992092302,0.591610562711
