,iteration,success,k,N,msd,prelec_gamma,s
0,0,True,2,120,0.00873194516972,1.0719375031,9.99999999999
1,1,True,2,120,0.00873194516975,1.07193740516,9.99999999999
2,2,True,2,120,0.146666666667,0.299508508221,6.58634662488e-17
