,iteration,success,k,N,msd,prelec_gamma,s
0,0,True,2,120,0.0914721958641,0.0100000004247,1.46966348883
1,1,True,2,120,0.0914652528184,0.01,1.44602575363
2,2,True,2,120,0.11833333335,2.81089379595,1.53243569874e-10
