,iteration,success,k,N,msd,prelec_gamma,s
0,0,False,2,120,0.000416666679497,1.25386503259,27.6629770158
1,1,True,2,120,0.202083333333,0.58716669279,1.66533453694e-15
2,2,True,2,120,0.202083333333,0.757027307427,3.31519579096e-15
