,iteration,success,k,N,msd,prelec_gamma,s
0,0,True,2,120,0.198750000431,2.8133528207,1.46898856828e-09
1,1,True,2,120,0.198750000007,2.93083522386,2.41548371565e-11
2,2,True,2,120,0.00333353040715,0.010000000001,4.75991444743
