,iteration,success,k,N,msd,prelec_gamma,s
0,0,True,2,120,0.0344799773978,0.0100000000038,1.86254048805
1,1,True,2,120,0.0344799773959,0.01,1.8625212865
2,2,True,2,120,0.0344800157381,0.0100000000278,1.85979828343
