,iteration,success,k,N,msd,prelec_gamma,s
0,0,True,2,120,0.0371171533045,0.01,3.07460620486
1,1,True,2,120,0.147500000024,2.80434210143,1.36110053158e-10
2,2,True,2,120,0.0371171533045,0.01,3.07460625995
