,iteration,success,k,N,msd,prelec_gamma,s
0,0,True,2,120,0.215416666667,1.91881546406,9.7699626167e-15
1,1,True,2,120,0.215416666667,1.87184193727,1.05471187339e-15
2,2,True,2,120,0.215416666667,1.73190410999,2.40714639776e-17
