,iteration,success,k,N,msd,prelec_gamma,s
0,0,True,2,120,0.048783819971,0.01,3.07460605023
1,1,True,2,120,0.1425,2.97364354195,3.964958869e-14
2,2,True,2,120,0.0487838199969,0.0100000001317,3.07443579992
