,iteration,success,k,N,msd,prelec_gamma,s
0,0,True,2,120,0.148750000002,2.93379114642,1.02893248858e-11
1,1,True,2,120,0.14875,1.81234255906,1.02695629778e-15
2,2,True,2,120,0.0256117503336,0.01,2.55531711437
