,iteration,success,k,N,msd,prelec_gamma,s
0,0,True,2,120,0.00776798454538,1.33323689715,3.16991884854
1,1,True,2,120,0.00776798454538,1.33323689894,3.16991883697
2,2,True,2,120,0.00776798454538,1.33323689805,3.1699188463
