,iteration,success,k,N,msd,llh,prelec_gamma,s
0,0,True,2,600,,195.519259834,1.04887024993,18.7414608117
1,1,True,2,600,,195.519259834,1.04887025422,18.7414887435
2,2,True,2,600,,195.519259834,1.04887027175,18.7414948657
