,iteration,success,k,N,msd,s
0,0,True,1,6000,0.228635182276,1.06316409674
1,1,True,1,6000,0.228635182276,1.06316402987
2,2,True,1,6000,0.228635182276,1.06316395675
