,iteration,success,k,N,msd,prelec_gamma,s
0,0,True,2,120,0.00273368160454,1.30813287712,5.94344959823
1,1,True,2,120,0.00273368160454,1.30813287541,5.94344963191
2,2,True,2,120,0.00273368160454,1.30813287618,5.94344963569
