,iteration,success,k,N,msd,s
0,0,True,1,6000,0.219349655712,0.946164780602
1,1,True,1,6000,0.219349655712,0.946164617618
2,2,True,1,6000,0.219349655712,0.946164648607
