,iteration,success,k,N,msd,prelec_gamma,s
0,0,True,2,120,0.0287411244838,0.0100000000006,2.01447785083
1,1,True,2,120,0.145416666674,2.98797808673,3.75419380964e-11
2,2,True,2,120,0.145416666667,2.06635186087,1.11969797086e-16
