,iteration,success,k,N,msd,prelec_gamma,s
0,0,True,2,120,0.00666757578441,1.97366643027,9.99999999839
1,1,True,2,120,0.0066675757838,1.97367736061,10.0
2,2,True,2,120,0.0066675757838,1.97367735901,10.0
