,iteration,success,k,N,msd,prelec_gamma,s
0,0,True,2,120,0.132083333333,0.743550215441,8.14071427626e-17
1,1,False,2,120,0.00516463676406,1.21107624176,4.30853275308
2,2,True,2,120,0.00516463674001,1.21105849872,4.30863087636
