,iteration,success,k,N,msd,prelec_gamma,s
0,0,True,2,120,0.00985031624273,1.29159258015,2.12343449236
1,1,True,2,120,0.00985031624273,1.29159257224,2.12343454969
2,2,True,2,120,0.108333333333,0.142254195097,1.22124532709e-15
