,iteration,success,k,N,msd,prelec_gamma,s
0,0,False,2,120,0.0192042341347,0.01,1.65203737941
1,1,True,2,120,0.169583333334,2.7285818335,1.39638704135e-12
2,2,True,2,120,0.169583334012,2.90761252756,2.58362058437e-09
