,iteration,success,k,N,msd,prelec_gamma,s
0,0,True,2,120,0.00392682834743,1.19782593625,8.23761457105
1,1,True,2,120,0.00392682834743,1.1978259383,8.23761450045
2,2,True,2,120,0.00392682834743,1.19782593494,8.23761453962
