,iteration,success,k,N,msd,prelec_gamma,s
0,0,True,2,120,0.184166666716,2.69344476288,1.8422924654e-10
1,1,True,2,120,0.184166666667,2.88384865185,2.57732303707e-12
2,2,True,2,120,0.0108367806248,0.01,3.81250578394
