,iteration,success,k,N,msd,prelec_gamma,s
0,0,True,2,120,0.0177634124387,0.01,2.22814925883
1,1,True,2,120,0.154166666722,2.91163759736,2.41599963189e-10
2,2,True,2,120,0.0177634124496,0.0100000000296,2.22808370181
