,iteration,success,k,N,msd,prelec_gamma,s
0,0,True,2,120,0.112500000142,2.571795394,2.95430304994e-09
1,1,True,2,120,0.1125,2.89028034579,7.70828489594e-17
2,2,True,2,120,0.120462863904,0.010000000122,1.6194409172
