,iteration,success,k,N,msd,prelec_gamma,s
0,0,True,2,120,0.0146998119041,1.1410532107,5.61824676938
1,1,True,2,120,0.0146998119041,1.14105320107,5.61824708174
2,2,True,2,120,0.15,0.181427887915,1.41869673381e-18
