,iteration,success,k,N,msd,prelec_gamma,s
0,0,True,2,120,0.00867669634436,1.55252636949,7.80760514145
1,1,True,2,120,0.1625,0.26967290906,1.04129838993e-17
2,2,True,2,120,0.00867669634436,1.552526363,7.80760535009
