,iteration,success,k,N,msd,llh,prelec_gamma,s
0,0,True,2,600,,258.006927101,1.06787421225,8.85218338835
1,1,True,2,600,,258.006927101,1.06787463256,8.85213969459
2,2,True,2,600,,258.006927101,1.06787457789,8.8521488071
