,iteration,success,k,N,msd,llh,prelec_gamma,s
0,0,True,2,600,,282.835661961,1.14562286083,3.83216408923
1,1,True,2,600,,282.835661962,1.14562433378,3.83211276821
2,2,True,2,600,,282.83566196,1.14562123177,3.83217939188
