,iteration,success,k,N,msd,prelec_gamma,s
0,0,True,2,120,0.0145580435697,1.64562794303,8.99513529871
1,1,True,2,120,0.0145580435697,1.64562797202,8.99513490563
2,2,True,2,120,0.0145580435697,1.64562795604,8.99513523826
