,iteration,success,k,N,msd,prelec_gamma,s
0,0,True,2,120,0.157083333333,2.01013764857,1.66396395856e-18
1,1,True,2,120,0.0172784170082,0.01,2.55531711874
2,2,True,2,120,0.157083333333,1.86803930394,1.25020243396e-17
