,iteration,success,k,N,msd,prelec_gamma,s
0,0,True,2,120,0.0733721477865,0.01,1.74598194604
1,1,True,2,120,0.0733721477865,0.01,1.74598196401
2,2,True,2,120,0.0733721477865,0.01,1.74598197821
