,iteration,success,k,N,msd,prelec_gamma,s
0,0,True,2,120,0.000592737373583,2.25785031403,10.0
1,1,True,2,120,0.220833333333,0.652901018176,4.21884749358e-15
2,2,True,2,120,0.000592737373583,2.25785040207,10.0
