,iteration,success,k,N,msd,llh,prelec_gamma,s
0,0,True,2,600,,295.76020776,1.12003328535,4.2188812421
1,1,True,2,600,,295.760207761,1.12002970738,4.21899483065
2,2,True,2,600,,295.760207754,1.12003044862,4.21900213131
