,iteration,success,k,N,msd,llh,prelec_gamma,s
0,0,True,2,600,,240.712493844,1.1012838473,6.56008636572
1,1,True,2,600,,240.712493846,1.10128314548,6.5601272711
2,2,True,2,600,,240.712493844,1.1012834575,6.56007511688
