,iteration,success,k,N,msd,prelec_gamma,s
0,0,True,2,120,0.09875,0.476474026775,1.54773214011e-16
1,1,True,2,120,0.09875,0.327387153881,4.07392547585e-17
2,2,True,2,120,0.0899985463419,2.99999999998,0.226522281237
