,iteration,success,k,N,msd,prelec_gamma,s
0,0,True,2,120,0.193333333333,2.64492455474,7.29234768393e-17
1,1,True,2,120,0.00333678062482,0.01,3.81250572017
2,2,True,2,120,0.00333678062482,0.01,3.81250571217
