,iteration,success,k,N,msd,prelec_gamma,s
0,0,True,2,120,0.0306800789034,0.0100000000001,2.22814729411
1,1,True,2,120,0.142083333333,2.9584575889,6.26213194187e-13
2,2,True,2,120,0.142083333333,1.91930389824,1.68809611985e-16
