,iteration,success,k,N,msd,prelec_gamma,s
0,0,True,2,120,0.00605935170025,1.10032184342,3.6974212704
1,1,True,2,120,0.00605935170025,1.10032184414,3.69742126459
2,2,True,2,120,0.00605935170025,1.10032184452,3.69742124517
