,iteration,success,k,N,msd,prelec_gamma,s
0,0,True,2,120,0.00633768336627,1.13222480877,5.24408140077
1,1,True,2,120,0.00633768336627,1.13222480635,5.24408153472
2,2,True,2,120,0.00633768336627,1.13222480997,5.24408137403
