,iteration,success,k,N,msd,prelec_gamma,s
0,0,True,2,120,0.00167036798289,1.59527672356,10.0
1,1,True,2,120,0.00167036798289,1.59527657413,10.0
2,2,True,2,120,0.00167036798289,1.59527657971,10.0
