,iteration,success,k,N,msd,llh,prelec_gamma,s
0,0,True,2,600,,406.290317602,4.99998482614,0.20455683695
1,1,True,2,600,,406.285564215,4.99998546587,0.200097533572
2,2,True,2,600,,406.286089305,4.99999354798,0.198499115517
