,iteration,success,k,N,msd,prelec_gamma,s
0,0,True,2,120,0.00642923776486,1.30714117181,6.79579874435
1,1,True,2,120,0.00642923776486,1.30714117516,6.7957987284
2,2,True,2,120,0.1575,0.137292965861,9.27473170324e-18
