,iteration,success,k,N,msd,prelec_gamma,s
0,0,True,2,120,0.00551409248213,1.09171934857,6.57872520195
1,1,True,2,120,0.00551409248213,1.09171934859,6.57872524034
2,2,True,2,120,0.00551409248213,1.09171934612,6.57872538587
