,iteration,success,k,N,msd,prelec_gamma,s
0,0,True,2,120,0.00560554402081,1.09769369339,5.62209324939
1,1,True,2,120,0.00560554402081,1.097693694,5.62209326091
2,2,True,2,120,0.00560554402081,1.09769369548,5.62209317372
