,iteration,success,k,N,msd,prelec_gamma,s
0,0,True,2,120,0.02489665704,0.0100000000189,1.86389675792
1,1,True,2,120,0.147083333417,2.45222507279,3.9307822974e-10
2,2,True,2,120,0.0248966473254,0.01,1.86252404643
