,iteration,success,k,N,msd,prelec_gamma,s
0,0,True,2,120,0.137083333333,1.71705243767,2.80331313718e-15
1,1,True,2,120,0.0306117503296,0.01,2.55531709751
2,2,True,2,120,0.0306117503296,0.01,2.55531700782
