,iteration,success,k,N,msd,prelec_gamma,s
0,0,True,2,120,0.0642319988288,0.0100000000002,0.087779402534
1,1,True,2,120,0.0796688147276,0.010000000016,1.55152615903
2,2,True,2,120,0.0829166666667,2.96406203334,9.15491157844e-17
