,iteration,success,k,N,msd,prelec_gamma,s
0,0,True,2,120,0.0153772233019,1.11365283402,3.64891084639
1,1,True,2,120,0.0153772233019,1.11365283314,3.64891077928
2,2,True,2,120,0.0153772233019,1.1136528285,3.64891097688
