,iteration,success,k,N,msd,prelec_gamma,s
0,0,True,2,120,0.021700487313,0.0100000001633,3.07373548352
1,1,True,2,120,0.0217004866379,0.01,3.07460618678
2,2,True,2,120,0.157083333599,2.78862810005,1.22680581194e-09
