,iteration,success,k,N,msd,prelec_gamma,s
0,0,True,2,120,0.115000000009,2.82522881956,1.86667665734e-10
1,1,True,2,120,0.0997949451838,0.01,0.0776703426717
2,2,True,2,120,0.111292923293,0.01,2.0538407458
