,iteration,success,k,N,msd,prelec_gamma,s
0,0,True,2,120,0.000595595801491,2.25885428042,10.0
1,1,True,2,120,0.220833333333,0.125446827297,3.60822483003e-15
2,2,True,2,120,0.00059559580195,2.25884146278,10.0
