,iteration,success,k,N,msd,prelec_gamma,s
0,0,True,2,120,0.140833333333,0.398324666157,3.27648342397e-17
1,1,True,2,120,0.013045889164,1.4257271578,5.46928190868
2,2,True,2,120,0.140833333333,0.707211714461,4.24701645268e-16
