,iteration,success,k,N,msd,prelec_gamma,s
0,0,True,2,120,0.00560893782057,1.07312529496,7.52283980209
1,1,True,2,120,0.00560893782057,1.07312529419,7.52283992276
2,2,True,2,120,0.00560893782057,1.07312529383,7.5228399438
