,iteration,success,k,N,msd,prelec_gamma,s
0,0,True,2,120,0.00227970315118,1.25078323223,2.6623281936
1,1,True,2,120,0.00227970315118,1.25078323291,2.66232818267
2,2,True,2,120,0.105833333333,0.866392057239,2.27595720048e-14
