,iteration,success,k,N,msd,llh,prelec_gamma,s
0,0,True,2,600,,262.708943788,1.05428534651,11.0265977968
1,1,True,2,600,,262.708943788,1.05428526624,11.0266025895
2,2,True,2,600,,262.708943788,1.0542852984,11.0266012709
