,iteration,success,k,N,msd,prelec_gamma,s
0,0,True,2,120,0.130833333333,2.82191123815,1.57439499936e-16
1,1,True,2,120,0.130833333336,2.77296561122,1.50502416018e-11
2,2,True,2,120,0.0554541444188,0.01,1.65198934664
