,iteration,success,k,N,msd,prelec_gamma,s
0,0,True,2,120,0.159583333333,0.876278189471,1.04083408559e-15
1,1,True,2,120,0.0141717074623,1.47280506234,9.9999999999
2,2,True,2,120,0.0141717074963,1.47272006835,9.99999999979
