,iteration,success,k,N,msd,prelec_gamma,s
0,0,False,2,120,0.000416666740931,1.30403337905,23.5921532836
1,1,True,2,120,0.204166666667,0.191360563185,2.41854386255e-19
2,2,False,2,120,0.000416666676644,1.29259632198,26.1907294649
