,iteration,success,k,N,msd,prelec_gamma,s
0,0,True,2,120,0.0485284169884,0.01,2.55531689903
1,1,True,2,120,0.146666666667,2.97031232886,1.74458772547e-14
2,2,True,2,120,0.146666666742,2.90988299593,4.54863848011e-10
