,iteration,success,k,N,msd,llh,prelec_gamma,s
0,0,True,2,600,,415.888358574,4.46349040694,2.70358900372e-07
1,1,True,2,600,,337.859555467,0.010001307666,0.17887730695
2,2,True,2,600,,337.859552146,0.0100010117436,0.178856866113
