,iteration,success,k,N,msd,prelec_gamma,s
0,0,True,2,120,0.215416666667,0.933444971143,2.83391048226e-13
1,1,True,2,120,0.000434535153603,1.97881991147,9.99999999964
2,2,False,2,120,0.000434535029841,1.97898269856,10.0
