,iteration,success,k,N,msd,llh,prelec_gamma,s
0,0,True,2,600,,296.61698596,1.03490858177,13.6423283979
1,1,True,2,600,,394.338619727,4.99998317908,0.307540752318
2,2,True,2,600,,394.338625022,4.99999309595,0.307414092673
