,iteration,success,k,N,msd,prelec_gamma,s
0,0,True,2,120,0.0053875699683,1.22074693553,3.13812234514
1,1,True,2,120,0.0053875699683,1.22074693489,3.13812236212
2,2,True,2,120,0.110833333333,0.640492697273,1.0325074129e-14
