,iteration,success,k,N,msd,prelec_gamma,s
0,0,True,2,120,0.00139808132632,1.0455979973,9.09547488443
1,1,True,2,120,0.00139808132632,1.04559799736,9.09547492167
2,2,True,2,120,0.00139808132632,1.04559799759,9.09547487007
