,iteration,success,k,N,msd,llh,prelec_gamma,s
0,0,True,2,600,,330.979164341,4.99999729489,0.724613121453
1,1,True,2,600,,330.979157106,4.99999867645,0.724464010883
2,2,True,2,600,,330.979154976,4.99999973957,0.724394458609
