,iteration,success,k,N,msd,prelec_gamma,s
0,0,True,2,120,0.01102841702,0.01,2.55531711255
1,1,True,2,120,0.175833333333,2.08936273923,2.76781214568e-17
2,2,True,2,120,0.175833333335,2.97130553965,4.5449466461e-12
