,iteration,success,k,N,msd,prelec_gamma,s
0,0,True,2,120,0.00269831645458,1.20259961983,7.08439358382
1,1,True,2,120,0.00269831645458,1.20259961832,7.08439363071
2,2,True,2,120,0.00269831645458,1.20259961713,7.08439362763
