,iteration,success,k,N,msd,prelec_gamma,s
0,0,True,2,120,0.0189162009756,1.08121966741,6.94788970433
1,1,True,2,120,0.0189162009756,1.08121966633,6.94788968844
2,2,True,2,120,0.0189162009756,1.08121966644,6.94788984718
