,iteration,success,k,N,msd,llh,prelec_gamma,s
0,0,True,2,600,,289.414275732,1.12456959833,4.23342758328
1,1,True,2,600,,289.41427573,1.12457001039,4.23343748912
2,2,True,2,600,,289.414275733,1.12456885177,4.23345766627
