,iteration,success,k,N,msd,prelec_gamma,s
0,0,True,2,120,0.122916666667,0.895449649274,8.81239525796e-16
1,1,True,2,120,0.00205353091934,1.05635147415,10.0
2,2,True,2,120,0.00205353091934,1.05635147182,10.0
