,iteration,success,k,N,msd,prelec_gamma,s
0,0,True,2,120,0.0117227301869,1.35104589535,3.37129391689
1,1,True,2,120,0.0117227301869,1.35104590257,3.37129390628
2,2,True,2,120,0.0117227301869,1.35104591053,3.3712938722
