,iteration,success,k,N,msd,prelec_gamma,s
0,0,True,2,120,0.00927162167732,1.10930974589,4.83461758553
1,1,True,2,120,0.00927162167732,1.10930974329,4.83461767952
2,2,True,2,120,0.00927162167732,1.10930974515,4.83461763094
