,iteration,success,k,N,msd,prelec_gamma,s
0,0,True,2,120,0.00455804360298,1.64562778792,8.99513821171
1,1,True,2,120,0.00455804360298,1.64562777659,8.99513845926
2,2,True,2,120,0.00455804360298,1.64562778061,8.99513826353
