,iteration,success,k,N,msd,prelec_gamma,s
0,0,True,2,120,0.00852841701998,0.01,2.55531710353
1,1,True,2,120,0.00852841701998,0.01,2.55531718187
2,2,True,2,120,0.173333334308,2.91883548123,3.66465659934e-09
