,iteration,success,k,N,msd,prelec_gamma,s
0,0,True,2,120,0.00909615868069,1.83019751443,8.84209281127
1,1,True,2,120,0.16125,0.897312812895,1.84271480291e-13
2,2,True,2,120,0.00909615868069,1.83019745561,8.84209318531
