,iteration,success,k,N,msd,prelec_gamma,s
0,0,True,2,120,0.0542004866377,0.01,3.07460680449
1,1,True,2,120,0.0542004866377,0.01,3.07460619284
2,2,True,2,120,0.139583333333,2.88201653789,8.98318157022e-13
