,iteration,success,k,N,msd,prelec_gamma,s
0,0,True,2,120,0.00568867585378,1.07639127527,8.58261598111
1,1,True,2,120,0.00568867585378,1.07639127593,8.58261600369
2,2,True,2,120,0.00568867585378,1.07639127395,8.58261626044
