,iteration,success,k,N,msd,llh,prelec_gamma,s
0,0,True,2,600,,340.528514527,4.99999831098,0.663146307094
1,1,True,2,600,,340.528425277,4.99999673981,0.66227641552
2,2,True,2,600,,340.528424344,4.99999952345,0.662205166211
