,iteration,success,k,N,msd,prelec_gamma,s
0,0,True,2,120,0.0971437124274,0.01,0.110580851482
1,1,True,2,120,0.124583333333,2.49248615201,7.91033905045e-16
2,2,True,2,120,0.0971437142002,0.0100000001129,0.110546725537
