,iteration,success,k,N,msd,prelec_gamma,s
0,0,True,2,120,0.0131471834181,1.2994074789,3.05387453551
1,1,True,2,120,0.1325,0.0949323740534,2.55799349779e-17
2,2,True,2,120,0.1325,0.423354660628,2.88251085581e-17
