,iteration,success,k,N,msd,prelec_gamma,s
0,0,True,2,120,0.00309894983364,1.30806011153,6.80020725555
1,1,True,2,120,0.00309894983364,1.30806011043,6.80020725282
2,2,True,2,120,0.00309894983364,1.30806011342,6.80020717042
