,iteration,success,k,N,msd,prelec_gamma,s
0,0,True,2,120,0.00159344457011,1.69308863131,8.13621112854
1,1,True,2,120,0.00159344457011,1.69308861966,8.13621112762
2,2,True,2,120,0.00159344457011,1.69308862531,8.13621120605
