,iteration,success,k,N,msd,prelec_gamma,s
0,0,False,2,120,1.03609341895e-10,1.30607245724,23.1838147728
1,1,True,2,120,0.212083333333,0.183958606303,5.84083235584e-17
2,2,False,2,120,1.38054094653e-12,1.28355712339,28.7089301779
