,iteration,success,k,N,msd,prelec_gamma,s
0,0,True,2,120,0.0291577910362,0.01,2.01464399962
1,1,True,2,120,0.1375,2.0725842843,7.11424885531e-17
2,2,True,2,120,0.137500000004,2.75054638298,1.97623494923e-11
