,iteration,success,k,N,msd,prelec_gamma,s
0,0,True,2,120,0.0042529248283,1.11862839115,4.76883326531
1,1,True,2,120,0.0042529248283,1.1186283933,4.76883318415
2,2,True,2,120,0.0042529248283,1.11862839242,4.76883323359
