,iteration,success,k,N,msd,llh,prelec_gamma,s
0,0,True,2,600,,415.888312913,4.96717734939,2.80309655592e-08
1,1,True,2,600,,355.638324012,0.0100029950462,0.150947372528
2,2,True,2,600,,415.888312447,4.84617984669,2.51322119243e-08
