,iteration,success,k,N,msd,llh,prelec_gamma,s
0,0,True,2,600,,1320.2925849,4.99999999923,5.08640024836
1,1,True,2,600,,289.783841172,1.03104734578,15.2275265129
2,2,True,2,600,,407.202710975,4.99998975275,0.18987399755
