,iteration,success,k,N,msd,prelec_gamma,s
0,0,True,2,120,0.00736152777879,1.42418497214,7.50867239524
1,1,True,2,120,0.00736152777879,1.42418498104,7.50867214055
2,2,True,2,120,0.00736152777879,1.4241849714,7.50867239546
