,iteration,success,k,N,msd,prelec_gamma,s
0,0,True,2,120,0.159583333501,2.81444854013,6.98323536806e-10
1,1,True,2,120,0.0148467458394,0.0100000000002,2.22815078365
2,2,True,2,120,0.0148467458394,0.0100000000001,2.22815161632
