,iteration,success,k,N,msd,llh,prelec_gamma,s
0,0,True,2,600,,398.616970069,4.9999419235,0.272851525704
1,1,True,2,600,,398.616968269,4.99994432916,0.27278057456
2,2,True,2,600,,398.616969241,4.99993061137,0.272729270519
