,iteration,success,k,N,msd,prelec_gamma,s
0,0,True,2,120,0.00349786024325,1.19455576748,8.24123196323
1,1,True,2,120,0.1625,0.423985201851,2.02615701994e-14
2,2,True,2,120,0.00349786024325,1.19455577052,8.24123191492
