,iteration,success,k,N,msd,prelec_gamma,s
0,0,True,2,120,0.00233438204052,1.19509500431,10.0
1,1,True,2,120,0.00233438204052,1.19509500002,10.0
2,2,True,2,120,0.00233438204052,1.19509497886,10.0
