,iteration,success,k,N,msd,prelec_gamma,s
0,0,True,2,120,0.00455555686198,2.13831916637,2.06730077589
1,1,True,2,120,0.00455555686198,2.13831917971,2.06730078833
2,2,True,2,120,0.00455555686198,2.1383191755,2.06730078788
