,iteration,success,k,N,msd,prelec_gamma,s
0,0,True,2,120,0.0783333333334,2.93682578531,6.21975887168e-13
1,1,True,2,120,0.0727138044382,0.01,1.16311865368
2,2,True,2,120,0.0783333333333,2.34616074979,1.02695629778e-15
