,iteration,success,k,N,msd,prelec_gamma,s
0,0,True,2,120,0.00870727863869,1.07548805466,6.25644639484
1,1,True,2,120,0.00870727863869,1.07548805393,6.25644640259
2,2,True,2,120,0.00870727863869,1.07548805454,6.25644632047
