,iteration,success,k,N,msd,prelec_gamma,s
0,0,True,2,120,0.00556834218272,1.21065562429,10.0
1,1,True,2,120,0.00556834456922,1.21048213419,9.99999999838
2,2,True,2,120,0.00556834218272,1.21065562161,10.0
