,iteration,success,k,N,msd,prelec_gamma,s
0,0,True,2,120,0.00472328553773,1.3383917851,4.30636783248
1,1,True,2,120,0.144583333333,0.701808457891,7.69025820894e-17
2,2,True,2,120,0.00472328553773,1.33839179085,4.30636781726
