,iteration,success,k,N,msd,prelec_gamma,s
0,0,True,2,120,0.142083333741,2.98376663935,2.28536565146e-09
1,1,True,2,120,0.0356117503257,0.01,2.55531700723
2,2,True,2,120,0.142083333334,2.87973883725,2.23405066495e-12
