,iteration,success,k,N,msd,prelec_gamma,s
0,0,True,2,120,0.00364153214563,1.06213152339,4.88389623755
1,1,True,2,120,0.00364153214563,1.06213152335,4.8838963138
2,2,True,2,120,0.00364153214563,1.06213152287,4.88389632139
