,iteration,success,k,N,msd,prelec_gamma,s
0,0,True,2,120,0.0079210710424,1.10170922698,4.33423881826
1,1,True,2,120,0.0079210710424,1.10170922809,4.33423874832
2,2,True,2,120,0.0079210710424,1.10170922678,4.33423882746
