,iteration,success,k,N,msd,prelec_gamma,s
0,0,True,2,120,0.215416667193,2.81599999683,1.59364643187e-09
1,1,True,2,120,0.000420113958153,0.01,3.81250568569
2,2,False,2,120,0.000420113958153,0.01,3.81250576119
