,iteration,success,k,N,msd,llh,prelec_gamma,s
0,0,True,2,600,,196.027257067,1.04716738794,19.9275846983
1,1,True,2,600,,196.027257067,1.0471673998,19.9275653079
2,2,True,2,600,,196.027257067,1.04716738879,19.9276119852
