,iteration,success,k,N,msd,llh,prelec_gamma,s
0,0,True,2,600,,413.022381875,4.99999639879,0.107694784307
1,1,True,2,600,,415.888308389,1.04644450934,2.07019438962e-08
2,2,True,2,600,,413.022381642,4.99999808624,0.107698897689
