,iteration,success,k,N,msd,prelec_gamma,s
0,0,True,2,120,0.00167170780378,1.47273352841,9.99999999964
1,1,True,2,120,0.00167170776225,1.47276866217,10.0
2,2,True,2,120,0.00167170776225,1.47276866463,10.0
