,iteration,success,k,N,msd,prelec_gamma,s
0,0,True,2,120,0.122916666667,0.741699495274,3.353303658e-16
1,1,True,2,120,0.0170976992852,1.18287676115,3.50913595523
2,2,True,2,120,0.0170976992852,1.182876757,3.50913593746
