,iteration,success,k,N,msd,prelec_gamma,s
0,0,True,2,120,0.00966525555577,1.08192405319,7.58232983486
1,1,True,2,120,0.124583333333,0.300508747606,8.37195235501e-18
2,2,True,2,120,0.00966525555577,1.08192405503,7.58232998291
