,iteration,success,k,N,msd,prelec_gamma,s
0,0,True,2,120,0.0119143523134,1.3903550846,2.08244974465
1,1,True,2,120,0.119166666667,0.551792453522,1.98284256255e-17
2,2,True,2,120,0.0119143523134,1.39035508415,2.08244976009
