,iteration,success,k,N,msd,prelec_gamma,s
0,0,True,2,120,0.000838374428912,1.47276866213,10.0
1,1,True,2,120,0.000838374429179,1.47277147167,9.99999999943
2,2,True,2,120,0.000838374428912,1.47276866186,9.99999999999
