,iteration,success,k,N,msd,prelec_gamma,s
0,0,True,2,120,0.150416666667,0.65520621153,6.55031584529e-15
1,1,True,2,120,0.150416666667,0.699237018848,1.28202165283e-15
2,2,True,2,120,0.0119928493427,1.06454019583,10.0
