,iteration,success,k,N,msd,prelec_gamma,s
0,0,True,2,120,0.00230623354436,1.05373135654,9.99999999997
1,1,True,2,120,0.00230623354436,1.05373135166,9.99999999998
2,2,True,2,120,0.00230623354436,1.05373135468,9.99999999999
