,iteration,success,k,N,msd,llh,prelec_gamma,s
0,0,True,2,600,,415.888308336,2.30620885978,1.07175948944e-12
1,1,True,2,600,,415.888308378,1.7011768706,2.56366613023e-10
2,2,True,2,600,,415.888308336,2.32021908359,3.22427049291e-13
