,iteration,success,k,N,msd,prelec_gamma,s
0,0,True,2,120,0.182916666667,0.597111830037,1.11022302463e-15
1,1,True,2,120,0.00417170764729,1.47276860965,10.0
2,2,True,2,120,0.00417172139976,1.47212952367,9.99999999644
