,iteration,success,k,N,msd,prelec_gamma,s
0,0,True,2,120,0.14875,2.17991732094,1.10666231453e-16
1,1,True,2,120,0.14875,1.78732046205,2.96929859746e-18
2,2,True,2,120,0.0256117505536,0.0100000000062,2.55570006791
