,iteration,success,k,N,msd,prelec_gamma,s
0,0,True,2,120,0.00250614577856,1.09345555686,4.91844539133
1,1,True,2,120,0.00250614577856,1.09345555678,4.91844536122
2,2,True,2,120,0.00250614577856,1.09345555583,4.9184453895
