,iteration,success,k,N,msd,prelec_gamma,s
0,0,True,2,120,0.18625,0.472650862044,7.9936057773e-15
1,1,True,2,120,0.00111159736333,1.42417466267,7.50992326934
2,2,True,2,120,0.00111159736333,1.42417466648,7.50992317674
