,iteration,success,k,N,msd,prelec_gamma,s
0,0,True,2,120,0.0954166666667,0.930309509719,2.74188698916e-13
1,1,True,2,120,0.00440547664933,1.06878446817,7.1313996148
2,2,True,2,120,0.00440547664933,1.06878446738,7.13139972116
