,iteration,success,k,N,msd,prelec_gamma,s
0,0,True,2,120,0.00205804361965,1.6456276962,8.9951399932
1,1,True,2,120,0.192083290144,2.99999999981,1.38510343314e-07
2,2,True,2,120,0.192083333333,0.439784292435,3.33066907388e-15
