,iteration,success,k,N,msd,prelec_gamma,s
0,0,True,2,120,0.150833333333,2.78464176993,3.41995098403e-15
1,1,True,2,120,0.150833333333,2.19779619513,8.07287964465e-17
2,2,True,2,120,0.150833333337,2.63653360001,1.6767868821e-11
