,iteration,success,k,N,msd,s
0,0,True,1,6000,0.228518108452,1.06189988182
1,1,True,1,6000,0.228518108452,1.06189982902
2,2,True,1,6000,0.228518108452,1.06190001039
