,iteration,success,k,N,msd,prelec_gamma,s
0,0,True,2,120,0.000664905137329,1.29229247563,8.42378184106
1,1,True,2,120,0.000664905137329,1.29229247191,8.42378195601
2,2,True,2,120,0.000664905137329,1.29229247236,8.4237819455
