,iteration,success,k,N,msd,prelec_gamma,s
0,0,True,2,120,0.0099807766299,1.0750193521,8.63689928774
1,1,True,2,120,0.0099807766299,1.07501935229,8.63689908931
2,2,True,2,120,0.131666666667,0.267013286946,1.27317003943e-17
