,iteration,success,k,N,msd,prelec_gamma,s
0,0,True,2,120,0.00643820092031,1.07076514535,10.0
1,1,True,2,120,0.00643820092031,1.07076515456,10.0
2,2,True,2,120,0.00643820092267,1.07076465945,9.99999999982
