,iteration,success,k,N,msd,prelec_gamma,s
0,0,True,2,120,0.00921076787545,1.07290669709,7.62231927917
1,1,True,2,120,0.00921076787545,1.07290669848,7.62231912717
2,2,True,2,120,0.00921076787545,1.07290669763,7.62231928729
