,iteration,success,k,N,msd,llh,prelec_gamma,s
0,0,True,2,600,,278.189462754,1.17588546742,3.35635587865
1,1,True,2,600,,278.189462753,1.17588831832,3.35631019369
2,2,True,2,600,,278.189462754,1.17588483775,3.35637407986
