,iteration,success,k,N,msd,prelec_gamma,s
0,0,True,2,120,0.0204077919049,0.01,2.01464499562
1,1,True,2,120,0.0204077919049,0.01,2.01464502078
2,2,True,2,120,0.0204077919049,0.01,2.01464508131
