,iteration,success,k,N,msd,prelec_gamma,s
0,0,True,2,120,0.150833333333,2.53948762443,1.09975259073e-16
1,1,True,2,120,0.0258244581424,0.01,2.01464454655
2,2,True,2,120,0.0258244581424,0.01,2.01464452076
