,iteration,success,k,N,msd,prelec_gamma,s
0,0,True,2,120,0.0893754703818,3.0,0.0557348626867
1,1,True,2,120,0.00610502719137,1.02604009827,12.9428105565
2,2,True,2,120,0.00610502719137,1.02604009859,12.9428105118
