,iteration,success,k,N,msd,prelec_gamma,s
0,0,True,2,120,0.0473966409031,0.01,1.86251865104
1,1,True,2,120,0.0473966409031,0.01,1.86251859737
2,2,True,2,120,0.13625,2.10184902644,0.0
