,iteration,success,k,N,msd,prelec_gamma,s
0,0,True,2,120,0.0037625254213,1.04423833247,9.99999999984
1,1,True,2,120,0.0503178743565,1.74705479346,2.57741147023
2,2,True,2,120,0.00376252418362,1.04424272417,9.99999999994
