,iteration,success,k,N,msd,prelec_gamma,s
0,0,True,2,120,0.120416666667,2.0790866879,7.97972798949e-16
1,1,True,2,120,0.0592054899437,0.01,1.7459877989
2,2,True,2,120,0.120416666695,2.81175166802,2.02773758056e-10
