,iteration,success,k,N,msd,prelec_gamma,s
0,0,True,2,120,0.09125,0.688250520522,6.61153851651e-17
1,1,True,2,120,0.00363850648254,1.21579190199,2.49482848013
2,2,True,2,120,0.09125,0.372611614318,3.1918911958e-15
