,iteration,success,k,N,msd,prelec_gamma,s
0,0,True,2,120,0.114583333333,0.930502241152,1.73736558272e-13
1,1,True,2,120,0.00920479719821,1.06058234509,9.90937994072
2,2,True,2,120,0.00920479719821,1.06058234601,9.90937974902
