,iteration,success,k,N,msd,prelec_gamma,s
0,0,True,2,120,0.0219300791716,0.01,2.22814943603
1,1,True,2,120,0.0219300791716,0.01,2.22814944254
2,2,True,2,120,0.0219300791716,0.01,2.2281495271
