,iteration,success,k,N,msd,prelec_gamma,s
0,0,True,2,120,0.125833333333,2.2277368274,1.40243451943e-17
1,1,True,2,120,0.125833333336,2.60579626654,1.1881655313e-11
2,2,True,2,120,0.125833333333,1.85727693712,1.1204262142e-17
