,iteration,success,k,N,msd,llh,prelec_gamma,s
0,0,True,2,600,,202.705409638,1.04900201298,17.8770004515
1,1,True,2,600,,202.705409638,1.04900204662,17.8769897866
2,2,True,2,600,,526.227985304,1.6170256446,7.92633140333
