,iteration,success,k,N,msd,prelec_gamma,s
0,0,True,2,120,0.487732838432,2.99999999986,5.53508676249
1,1,True,2,120,0.0842736402788,0.01,1.40901346351
2,2,True,2,120,0.106666666667,1.68081801493,6.71684929898e-15
