,iteration,success,k,N,msd,prelec_gamma,s
0,0,True,2,120,0.0247784170042,0.01,2.55531710614
1,1,True,2,120,0.0247784170042,0.01,2.55531700256
2,2,True,2,120,0.0247784170042,0.01,2.55531710333
