,iteration,success,k,N,msd,prelec_gamma,s
0,0,True,2,120,0.0114322825737,1.18141573695,2.55961190276
1,1,True,2,120,0.0114322825737,1.18141573184,2.55961196688
2,2,True,2,120,0.0114322825737,1.18141572886,2.55961198689
