,iteration,success,k,N,msd,prelec_gamma,s
0,0,True,2,120,0.0195851849022,1.06134790475,9.99999999953
1,1,True,2,120,0.0195851841463,1.06135358505,9.99999999999
2,2,True,2,120,0.0195851841463,1.06135357281,9.99999999999
