,iteration,success,k,N,msd,llh,prelec_gamma,s
0,0,True,2,600,,415.888326752,1.04414397358,7.64994855505e-06
1,1,True,2,600,,411.017880846,4.99999165031,0.141101587671
2,2,True,2,600,,411.017879308,4.99999661752,0.14106747332
