,iteration,success,k,N,msd,prelec_gamma,s
0,0,True,2,120,0.0304077910257,0.01,2.01464401675
1,1,True,2,120,0.130416666667,2.6047722416,5.4630697101e-17
2,2,True,2,120,0.13041666671,2.73692699899,2.16980610843e-10
