,iteration,success,k,N,msd,prelec_gamma,s
0,0,True,2,6000,1.57353009042e-08,0.0100000000704,5.5988924284
1,1,True,2,6000,0.233037500001,2.86729980149,3.49737601605e-12
2,2,True,2,6000,1.57353008918e-08,0.0100000000001,5.59889231945
