,iteration,success,k,N,msd,prelec_gamma,s
0,0,True,2,120,0.125833333333,1.9627042403,1.3933298959e-14
1,1,True,2,120,0.072955481296,0.01,1.74598210395
2,2,False,2,120,0.072955481296,0.01,1.74598207503
