,iteration,success,k,N,msd,prelec_gamma,s
0,0,True,2,120,0.0272784170003,0.01,2.55531703298
1,1,True,2,120,0.150416666667,2.07148298029,0.0
2,2,True,2,120,0.0272784170003,0.01,2.55531710781
