,iteration,success,k,N,msd,s
0,0,True,1,6000,0.219677123716,0.953643509981
1,1,True,1,6000,0.219677123716,0.953643483773
2,2,True,1,6000,0.219677123716,0.953643613377
