,iteration,success,k,N,msd,prelec_gamma,s
0,0,True,2,120,0.013528434747,0.0100000012663,2.55875825851
1,1,True,2,120,0.161666666691,2.8851382271,1.00985740418e-10
2,2,True,2,120,0.16166666667,2.63242797563,1.45929329565e-11
