,iteration,success,k,N,msd,prelec_gamma,s
0,0,True,2,120,0.0093149538235,1.25941622453,4.65724032906
1,1,True,2,120,0.0093149538235,1.25941621613,4.65724044963
2,2,True,2,120,0.0093149538235,1.25941621364,4.65724043122
