,iteration,success,k,N,msd,prelec_gamma,s
0,0,True,2,120,0.141666667385,2.57237258641,3.35411740292e-09
1,1,True,2,120,0.141666666668,2.87871375803,6.86911236816e-12
2,2,True,2,120,0.021930079037,0.01,2.22814926541
