,iteration,success,k,N,msd,prelec_gamma,s
0,0,True,2,120,0.175416666765,2.96734202572,3.85906645114e-10
1,1,True,2,120,0.0104201139582,0.01,3.81250586415
2,2,True,2,120,0.0104201139582,0.01,3.81250580014
