,iteration,success,k,N,msd,prelec_gamma,s
0,0,True,2,120,0.0616666666667,1.7963648924,2.13123110049e-14
1,1,True,2,120,0.00836029604888,1.01998392784,7.79225654251
2,2,True,2,120,0.00836029604888,1.019983928,7.7922568211
