,iteration,success,k,N,msd,prelec_gamma,s
0,0,True,2,120,0.0920833333333,0.543565655076,4.16333634234e-17
1,1,True,2,120,0.03745765766,3.0,2.47490940823
2,2,True,2,120,0.0920833333333,0.494022059252,5.25553323149e-17
