,iteration,success,k,N,msd,prelec_gamma,s
0,0,True,2,120,0.00455804360298,1.6456278077,8.99513797029
1,1,True,2,120,0.00455804360298,1.64562776353,8.99513856499
2,2,True,2,120,0.177916666667,0.041827494923,6.87144743311e-17
