,iteration,success,k,N,msd,s
0,0,True,1,6000,0.220464432798,0.958745449202
1,1,True,1,6000,0.220464432798,0.958745478564
2,2,True,1,6000,0.220464432798,0.958745487649
