,iteration,success,k,N,msd,llh,prelec_gamma,s
0,0,True,2,600,,410.323241404,4.99999674713,0.151226039738
1,1,True,2,600,,410.323229225,4.99997363039,0.150999544498
2,2,True,2,600,,410.323226408,4.99998897077,0.150976997986
