,iteration,success,k,N,msd,llh,prelec_gamma,s
0,0,True,2,600,,415.888309544,4.9429654135,7.8213364932e-09
1,1,True,2,600,,415.888311362,4.92482931326,1.95946597565e-08
2,2,True,2,600,,415.888308336,4.64491993478,2.64892291455e-12
