,iteration,success,k,N,msd,prelec_gamma,s
0,0,True,2,120,0.0607683507375,3.0,0.231127983807
1,1,True,2,120,0.07,0.14764350953,4.25778216586e-17
2,2,True,2,120,0.07,0.39574339566,6.08402217495e-14
