,iteration,success,k,N,msd,llh,prelec_gamma,s
0,0,True,2,600,,317.960021717,1.07721778217,5.5754958335
1,1,True,2,600,,317.96002172,1.07721743953,5.57546161419
2,2,True,2,600,,317.960021716,1.07721732048,5.57551565816
