,iteration,success,k,N,msd,prelec_gamma,s
0,0,True,2,120,0.00567947047554,1.05702437793,10.0
1,1,True,2,120,0.1225,0.880244684795,1.7259888361e-13
2,2,True,2,120,0.00567947064752,1.05702207134,9.99999999827
