,iteration,success,k,N,msd,prelec_gamma,s
0,0,True,2,120,0.00347619794312,1.22697504777,5.01212314286
1,1,True,2,120,0.00347619794312,1.22697504552,5.01212318165
2,2,True,2,120,0.00347619794312,1.22697504762,5.01212309598
