,iteration,success,k,N,msd,prelec_gamma,s
0,0,True,2,120,0.0123481433262,1.06730310247,5.02427302275
1,1,True,2,120,0.0123481433262,1.06730310138,5.02427305964
2,2,True,2,120,0.0123481433262,1.06730310096,5.02427314767
