,iteration,success,k,N,msd,prelec_gamma,s
0,0,True,2,120,0.0720833333333,0.0264335188692,1.18221528199e-18
1,1,True,2,120,0.00637810625359,1.09747859577,3.97440687212
2,2,True,2,120,0.00637810625359,1.09747859501,3.97440695101
