,iteration,success,k,N,msd,prelec_gamma,s
0,0,True,2,120,0.00858015247682,1.29211290245,8.4048428236
1,1,True,2,120,0.00858015247682,1.29211291182,8.40484269667
2,2,True,2,120,0.00858015247682,1.2921129154,8.40484258056
