,iteration,success,k,N,msd,prelec_gamma,s
0,0,True,2,120,0.128207920268,0.01,1.50319321746
1,1,True,2,120,0.0920833333333,2.42747303518,6.5780714209e-15
2,2,True,2,120,0.128207920268,0.01,1.50319326543
