,iteration,success,k,N,msd,prelec_gamma,s
0,0,True,2,120,0.000808043627979,1.64562765298,8.99514072178
1,1,True,2,120,0.000808043627979,1.64562763445,8.99514109659
2,2,True,2,120,0.199166666667,0.820480103942,1.60982338571e-14
