,iteration,success,k,N,msd,llh,prelec_gamma,s
0,0,True,2,600,,203.228116982,1.04736900472,18.9099698012
1,1,True,2,600,,203.228116982,1.04736896527,18.9099959454
2,2,True,2,600,,415.88831248,0.569915917074,1.07565167593e-08
