,iteration,success,k,N,msd,llh,prelec_gamma,s
0,0,True,2,600,,256.460124897,1.09973142029,6.15853092598
1,1,True,2,600,,256.460124895,1.09973084169,6.15855760282
2,2,True,2,600,,415.888312576,0.343521618067,5.81917587533e-09
