,iteration,success,k,N,msd,prelec_gamma,s
0,0,True,2,120,0.131666666667,2.93639966367,3.44514272559e-16
1,1,True,2,120,0.0452634121009,0.01,2.22814872709
2,2,True,2,120,0.131666666667,2.96402402527,5.9559082939e-14
