,iteration,success,k,N,msd,prelec_gamma,s
0,0,True,2,120,0.13875,2.38853061762,0.0
1,1,True,2,120,0.13875,1.96507283913,5.93969318174e-15
2,2,True,2,120,0.138750000326,2.92080532864,2.53748883165e-09
