,iteration,success,k,N,msd,prelec_gamma,s
0,0,True,2,120,0.0135284170121,0.01,2.55531710032
1,1,True,2,120,0.0135284170121,0.01,2.55531711464
2,2,True,2,120,0.0135284170121,0.01,2.5553171047
