,iteration,success,k,N,msd,prelec_gamma,s
0,0,True,2,120,0.00632637555028,1.09066901448,4.48940720519
1,1,True,2,120,0.00632637555028,1.09066901363,4.48940723868
2,2,True,2,120,0.00632637555028,1.09066901381,4.4894071994
