,iteration,success,k,N,msd,prelec_gamma,s
0,0,True,2,120,0.0658721523747,0.01,1.74598505654
1,1,True,2,120,0.0658721523747,0.01,1.74598497436
2,2,True,2,120,0.127083333333,2.90649364869,3.70899640296e-13
