,iteration,success,k,N,msd,prelec_gamma,s
0,0,True,2,120,0.165416666676,2.92869847857,4.10550299899e-11
1,1,True,2,120,0.165416666667,2.84397784588,1.0082122195e-13
2,2,True,2,120,0.0170867806248,0.01,3.81250570186
