,iteration,success,k,N,msd,prelec_gamma,s
0,0,True,2,120,0.00667924579549,1.08046174162,4.98810844905
1,1,True,2,120,0.00667924579549,1.08046174186,4.98810849175
2,2,True,2,120,0.00667924579549,1.08046174192,4.98810850017
