,iteration,success,k,N,msd,prelec_gamma,s
0,0,True,2,120,0.00528972588724,1.57220854049,5.75392838884
1,1,True,2,120,0.00528972588724,1.57220854814,5.75392857828
2,2,True,2,120,0.00528972588724,1.5722085611,5.75392852428
