,iteration,success,k,N,msd,prelec_gamma,s
0,0,True,2,120,0.00156727254811,1.30243737659,3.86681911898
1,1,True,2,120,0.00156727254811,1.30243738737,3.86681906836
2,2,True,2,120,0.00156727254811,1.30243738742,3.86681904013
