,iteration,success,k,N,msd,llh,prelec_gamma,s
0,0,True,2,600,,192.701284863,1.05180739948,17.2815639274
1,1,True,2,600,,192.701284863,1.051807431,17.2814907162
2,2,True,2,600,,192.701284863,1.05180734354,17.2815654251
