,iteration,success,k,N,msd,prelec_gamma,s
0,0,True,2,120,0.0221171550692,0.0100000012901,3.07319861899
1,1,True,2,120,0.0221171533055,0.0100000000016,3.07457552132
2,2,True,2,120,0.0221171533046,0.01,3.07460633064
