,iteration,success,k,N,msd,prelec_gamma,s
0,0,True,2,120,0.0021171533049,0.01,3.07460618584
1,1,True,2,120,0.00211715360334,0.0100000000145,3.07402722312
2,2,True,2,120,0.195833333333,2.86823339484,2.01191972037e-14
