,iteration,success,k,N,msd,prelec_gamma,s
0,0,True,2,120,0.00852083816315,1.08288307737,5.59441609046
1,1,True,2,120,0.00852083816315,1.08288307819,5.59441588734
2,2,True,2,120,0.00852083816315,1.08288307932,5.59441592468
