,iteration,success,k,N,msd,llh,prelec_gamma,s
0,0,True,2,600,,415.888309339,0.770892299372,5.68427929113e-09
1,1,True,2,600,,297.619486705,1.12334189427,4.07122791838
2,2,True,2,600,,297.619486705,1.12334362355,4.07116327335
