,iteration,success,k,N,msd,prelec_gamma,s
0,0,True,2,120,0.00298402001114,1.03331560692,13.8733183957
1,1,True,2,120,0.00298402001114,1.03331560697,13.8733185608
2,2,True,2,120,0.00298402001114,1.03331560697,13.873318741
