,iteration,success,k,N,msd,prelec_gamma,s
0,0,True,2,120,0.106666666667,2.94766813747,6.57353928097e-13
1,1,True,2,120,0.106666666668,2.53249935868,1.19434694272e-11
2,2,True,2,120,0.106666666667,2.14817921812,1.36110671259e-12
