,iteration,success,k,N,msd,prelec_gamma,s
0,0,True,2,120,0.00201003263106,1.55252299201,7.80770826311
1,1,True,2,120,0.00201003263106,1.55252296993,7.80770860429
2,2,True,2,120,0.189166666667,0.91436884188,4.72858839004e-13
