,iteration,success,k,N,msd,prelec_gamma,s
0,0,True,2,120,0.0102753273782,1.72062952526,7.52881501347
1,1,True,2,120,0.0102753273782,1.72062953358,7.52881471686
2,2,True,2,120,0.0102753273782,1.72062954014,7.52881454135
