,iteration,success,k,N,msd,prelec_gamma,s
0,0,True,2,120,0.018640062041,1.13600482624,3.75548603525
1,1,True,2,120,0.018640062041,1.13600482709,3.75548603824
2,2,True,2,120,0.018640062041,1.13600482216,3.7554861382
