,iteration,success,k,N,msd,prelec_gamma,s
0,0,False,2,120,0.00041666673722,1.51889387605,19.5575622015
1,1,False,2,120,0.000416666669374,1.4684724662,22.6693480509
2,2,False,2,120,0.000416666666717,1.41941398202,27.0552826379
