,iteration,success,k,N,msd,llh,prelec_gamma,s
0,0,True,2,600,,292.405503237,1.24236507745,2.37014721486
1,1,True,2,600,,292.405503236,1.24237590208,2.37005990923
2,2,True,2,600,,292.405503236,1.24236592052,2.3701371171
