,iteration,success,k,N,msd,prelec_gamma,s
0,0,True,2,120,0.106166755521,0.01,1.57323889472
1,1,True,2,120,0.120833333333,1.86877039433,7.66053886991e-15
2,2,True,2,120,0.106201436376,0.0100000001003,1.63462550332
