,iteration,success,k,N,msd,prelec_gamma,s
0,0,True,2,120,0.0145776088887,1.75056137714,10.0
1,1,True,2,120,0.0145776088887,1.75056136398,10.0
2,2,True,2,120,0.158333333333,0.339713230934,1.85662030634e-17
