,iteration,success,k,N,msd,prelec_gamma,s
0,0,True,2,120,0.00753360722127,1.36064796484,4.60408639122
1,1,True,2,120,0.00753360722127,1.3606479684,4.60408636424
2,2,True,2,120,0.00753360722127,1.3606479665,4.6040863642
