,iteration,success,k,N,msd,prelec_gamma,s
0,0,True,2,120,0.00931648274495,1.0565854211,6.60483921092
1,1,True,2,120,0.00931648274495,1.05658542076,6.60483926576
2,2,True,2,120,0.0340348875478,2.99999999998,0.585602506811
