,iteration,success,k,N,msd,prelec_gamma,s
0,0,True,2,120,0.00737301124794,1.57218282603,5.75356167483
1,1,True,2,120,0.00737301124794,1.57218283197,5.75356160168
2,2,True,2,120,0.00737301124794,1.57218282898,5.75356162561
