,iteration,success,k,N,msd,prelec_gamma,s
0,0,True,2,120,0.00235910728574,1.10027235962,5.97937383936
1,1,True,2,120,0.00235910728574,1.10027236013,5.97937377853
2,2,True,2,120,0.00235910728574,1.10027235837,5.97937392917
