,iteration,success,k,N,msd,prelec_gamma,s
0,0,True,2,120,0.00703833930423,1.29141967022,5.39913725919
1,1,True,2,120,0.143333333333,0.720742750173,1.89848137211e-14
2,2,True,2,120,0.00703833930423,1.29141968076,5.3991371903
