,iteration,success,k,N,msd,llh,prelec_gamma,s
0,0,True,2,600,,415.888308899,1.04418809485,1.15108409492e-07
1,1,True,2,600,,415.888417056,1.01771746137,1.53963856255e-05
2,2,True,2,600,,413.208916369,4.99999400811,0.104084719632
