,iteration,success,k,N,msd,llh,prelec_gamma,s
0,0,True,2,600,,415.888308336,0.349888123788,9.32587340685e-15
1,1,True,2,600,,311.553533195,1.07034857782,6.35525268182
2,2,True,2,600,,311.5535332,1.07034895996,6.35531692795
