,iteration,success,k,N,msd,prelec_gamma,s
0,0,True,2,120,0.00665821228312,1.21236680067,2.28231312798
1,1,True,2,120,0.08375,0.725377240146,2.94209101526e-15
2,2,True,2,120,0.00665821228312,1.21236679987,2.28231312677
