,iteration,success,k,N,msd,prelec_gamma,s
0,0,True,2,120,0.077075792737,0.0100000000002,1.09147193451
1,1,True,2,120,0.0770757929809,0.0100000000562,1.09134434147
2,2,True,2,120,0.077075792737,0.01,1.09147165841
