,iteration,success,k,N,msd,prelec_gamma,s
0,0,True,2,120,0.00588436402801,1.39720414096,4.97483522239
1,1,True,2,120,0.00588436402801,1.39720414392,4.97483520271
2,2,True,2,120,0.159583333333,0.166387439403,8.27116153346e-15
