,iteration,success,k,N,msd,prelec_gamma,s
0,0,True,2,120,0.0010690400478,3.0,0.916098490362
1,1,True,2,120,0.0010690400478,3.0,0.916098238038
2,2,True,2,120,0.00106904017251,2.99999999952,0.916027525679
