,iteration,success,k,N,msd,prelec_gamma,s
0,0,True,2,120,0.00920414176444,1.06695396235,9.99999999999
1,1,True,2,120,0.00920414176444,1.06695397287,9.99999999998
2,2,True,2,120,0.00920414176444,1.06695397655,9.99999999997
