,iteration,success,k,N,msd,prelec_gamma,s
0,0,True,2,120,0.00273368160454,1.30813287186,5.94344964969
1,1,True,2,120,0.162916666667,0.612032322119,3.5527136788e-15
2,2,True,2,120,0.00273368160454,1.30813287036,5.94344966862
