,iteration,success,k,N,msd,prelec_gamma,s
0,0,True,2,120,0.0194624942679,1.85868875571,8.33857032767
1,1,True,2,120,0.0194624942679,1.85868873488,8.33857057123
2,2,True,2,120,0.0192614968073,1.49462790897,3.83258394784
