,iteration,success,k,N,msd,prelec_gamma,s
0,0,True,2,120,0.00582760888904,1.75056136763,10.0
1,1,True,2,120,0.00582760888904,1.75056138871,10.0
2,2,True,2,120,0.00582760888904,1.7505613735,10.0
