,iteration,success,k,N,msd,prelec_gamma,s
0,0,True,2,120,0.0550215602858,0.01,0.135073709878
1,1,True,2,120,0.0519209715643,0.010000000378,1.38686585154
2,2,True,2,120,0.0519208119192,0.01,1.3829429888
