,iteration,success,k,N,msd,llh,prelec_gamma,s
0,0,True,2,600,,414.636467561,4.9999955567,0.0708993436833
1,1,True,2,600,,414.636467298,4.99999715768,0.0710153112164
2,2,True,2,600,,414.636467999,4.99999896308,0.0710403105092
