,iteration,success,k,N,msd,prelec_gamma,s
0,0,True,2,120,0.00845490502022,1.51202922121,4.96744346137
1,1,True,2,120,0.146666666667,0.309222260678,2.4866127727e-17
2,2,True,2,120,0.00845490502022,1.5120292127,4.96744348326
