,iteration,success,k,N,msd,prelec_gamma,s
0,0,True,2,120,0.0163744812912,1.10068298409,6.31041481716
1,1,True,2,120,0.0163744812912,1.10068298319,6.31041475286
2,2,True,2,120,0.0163744812912,1.10068298197,6.31041489769
