,iteration,success,k,N,msd,llh,prelec_gamma,s
0,0,True,2,600,,243.745306302,1.13133271934,5.16696854203
1,1,True,2,600,,243.745306303,1.13133406238,5.16691934757
2,2,True,2,600,,243.745306302,1.13133368128,5.1669259925
