,iteration,success,k,N,msd,prelec_gamma,s
0,0,True,2,120,0.0172784170082,0.01,2.55531701057
1,1,False,2,120,0.0172784170082,0.01,2.55531710825
2,2,True,2,120,0.0172784170082,0.01,2.55531710595
