,iteration,success,k,N,msd,prelec_gamma,s
0,0,True,2,120,0.00726226378411,2.25816792311,9.99999999973
1,1,True,2,120,0.194166666667,0.108137401945,2.08810998594e-17
2,2,True,2,120,0.00726226246815,2.25885428496,10.0
