,iteration,success,k,N,msd,prelec_gamma,s
0,0,True,2,120,0.0106637732198,1.29215042671,8.40866850487
1,1,True,2,120,0.0106637732198,1.2921504253,8.40866848096
2,2,True,2,120,0.0106637732198,1.2921504244,8.40866870912
