,iteration,success,k,N,msd,prelec_gamma,s
0,0,True,2,120,0.0804166666667,0.295296203416,1.4224732503e-15
1,1,True,2,120,0.00246983430725,1.15199770736,3.07605612814
2,2,True,2,120,0.00246983430725,1.15199770482,3.07605616145
