,iteration,success,k,N,msd,prelec_gamma,s
0,0,True,2,120,0.0596521788137,0.0100000000001,1.62542381147
1,1,True,2,120,0.105416666667,2.7787073028,4.53667859877e-15
2,2,True,2,120,0.0705981478573,0.01,0.129198378517
