,iteration,success,k,N,msd,llh,prelec_gamma,s
0,0,True,2,600,,298.511193292,1.12125293375,4.11284258664
1,1,True,2,600,,298.51119329,1.12125167969,4.11285922208
2,2,True,2,600,,298.511193291,1.1212539266,4.11278071182
