,iteration,success,k,N,msd,prelec_gamma,s
0,0,True,2,120,0.14750000006,2.99929856955,2.95500327271e-10
1,1,True,2,120,0.0277634123041,0.01,2.22814904952
2,2,True,2,120,0.0277634123041,0.01,2.22814979022
