,iteration,success,k,N,msd,prelec_gamma,s
0,0,True,2,120,0.00854166737157,1.15992373597,2.95853910442
1,1,True,2,120,0.00854166737157,1.1599237351,2.9585390904
2,2,True,2,120,0.00854166737157,1.15992373458,2.95853913846
