,iteration,success,k,N,msd,prelec_gamma,s
0,0,True,2,120,0.00867669634436,1.5525263657,7.80760535868
1,1,True,2,120,0.00867669634436,1.55252634799,7.80760549994
2,2,True,2,120,0.00867669634436,1.55252635306,7.80760548172
