,iteration,success,k,N,msd,prelec_gamma,s
0,0,True,2,120,0.140833333333,2.28139278309,2.0452771917e-17
1,1,True,2,120,0.140833333395,2.70115144516,3.23189571215e-10
2,2,True,2,120,0.140833333333,1.94352022688,2.19275790053e-17
