,iteration,success,k,N,msd,prelec_gamma,s
0,0,True,2,120,0.0016034544436,1.13940926142,5.07426755
1,1,True,2,120,0.0016034544436,1.13940926206,5.07426751713
2,2,True,2,120,0.0016034544436,1.13940926062,5.07426758352
