,iteration,success,k,N,msd,prelec_gamma,s
0,0,True,2,120,0.0870833333333,0.702528212069,5.66213742559e-15
1,1,True,2,120,0.000932932364544,1.05428081284,8.87346583284
2,2,True,2,120,0.000932932364544,1.05428081291,8.87346573559
