,iteration,success,k,N,msd,llh,prelec_gamma,s
0,0,True,2,600,,264.759952443,1.07526591734,7.70984496272
1,1,True,2,600,,264.759952434,1.07526494026,7.70994359409
2,2,True,2,600,,264.759952435,1.0752648287,7.70999064517
