,iteration,success,k,N,msd,prelec_gamma,s
0,0,True,2,120,0.135833333335,2.64297753023,9.05731879229e-12
1,1,True,2,120,0.135833333377,2.81066018142,2.50838274532e-10
2,2,True,2,120,0.0437874976922,0.01,1.65200018514
