,iteration,success,k,N,msd,prelec_gamma,s
0,0,True,2,120,0.208333333333,0.105688237557,1.92694354945e-17
1,1,True,2,120,0.00169012989993,1.98073866449,10.0
2,2,True,2,120,0.00169012989993,1.98073869153,10.0
