,iteration,success,k,N,msd,prelec_gamma,s
0,0,True,2,120,0.00952729242776,1.1577718119,5.19349539815
1,1,True,2,120,0.00952729242776,1.15777181034,5.19349548483
2,2,True,2,120,0.00952729242776,1.15777180619,5.1934955543
