,iteration,success,k,N,msd,prelec_gamma,s
0,0,True,2,120,0.16,0.555255177573,4.57807012109e-18
1,1,True,2,120,0.00512275303514,1.51258874385,4.97059871262
2,2,True,2,120,0.16,0.20704762841,1.30873159378e-17
