,iteration,success,k,N,msd,prelec_gamma,s
0,0,True,2,120,0.0246194500194,1.10142103547,3.82388373948
1,1,True,2,120,0.0246194500194,1.10142103823,3.82388371837
2,2,True,2,120,0.0246194500194,1.10142103804,3.82388368582
