,iteration,success,k,N,msd,prelec_gamma,s
0,0,True,2,120,0.0111153792271,1.21883661507,3.03213566676
1,1,True,2,120,0.0111153792271,1.21883661905,3.03213563359
2,2,True,2,120,0.109583333333,0.354970152156,7.70862955779e-17
