,iteration,success,k,N,msd,prelec_gamma,s
0,0,True,2,120,0.00305104019591,1.42753983678,5.47789845015
1,1,True,2,120,0.00305104019591,1.42753983035,5.47789842483
2,2,True,2,120,0.00305104019591,1.42753983363,5.47789843609
