,iteration,success,k,N,msd,prelec_gamma,s
0,0,True,2,120,0.00344314709513,1.0744132174,5.02865727307
1,1,True,2,120,0.00344314709513,1.07441321778,5.02865718432
2,2,True,2,120,0.00344314709513,1.07441321822,5.02865714382
