,iteration,success,k,N,msd,prelec_gamma,s
0,0,True,2,3000,0.0406419412757,0.01,1.7935295939
1,1,True,2,3000,0.120476666777,2.89022926515,6.28616003118e-10
2,2,True,2,3000,0.0406419412757,0.01,1.79352960892
