,iteration,success,k,N,msd,prelec_gamma,s
0,0,True,2,120,0.00606212122909,1.20265982749,3.28926434862
1,1,True,2,120,0.111666666667,0.997264410264,2.42907288795e-15
2,2,True,2,120,0.00606212122909,1.20265983017,3.28926435771
