,iteration,success,k,N,msd,prelec_gamma,s
0,0,True,2,120,0.0104168637405,0.0100000000007,4.75991444167
1,1,True,2,120,0.0104168637405,0.0100000000006,4.75991442423
2,2,True,2,120,0.0104168637405,0.01,4.75991442374
