,iteration,success,k,N,msd,prelec_gamma,s
0,0,True,2,120,0.07125,0.757189707503,5.32092225126e-16
1,1,True,2,120,0.0555689022777,2.99999999944,0.310323985866
2,2,True,2,120,0.07125,0.766316613577,3.1978618318e-17
