,iteration,success,k,N,msd,prelec_gamma,s
0,0,True,2,120,0.00806663906802,1.09164563325,6.39907483868
1,1,True,2,120,0.00806663906802,1.09164563352,6.39907479574
2,2,True,2,120,0.00806663906802,1.09164563437,6.39907476685
