,iteration,success,k,N,msd,prelec_gamma,s
0,0,True,2,120,0.0105656350477,1.20983681698,10.0
1,1,True,2,120,0.0105656350477,1.20983681451,10.0
2,2,True,2,120,0.0105656350477,1.20983678761,10.0
