,iteration,success,k,N,msd,prelec_gamma,s
0,0,True,2,120,0.1,0.464762086307,3.13364938459e-17
1,1,True,2,120,0.1,0.131998394558,6.75039549148e-18
2,2,True,2,120,0.00132393724456,1.1123860892,4.7497221701
