,iteration,success,k,N,msd,prelec_gamma,s
0,0,True,2,120,0.095,0.750704958093,2.10538951665e-16
1,1,True,2,120,0.00165775880196,1.13415180259,3.91966514381
2,2,True,2,120,0.00165775880196,1.13415180508,3.91966510078
