,iteration,success,k,N,msd,prelec_gamma,s
0,0,True,2,120,0.0120101110221,1.69308903438,8.13620281108
1,1,True,2,120,0.0120101110221,1.69308903784,8.13620285817
2,2,True,2,120,0.0120101110221,1.69308901803,8.13620316247
