,iteration,success,k,N,msd,llh,prelec_gamma,s
0,0,True,2,600,,350.666028006,4.9999996389,0.59809406334
1,1,True,2,600,,350.666029114,4.99999564277,0.597892836613
2,2,True,2,600,,415.888308336,0.826005382394,3.46389583683e-14
