,iteration,success,k,N,msd,prelec_gamma,s
0,0,True,2,120,0.105833333333,0.215324283703,1.36557432029e-14
1,1,True,2,120,0.00357149058547,1.04882574858,10.0
2,2,True,2,120,0.0416504430331,3.0,2.55281110942
