,iteration,success,k,N,msd,prelec_gamma,s
0,0,True,2,120,0.0149176897622,1.25188295558,3.0829389027
1,1,True,2,120,0.0149176897622,1.25188296628,3.08293886811
2,2,True,2,120,0.0149176897622,1.25188296086,3.08293890552
