,iteration,success,k,N,msd,prelec_gamma,s
0,0,True,2,1200,0.0208997671435,1.33990640343,0.516764579221
1,1,True,2,1200,0.0208997671435,1.33990639439,0.516764576634
2,2,True,2,1200,0.0208997671435,1.33990639817,0.516764574106
