,iteration,success,k,N,msd,prelec_gamma,s
0,0,True,2,1200,0.0123277270224,1.06555443801,0.692447243177
1,1,True,2,1200,0.0123277270224,1.06555444013,0.692447226702
2,2,True,2,1200,0.0123277270224,1.06555443758,0.692447234715
