,iteration,success,k,N,msd,prelec_gamma,s
0,0,True,2,1200,0.0170296214547,1.4256350275,0.956486766355
1,1,True,2,1200,0.0170296214547,1.42563503201,0.956486787148
2,2,True,2,1200,0.0170296214547,1.42563502887,0.956486783964
