,iteration,success,k,N,msd,prelec_gamma,s
0,0,True,2,1200,0.017635686881,0.608528310892,0.668113005532
1,1,True,2,1200,0.017635686881,0.608528309191,0.668113004637
2,2,True,2,1200,0.017635686881,0.608528316977,0.668113006206
