,iteration,success,k,N,msd,prelec_gamma,s
0,0,True,2,1200,0.0191994211139,0.703129698788,0.583227881934
1,1,True,2,1200,0.0191994211139,0.70312969426,0.583227882364
2,2,True,2,1200,0.0191994211139,0.703129701545,0.58322788607
