,iteration,success,k,N,msd,prelec_gamma,s
0,0,True,2,1200,0.0135211348727,1.40553477058,0.984584874823
1,1,True,2,1200,0.0135211348727,1.40553477495,0.984584865034
2,2,True,2,1200,0.0135211348727,1.40553477366,0.984584861521
