,iteration,success,k,N,msd,prelec_gamma,s
0,0,True,2,1200,0.0145287610044,0.562871723413,1.2059703233
1,1,True,2,1200,0.0145287610044,0.562871726101,1.20597031622
2,2,True,2,1200,0.0145287610044,0.562871724437,1.2059703304
