,iteration,success,k,N,msd,prelec_gamma,s
0,0,True,2,1200,0.012166857091,0.540017178922,1.10138415866
1,1,True,2,1200,0.012166857091,0.540017180249,1.10138415998
2,2,True,2,1200,0.012166857091,0.540017178521,1.10138415735
