,iteration,success,k,N,msd,prelec_gamma,s
0,0,True,2,1200,0.0202284542272,1.0611781601,0.605524188721
1,1,True,2,1200,0.0202284542272,1.06117816087,0.605524176228
2,2,True,2,1200,0.0202284542272,1.06117815678,0.605524178887
