,iteration,success,k,N,msd,prelec_gamma,s
0,0,True,2,1200,0.0229072478566,1.38419007237,0.443575348895
1,1,True,2,1200,0.0229072478566,1.38419009751,0.443575336752
2,2,True,2,1200,0.0229072478566,1.38419008038,0.443575342388
