,iteration,success,k,N,msd,prelec_gamma,s
0,0,True,2,1200,0.0107924631356,1.47210069527,1.54159491555
1,1,True,2,1200,0.0107924631356,1.47210069544,1.541594906
2,2,True,2,1200,0.0107924631356,1.47210068788,1.54159489946
