,iteration,success,k,N,msd,prelec_gamma,s
0,0,True,2,1200,0.0173543367097,0.635995021236,0.670434770882
1,1,True,2,1200,0.0173543367097,0.635995024189,0.670434771623
2,2,True,2,1200,0.0173543367097,0.635995015874,0.670434767538
