,iteration,success,k,N,msd,prelec_gamma,s
0,0,True,2,1200,0.0340947682198,0.885793738648,0.457436187972
1,1,True,2,1200,0.0340947682198,0.885793746885,0.457436193908
2,2,True,2,1200,0.0340947682198,0.885793740347,0.457436194638
