,iteration,success,k,N,msd,prelec_gamma,s
0,0,True,2,1200,0.029297194233,0.844670887814,0.446653719962
1,1,True,2,1200,0.029297194233,0.84467090149,0.446653721781
2,2,True,2,1200,0.029297194233,0.844670895581,0.446653714548
