,iteration,success,k,N,msd,prelec_gamma,s
0,0,True,2,1200,0.0150614696164,1.44446094602,0.972153745183
1,1,True,2,1200,0.0150614696164,1.44446095031,0.972153755294
2,2,True,2,1200,0.0150614696164,1.44446094305,0.972153750065
