,iteration,success,k,N,msd,prelec_gamma,s
0,0,True,2,1200,0.0192108597716,1.36593607611,0.846613925369
1,1,True,2,1200,0.0192108597716,1.36593607562,0.846613929057
2,2,True,2,1200,0.0192108597716,1.36593608484,0.84661393867
