,iteration,success,k,N,msd,prelec_gamma,s
0,0,True,2,1200,0.0268325257572,1.42046735544,0.38444238892
1,1,True,2,1200,0.0268325257572,1.42046736926,0.384442386914
2,2,True,2,1200,0.0268325257572,1.42046735431,0.384442387014
