,iteration,success,k,N,msd,prelec_gamma,s
0,0,True,2,1200,0.0229977004604,1.10434446165,0.63359754198
1,1,True,2,1200,0.0229977004604,1.10434445762,0.633597533714
2,2,True,2,1200,0.0229977004604,1.10434445399,0.633597534112
