,iteration,success,k,N,msd,prelec_gamma,s
0,0,True,2,1200,0.0140338019709,1.02936595954,1.67894436629
1,1,True,2,1200,0.0140338019709,1.02936596165,1.67894418301
2,2,True,2,1200,0.0140338019709,1.02936596201,1.67894420547
