,iteration,success,k,N,msd,prelec_gamma,s
0,0,True,2,1200,0.0359992596381,0.880822165867,0.452997512939
1,1,True,2,1200,0.0359992596381,0.880822175122,0.452997524628
2,2,True,2,1200,0.0359992596381,0.880822165982,0.45299751762
