,iteration,success,k,N,msd,prelec_gamma,s
0,0,True,2,1200,0.0235537451036,1.06591153633,0.456770313822
1,1,True,2,1200,0.0235537451036,1.06591153616,0.456770306726
2,2,True,2,1200,0.0235537451036,1.06591154233,0.456770307795
