,iteration,success,k,N,msd,prelec_gamma,s
0,0,True,2,1200,0.0225403456216,1.5089436786,0.465687259598
1,1,True,2,1200,0.0225403456216,1.50894367867,0.465687255843
2,2,True,2,1200,0.0225403456216,1.50894367552,0.465687261248
