,iteration,success,k,N,msd,prelec_gamma,s
0,0,True,2,1200,0.0211464964966,1.11033597655,0.524845792884
1,1,True,2,1200,0.0211464964966,1.11033597462,0.524845796499
2,2,True,2,1200,0.0211464964966,1.11033597609,0.52484578167
