,iteration,success,k,N,msd,prelec_gamma,s
0,0,True,2,1200,0.0292445857294,1.61370990216,0.35634038456
1,1,True,2,1200,0.0292445857294,1.61370989118,0.356340388701
2,2,True,2,1200,0.0292445857294,1.61370988425,0.356340387509
