,iteration,success,k,N,msd,prelec_gamma,s
0,0,True,2,1200,0.0211302342169,1.37719830329,0.478084163793
1,1,True,2,1200,0.0211302342169,1.37719831662,0.478084165255
2,2,True,2,1200,0.0211302342169,1.37719831104,0.478084164163
