,iteration,success,k,N,msd,prelec_gamma,s
0,0,True,2,1200,0.0215288382494,1.0858991406,0.596347645258
1,1,True,2,1200,0.0215288382494,1.08589914599,0.596347644734
2,2,True,2,1200,0.0215288382494,1.08589913799,0.596347645358
