,iteration,success,k,N,msd,prelec_gamma,s
0,0,True,2,1200,0.0112547225508,1.35470305427,1.80036423061
1,1,True,2,1200,0.0112547225508,1.35470304739,1.8003642576
2,2,True,2,1200,0.0112547225508,1.35470305564,1.80036425225
