,iteration,success,k,N,msd,prelec_gamma,s
0,0,True,2,1200,0.0271871837576,0.958166880664,0.463808513504
1,1,True,2,1200,0.0271871837576,0.958166888086,0.463808515857
2,2,True,2,1200,0.0271871837576,0.958166889676,0.463808518701
