,iteration,success,k,N,msd,prelec_gamma,s
0,0,True,2,1200,0.0130901124609,1.00506827928,0.786946799358
1,1,True,2,1200,0.0130901124609,1.0050682791,0.786946799678
2,2,True,2,1200,0.0130901124609,1.00506827491,0.786946797246
