,iteration,success,k,N,msd,prelec_gamma,s
0,0,True,2,1200,0.0181615931033,1.03992998015,0.539162694633
1,1,True,2,1200,0.0181615931033,1.03992999379,0.539162692256
2,2,True,2,1200,0.0181615931033,1.0399299931,0.539162692933
