,iteration,success,k,N,msd,prelec_gamma,s
0,0,True,2,1200,0.0145349546145,0.594892576114,1.20803275542
1,1,True,2,1200,0.0145349546145,0.594892570933,1.2080327903
2,2,True,2,1200,0.0145349546145,0.594892571075,1.20803276096
