,iteration,success,k,N,msd,prelec_gamma,s
0,0,True,2,1200,0.0248382854816,1.07066538881,0.514219759818
1,1,True,2,1200,0.0248382854816,1.07066538695,0.514219761384
2,2,True,2,1200,0.0248382854816,1.07066539127,0.51421975131
