,iteration,success,k,N,msd,prelec_gamma,s
0,0,True,2,1200,0.022407487048,1.43656096157,0.616561114606
1,1,True,2,1200,0.022407487048,1.43656097071,0.616561109347
2,2,True,2,1200,0.022407487048,1.43656097552,0.616561110055
