,iteration,success,k,N,msd,prelec_gamma,s
0,0,True,2,1200,0.0263382536745,1.4434450559,0.402834081331
1,1,True,2,1200,0.0263382536745,1.44344506033,0.402834088279
2,2,True,2,1200,0.0263382536745,1.44344505169,0.402834087658
