,iteration,success,k,N,msd,prelec_gamma,s
0,0,True,2,1200,0.01454095294,1.44149355644,1.22628472582
1,1,True,2,1200,0.01454095294,1.44149356866,1.226284724
2,2,True,2,1200,0.01454095294,1.44149356349,1.22628473507
