,iteration,success,k,N,msd,prelec_gamma,s
0,0,True,2,1200,0.0217618329361,0.856899089025,0.507487988813
1,1,True,2,1200,0.0217618329361,0.856899086975,0.50748798678
2,2,True,2,1200,0.0217618329361,0.856899090056,0.507487986607
