,iteration,success,k,N,msd,prelec_gamma,s
0,0,True,2,1200,0.0136163403158,0.578868475856,1.06261267968
1,1,True,2,1200,0.0136163403158,0.578868470911,1.06261266827
2,2,True,2,1200,0.0136163403158,0.578868476409,1.06261267728
