,iteration,success,k,N,msd,prelec_gamma,s
0,0,True,2,1200,0.0216424983511,1.044378868,0.517697434962
1,1,True,2,1200,0.0216424983511,1.04437885838,0.517697439791
2,2,True,2,1200,0.0216424983511,1.04437886166,0.517697443614
