,iteration,success,k,N,msd,prelec_gamma,s
0,0,True,2,1200,0.0249688770128,0.999559371739,0.515824732422
1,1,True,2,1200,0.0249688770128,0.999559380862,0.515824739615
2,2,True,2,1200,0.0249688770128,0.999559381717,0.515824739132
