,iteration,success,k,N,msd,prelec_gamma,s
0,0,True,2,1200,0.0229783890448,1.42752733403,0.417570744489
1,1,True,2,1200,0.0229783890448,1.42752733754,0.417570743637
2,2,True,2,1200,0.0229783890448,1.42752734521,0.417570743214
