,iteration,success,k,N,msd,prelec_gamma,s
0,0,True,2,1200,0.0122096426379,0.583854408218,1.22809088602
1,1,True,2,1200,0.0122096426379,0.583854413933,1.22809088883
2,2,True,2,1200,0.0122096426379,0.583854413509,1.22809088524
