,iteration,success,k,N,msd,prelec_gamma,s
0,0,True,2,1200,0.0226658172574,1.08291456268,0.519199222328
1,1,True,2,1200,0.0226658172574,1.08291455971,0.519199221504
2,2,True,2,1200,0.0226658172574,1.08291455731,0.519199214949
