,iteration,success,k,N,msd,prelec_gamma,s
0,0,True,2,1200,0.0150354394304,0.55563484417,1.07389118354
1,1,True,2,1200,0.0150354394304,0.555634843158,1.07389117146
2,2,True,2,1200,0.0150354394304,0.555634846762,1.07389117505
