,iteration,success,k,N,msd,prelec_gamma,s
0,0,True,2,1200,0.0250856190066,1.32175935955,0.499986379623
1,1,True,2,1200,0.0250856190066,1.32175937309,0.499986376305
2,2,True,2,1200,0.0250856190066,1.32175937144,0.499986381488
