,iteration,success,k,N,msd,prelec_gamma,s
0,0,True,2,1200,0.0228805172541,1.04343634886,0.542097108964
1,1,True,2,1200,0.0228805172541,1.04343633983,0.542097107877
2,2,True,2,1200,0.0228805172541,1.04343634191,0.54209710282
