,iteration,success,k,N,msd,prelec_gamma,s
0,0,True,2,1200,0.0242760246585,1.49934210025,0.413970444879
1,1,True,2,1200,0.0242760246585,1.49934210714,0.413970446766
2,2,True,2,1200,0.0242760246585,1.49934209769,0.413970446409
