,iteration,success,k,N,msd,prelec_gamma,s
0,0,True,2,1200,0.01994665965,1.45189632207,0.575536548589
1,1,True,2,1200,0.01994665965,1.45189632367,0.575536549378
2,2,True,2,1200,0.01994665965,1.45189632371,0.575536541521
