,iteration,success,k,N,msd,prelec_gamma,s
0,0,True,2,1200,0.0241673189211,1.4783310118,0.533871505669
1,1,True,2,1200,0.0241673189211,1.47833101388,0.533871506449
2,2,True,2,1200,0.0241673189211,1.47833100534,0.533871505526
