,iteration,success,k,N,msd,prelec_gamma,s
0,0,True,2,1200,0.0190528765365,1.39008955837,0.683799663061
1,1,True,2,1200,0.0190528765365,1.3900895542,0.683799660527
2,2,True,2,1200,0.0190528765365,1.39008955239,0.683799663071
