,iteration,success,k,N,msd,prelec_gamma,s
0,0,True,2,1200,0.0176948739945,0.890747149942,0.635265838988
1,1,True,2,1200,0.0176948739945,0.890747145498,0.635265845087
2,2,True,2,1200,0.0176948739945,0.890747145469,0.635265849261
