,iteration,success,k,N,msd,prelec_gamma,s
0,0,True,2,1200,0.0213561740109,0.694553764003,0.54902459251
1,1,True,2,1200,0.0213561740109,0.694553756927,0.549024595321
2,2,True,2,1200,0.0213561740109,0.694553766758,0.549024597089
