,iteration,success,k,N,msd,prelec_gamma,s
0,0,True,2,1200,0.0204597241955,1.47843325693,0.76892716602
1,1,True,2,1200,0.0204597241955,1.47843327336,0.768927146577
2,2,True,2,1200,0.0204597241955,1.47843326748,0.768927151873
