,iteration,success,k,N,msd,prelec_gamma,s
0,0,True,2,1200,0.017418510977,1.12450370326,0.651038979784
1,1,True,2,1200,0.017418510977,1.12450370686,0.651038973365
2,2,True,2,1200,0.017418510977,1.12450370348,0.651038977025
