,iteration,success,k,N,msd,prelec_gamma,s
0,0,True,2,1200,0.0163424319964,0.52489658329,1.23367468606
1,1,True,2,1200,0.0163424319964,0.524896580453,1.23367468511
2,2,True,2,1200,0.0163424319964,0.524896578307,1.23367466573
