,iteration,success,k,N,msd,prelec_gamma,s
0,0,True,2,1200,0.0118067012306,1.4493894992,1.52667992356
1,1,True,2,1200,0.0118067012306,1.4493895005,1.52667991065
2,2,True,2,1200,0.0118067012306,1.44938950032,1.5266799048
