,iteration,success,k,N,msd,prelec_gamma,s
0,0,True,2,1200,0.0233661343126,1.44928552577,0.651074899598
1,1,True,2,1200,0.0233661343126,1.44928552388,0.651074880091
2,2,True,2,1200,0.0233661343126,1.44928551979,0.651074887186
