,iteration,success,k,N,msd,prelec_gamma,s
0,0,True,2,1200,0.0207664493015,1.50070016073,0.680402684058
1,1,True,2,1200,0.0207664493015,1.50070014839,0.680402683506
2,2,True,2,1200,0.0207664493015,1.50070013733,0.680402691325
