,iteration,success,k,N,msd,prelec_gamma,s
0,0,True,2,1200,0.0254793507138,1.4565707339,0.589389529767
1,1,True,2,1200,0.0254793507138,1.45657074344,0.589389535455
2,2,True,2,1200,0.0254793507138,1.4565707394,0.589389535092
