,iteration,success,k,N,msd,prelec_gamma,s
0,0,True,2,1200,0.0256461137196,0.776236064747,0.586800409495
1,1,True,2,1200,0.0256461137196,0.77623607555,0.586800416995
2,2,True,2,1200,0.0256461137196,0.776236068124,0.586800413988
