,iteration,success,k,N,msd,prelec_gamma,s
0,0,True,2,1200,0.0123499469001,1.041792974,0.918135511667
1,1,True,2,1200,0.0123499469001,1.04179297596,0.918135506961
2,2,True,2,1200,0.0123499469001,1.04179297025,0.918135485577
