,iteration,success,k,N,msd,prelec_gamma,s
0,0,True,2,1200,0.0241018016669,0.791698192385,0.428827094101
1,1,True,2,1200,0.0241018016669,0.791698205038,0.428827094961
2,2,True,2,1200,0.0241018016669,0.791698196512,0.428827101758
