,iteration,success,k,N,msd,prelec_gamma,s
0,0,True,2,1200,0.0188035797797,1.06025027318,0.709303590483
1,1,True,2,1200,0.0188035797797,1.06025026513,0.709303575024
2,2,True,2,1200,0.0188035797797,1.06025026739,0.709303567547
