,iteration,success,k,N,msd,prelec_gamma,s
0,0,True,2,1200,0.0220775868317,1.07681489572,0.481368290574
1,1,True,2,1200,0.0220775868317,1.07681489754,0.48136829772
2,2,True,2,1200,0.0220775868317,1.07681490368,0.481368290648
