,iteration,success,k,N,msd,prelec_gamma,s
0,0,True,2,1200,0.0255367332994,0.816276520737,0.522026995359
1,1,True,2,1200,0.0255367332994,0.816276518703,0.522026981854
2,2,True,2,1200,0.0255367332994,0.816276521968,0.52202699056
