,iteration,success,k,N,msd,prelec_gamma,s
0,0,True,2,1200,0.0192226970029,1.33805713427,0.594110623976
1,1,True,2,1200,0.0192226970029,1.33805713751,0.594110622267
2,2,True,2,1200,0.0192226970029,1.33805713526,0.594110626096
