,iteration,success,k,N,msd,prelec_gamma,s
0,0,True,2,1200,0.020467871432,0.660717905908,0.676691860543
1,1,True,2,1200,0.020467871432,0.660717906038,0.676691860673
2,2,True,2,1200,0.020467871432,0.660717903434,0.676691860962
