,iteration,success,k,N,msd,prelec_gamma,s
0,0,True,2,1200,0.0300442768666,0.824821336016,0.429515800696
1,1,True,2,1200,0.0300442768666,0.824821340998,0.429515801919
2,2,True,2,1200,0.0300442768666,0.824821341076,0.42951579995
