,iteration,success,k,N,msd,prelec_gamma,s
0,0,True,2,1200,0.0128494049878,0.661535063375,0.845106077221
1,1,True,2,1200,0.0128494049878,0.661535062248,0.845106087343
2,2,True,2,1200,0.0128494049878,0.661535073446,0.84510609209
