,iteration,success,k,N,msd,prelec_gamma,s
0,0,True,2,1200,0.0230672974244,1.06409148863,0.568346229553
1,1,True,2,1200,0.0230672974244,1.06409149165,0.568346226277
2,2,True,2,1200,0.0230672974244,1.06409148381,0.568346230854
