,iteration,success,k,N,msd,prelec_gamma,s
0,0,True,2,1200,0.0123529752597,1.3258626704,1.92804033763
1,1,True,2,1200,0.0123529752597,1.32586265414,1.92804040577
2,2,True,2,1200,0.0123529752597,1.32586266431,1.92804037994
