,iteration,success,k,N,msd,prelec_gamma,s
0,0,True,2,1200,0.0142196296431,1.5001212857,1.46904617193
1,1,True,2,1200,0.0142196296431,1.50012127874,1.46904617984
2,2,True,2,1200,0.0142196296431,1.50012129031,1.46904617312
