,iteration,success,k,N,msd,prelec_gamma,s
0,0,True,2,1200,0.0240316172255,1.28665783186,0.468590067346
1,1,True,2,1200,0.0240316172255,1.28665783043,0.468590063047
2,2,True,2,1200,0.0240316172255,1.28665781827,0.468590063228
