,iteration,success,k,N,msd,prelec_gamma,s
0,0,True,2,1200,0.0250836108381,0.94753848653,0.474373604579
1,1,True,2,1200,0.0250836108381,0.947538491909,0.474373611346
2,2,True,2,1200,0.0250836108381,0.947538487378,0.474373610254
