,iteration,success,k,N,msd,prelec_gamma,s
0,0,True,2,1200,0.0117554597376,0.556440103537,1.12734092919
1,1,True,2,1200,0.0117554597376,0.556440108517,1.12734093461
2,2,True,2,1200,0.0117554597376,0.556440108629,1.12734092536
