,iteration,success,k,N,msd,prelec_gamma,s
0,0,True,2,1200,0.0234398457372,1.3868381773,0.381555579115
1,1,True,2,1200,0.0234398457372,1.38683816024,0.381555583667
2,2,True,2,1200,0.0234398457372,1.38683817926,0.381555579282
