,iteration,success,k,N,msd,prelec_gamma,s
0,0,True,2,1200,0.0160242931565,0.551796023987,1.11397221648
1,1,True,2,1200,0.0160242931565,0.551796017706,1.11397219786
2,2,True,2,1200,0.0160242931565,0.551796017699,1.11397220001
