,iteration,success,k,N,msd,prelec_gamma,s
0,0,True,2,1200,0.0115186308236,0.58485351191,1.05472672913
1,1,True,2,1200,0.0115186308236,0.584853512132,1.05472673668
2,2,True,2,1200,0.0115186308236,0.584853510695,1.05472673712
