,iteration,success,k,N,msd,prelec_gamma,s
0,0,True,2,1200,0.0153176283782,1.44444665442,0.800863826982
1,1,True,2,1200,0.0153176283782,1.44444666149,0.80086382702
2,2,True,2,1200,0.0153176283782,1.44444665829,0.800863835665
