,iteration,success,k,N,msd,prelec_gamma,s
0,0,True,2,1200,0.0147741869634,1.01607491644,0.72705580402
1,1,True,2,1200,0.0147741869634,1.01607492196,0.727055803061
2,2,True,2,1200,0.0147741869634,1.01607491873,0.727055795015
