,iteration,success,k,N,msd,prelec_gamma,s
0,0,True,2,1200,0.0180958453349,0.621816521746,0.774668028043
1,1,True,2,1200,0.0180958453349,0.621816519074,0.774668017596
2,2,True,2,1200,0.0180958453349,0.621816518689,0.774668017716
