,iteration,success,k,N,msd,prelec_gamma,s
0,0,True,2,1200,0.0203809694255,1.43292922452,0.71456987356
1,1,True,2,1200,0.0203809694255,1.43292922101,0.714569866972
2,2,True,2,1200,0.0203809694255,1.432929228,0.714569875913
