,iteration,success,k,N,msd,prelec_gamma,s
0,0,True,2,1200,0.0119062580416,0.594687838457,1.33264633293
1,1,True,2,1200,0.0119062580416,0.594687833392,1.33264633027
2,2,True,2,1200,0.0119062580416,0.594687832595,1.33264633494
