,iteration,success,k,N,msd,prelec_gamma,s
0,0,True,2,1200,0.0249507594186,0.66399526211,0.546086915989
1,1,True,2,1200,0.0249507594186,0.66399526817,0.546086920908
2,2,True,2,1200,0.0249507594186,0.663995263224,0.54608692315
