,iteration,success,k,N,msd,prelec_gamma,s
0,0,True,2,1200,0.0160523804313,1.40976374839,0.601949730307
1,1,True,2,1200,0.0160523804313,1.40976375195,0.601949735329
2,2,True,2,1200,0.0160523804313,1.40976375715,0.601949726431
