,iteration,success,k,N,msd,prelec_gamma,s
0,0,True,2,1200,0.0125214964368,1.06165421091,0.943968339424
1,1,True,2,1200,0.0125214964368,1.06165421815,0.943968339354
2,2,True,2,1200,0.0125214964368,1.06165421441,0.943968347782
