,iteration,success,k,N,msd,prelec_gamma,s
0,0,True,2,1200,0.0165987112944,0.908680234498,0.566751561299
1,1,True,2,1200,0.0165987112944,0.908680237155,0.566751560354
2,2,True,2,1200,0.0165987112944,0.908680234101,0.566751564173
