,iteration,success,k,N,msd,prelec_gamma,s
0,0,True,2,1200,0.0138331567036,0.649959832456,0.886079622601
1,1,True,2,1200,0.0138331567036,0.64995983703,0.886079630325
2,2,True,2,1200,0.0138331567036,0.649959832436,0.886079612431
