,iteration,success,k,N,msd,prelec_gamma,s
0,0,True,2,1200,0.0209619243431,1.45755793777,0.919526466694
1,1,True,2,1200,0.0209619243431,1.45755793898,0.91952647031
2,2,True,2,1200,0.0209619243431,1.45755794177,0.919526472262
