,iteration,success,k,N,msd,prelec_gamma,s
0,0,True,2,1200,0.0207441758771,0.870487277845,0.540484981886
1,1,True,2,1200,0.0207441758771,0.870487270923,0.540484980732
2,2,True,2,1200,0.0207441758771,0.870487274014,0.540484988215
