,iteration,success,k,N,msd,prelec_gamma,s
0,0,True,2,1200,0.023680372681,0.716461524997,0.639000754104
1,1,True,2,1200,0.023680372681,0.716461527837,0.639000750961
2,2,True,2,1200,0.023680372681,0.716461525432,0.639000748791
