,iteration,success,k,N,msd,prelec_gamma,s
0,0,True,2,1200,0.0133501735172,1.4205210407,0.896899397851
1,1,True,2,1200,0.0133501735172,1.42052104185,0.896899395764
2,2,True,2,1200,0.0133501735172,1.42052103503,0.896899388026
