,iteration,success,k,N,msd,prelec_gamma,s
0,0,True,2,1200,0.0188138399614,1.09838135404,0.491689223745
1,1,True,2,1200,0.0188138399614,1.09838135607,0.491689220638
2,2,True,2,1200,0.0188138399614,1.09838135527,0.491689222496
