,iteration,success,k,N,msd,prelec_gamma,s
0,0,True,2,1200,0.0143545944014,0.796180564849,0.599956787808
1,1,True,2,1200,0.0143545944014,0.796180569035,0.599956787769
2,2,True,2,1200,0.0143545944014,0.796180566443,0.59995678614
