,iteration,success,k,N,msd,prelec_gamma,s
0,0,True,2,1200,0.00908825800006,1.01903968162,1.96365577085
1,1,True,2,1200,0.00908825800006,1.01903968661,1.96365575582
2,2,True,2,1200,0.00908825800006,1.01903968661,1.96365574689
