,iteration,success,k,N,msd,prelec_gamma,s
0,0,True,2,1200,0.0225250247266,1.30101939059,0.482659099312
1,1,True,2,1200,0.0225250247266,1.30101938547,0.482659103483
2,2,True,2,1200,0.0225250247266,1.30101938596,0.482659103024
