,iteration,success,k,N,msd,prelec_gamma,s
0,0,True,2,1200,0.0108249285794,1.08984464176,0.747465810245
1,1,True,2,1200,0.0108249285794,1.08984463765,0.747465815865
2,2,True,2,1200,0.0108249285794,1.0898446358,0.747465807578
