,iteration,success,k,N,msd,prelec_gamma,s
0,0,True,2,1200,0.017052574867,0.753578526626,0.641075615482
1,1,True,2,1200,0.017052574867,0.7535785234,0.641075608999
2,2,True,2,1200,0.017052574867,0.753578524428,0.641075611672
