,iteration,success,k,N,msd,prelec_gamma,s
0,0,True,2,1200,0.0145059305918,1.42395277858,1.33796656591
1,1,True,2,1200,0.0145059305918,1.4239527701,1.33796660584
2,2,True,2,1200,0.0145059305918,1.423952769,1.33796657112
