,iteration,success,k,N,msd,prelec_gamma,s
0,0,True,2,1200,0.0145652714387,0.632509015047,0.868063330786
1,1,True,2,1200,0.0145652714387,0.632509015398,0.868063338806
2,2,True,2,1200,0.0145652714387,0.632509012735,0.868063336712
