,iteration,success,k,N,msd,prelec_gamma,s
0,0,True,2,1200,0.0247153338793,1.3607898228,0.570005142874
1,1,True,2,1200,0.0247153338793,1.36078982448,0.570005138921
2,2,True,2,1200,0.0247153338793,1.36078981769,0.570005142763
