,iteration,success,k,N,msd,prelec_gamma,s
0,0,True,2,1200,0.0127077875587,0.632706419224,0.81724675814
1,1,True,2,1200,0.0127077875587,0.632706413859,0.817246768528
2,2,True,2,1200,0.0127077875587,0.6327064209,0.817246770899
