,iteration,success,k,N,msd,prelec_gamma,s
0,0,True,2,1200,0.0147743432154,0.57068436491,0.664710652818
1,1,True,2,1200,0.0147743432154,0.570684367879,0.664710644895
2,2,True,2,1200,0.0147743432154,0.570684370372,0.664710648184
