,iteration,success,k,N,msd,prelec_gamma,s
0,0,True,2,1200,0.0177836667752,0.872075602999,0.579354825964
1,1,True,2,1200,0.0177836667752,0.872075595625,0.579354826071
2,2,True,2,1200,0.0177836667752,0.872075597868,0.579354822531
