,iteration,success,k,N,msd,prelec_gamma,s
0,0,True,2,1200,0.02132008982,1.03287112021,0.509584799451
1,1,True,2,1200,0.02132008982,1.03287111451,0.509584796571
2,2,True,2,1200,0.02132008982,1.03287111426,0.509584804935
