,iteration,success,k,N,msd,prelec_gamma,s
0,0,True,2,1200,0.0132390950827,1.04140188929,0.816470541365
1,1,True,2,1200,0.0132390950827,1.04140188448,0.816470543249
2,2,True,2,1200,0.0132390950827,1.0414018908,0.816470557125
