,iteration,success,k,N,msd,prelec_gamma,s
0,0,True,2,1200,0.0238883786666,1.3863882377,0.433631861705
1,1,True,2,1200,0.0238883786666,1.38638824964,0.433631863137
2,2,True,2,1200,0.0238883786666,1.38638824348,0.433631866326
