,iteration,success,k,N,msd,prelec_gamma,s
0,0,True,2,1200,0.0178084462252,0.681074000771,0.701857396883
1,1,True,2,1200,0.0178084462252,0.681073998067,0.701857390492
2,2,True,2,1200,0.0178084462252,0.681074000981,0.701857401072
