,iteration,success,k,N,msd,prelec_gamma,s
0,0,True,2,1200,0.0150816585319,1.41874281218,1.12947030312
1,1,True,2,1200,0.0150816585319,1.41874281825,1.12947029189
2,2,True,2,1200,0.0150816585319,1.41874280793,1.12947029361
