,iteration,success,k,N,msd,prelec_gamma,s
0,0,True,2,1200,0.0248194382127,1.27926955041,0.453395880195
1,1,True,2,1200,0.0248194382127,1.27926953655,0.453395881391
2,2,True,2,1200,0.0248194382127,1.2792695441,0.453395888703
