,iteration,success,k,N,msd,prelec_gamma,s
0,0,True,2,1200,0.0230579096079,0.781185143538,0.560220307161
1,1,True,2,1200,0.0230579096079,0.781185140928,0.560220294268
2,2,True,2,1200,0.0230579096079,0.781185145826,0.560220306423
