,iteration,success,k,N,msd,prelec_gamma,s
0,0,True,2,1200,0.013681475015,1.08367595136,0.996867163225
1,1,True,2,1200,0.013681475015,1.08367595111,0.996867157129
2,2,True,2,1200,0.013681475015,1.08367594883,0.996867179085
