,iteration,success,k,N,msd,prelec_gamma,s
0,0,True,2,1200,0.0289189100028,0.770491205297,0.546159240534
1,1,True,2,1200,0.0289189100028,0.77049120359,0.546159247094
2,2,True,2,1200,0.0289189100028,0.770491201183,0.546159246433
