,iteration,success,k,N,msd,prelec_gamma,s
0,0,True,2,1200,0.0262863098047,0.946660704643,0.529834203754
1,1,True,2,1200,0.0262863098047,0.946660715456,0.529834214116
2,2,True,2,1200,0.0262863098047,0.946660712447,0.529834201572
