,iteration,success,k,N,msd,prelec_gamma,s
0,0,True,2,1200,0.0113435377972,0.626013958359,0.855871086464
1,1,True,2,1200,0.0113435377972,0.626013958949,0.855871081456
2,2,True,2,1200,0.0113435377972,0.626013966511,0.855871091815
