,iteration,success,k,N,msd,prelec_gamma,s
0,0,True,2,1200,0.0165974113919,0.648803301371,0.65683740541
1,1,True,2,1200,0.0165974113919,0.648803297998,0.656837391388
2,2,True,2,1200,0.0165974113919,0.648803292533,0.656837402193
