,iteration,success,k,N,msd,prelec_gamma,s
0,0,True,2,1200,0.0199756553597,0.851635433063,0.524180632934
1,1,True,2,1200,0.0199756553597,0.851635441256,0.524180634495
2,2,True,2,1200,0.0199756553597,0.851635440143,0.524180628421
