,iteration,success,k,N,msd,prelec_gamma,s
0,0,True,2,1200,0.0235315493036,1.03383364241,0.535590834683
1,1,True,2,1200,0.0235315493036,1.03383364947,0.535590830717
2,2,True,2,1200,0.0235315493036,1.03383364588,0.535590831281
