,iteration,success,k,N,msd,prelec_gamma,s
0,0,True,2,1200,0.0215984192223,1.50359151194,0.644697281057
1,1,True,2,1200,0.0215984192223,1.50359150996,0.644697278804
2,2,True,2,1200,0.0215984192223,1.50359150895,0.644697283212
