,iteration,success,k,N,msd,prelec_gamma,s
0,0,True,2,1200,0.0229735101857,0.86259662878,0.476798712604
1,1,True,2,1200,0.0229735101857,0.862596628938,0.476798713971
2,2,True,2,1200,0.0229735101857,0.862596625138,0.476798713798
