,iteration,success,k,N,msd,prelec_gamma,s
0,0,True,2,1200,0.0244475893145,1.4269421257,0.967946842856
1,1,True,2,1200,0.0244475893145,1.42694212882,0.967946821905
2,2,True,2,1200,0.0244475893145,1.42694214364,0.967946819291
