,iteration,success,k,N,msd,prelec_gamma,s
0,0,True,2,1200,0.0134860154654,1.0044200168,1.08502668441
1,1,True,2,1200,0.0134860154654,1.00442001853,1.08502664136
2,2,True,2,1200,0.0134860154654,1.00442001141,1.08502662213
