,iteration,success,k,N,msd,prelec_gamma,s
0,0,True,2,1200,0.0244535662968,0.85594055881,0.519738074688
1,1,True,2,1200,0.0244535662968,0.855940557179,0.519738088935
2,2,True,2,1200,0.0244535662968,0.855940549179,0.519738077432
