,iteration,success,k,N,msd,prelec_gamma,s
0,0,True,2,1200,0.0266915498582,0.762840463252,0.493568240753
1,1,True,2,1200,0.0266915498582,0.762840460575,0.493568250561
2,2,True,2,1200,0.0266915498582,0.762840467753,0.49356824431
