,iteration,success,k,N,msd,prelec_gamma,s
0,0,True,2,1200,0.0100424028138,0.507796209541,1.17211972222
1,1,True,2,1200,0.0100424028138,0.507796206933,1.17211973059
2,2,True,2,1200,0.0100424028138,0.507796208152,1.17211971297
