,iteration,success,k,N,msd,prelec_gamma,s
0,0,True,2,1200,0.019534909462,1.37817408571,0.50374973628
1,1,True,2,1200,0.019534909462,1.37817409001,0.503749735413
2,2,True,2,1200,0.019534909462,1.37817409453,0.50374973358
