,iteration,success,k,N,msd,prelec_gamma,s
0,0,True,2,1200,0.0265808027295,1.32917232842,0.401887545277
1,1,True,2,1200,0.0265808027295,1.32917234013,0.401887546588
2,2,True,2,1200,0.0265808027295,1.32917234744,0.401887544125
