,iteration,success,k,N,msd,prelec_gamma,s
0,0,True,2,1200,0.0128505554942,0.613076241203,0.81702704538
1,1,True,2,1200,0.0128505554942,0.613076239037,0.817027045955
2,2,True,2,1200,0.0128505554942,0.613076244062,0.817027052959
