,iteration,success,k,N,msd,prelec_gamma,s
0,0,True,2,1200,0.0219163894075,0.729837890351,0.550007304473
1,1,True,2,1200,0.0219163894075,0.729837888947,0.550007300162
2,2,True,2,1200,0.0219163894075,0.729837890256,0.550007303544
