,iteration,success,k,N,msd,prelec_gamma,s
0,0,True,2,1200,0.019578406898,1.40941349246,0.707306170806
1,1,True,2,1200,0.019578406898,1.4094134909,0.70730616119
2,2,True,2,1200,0.019578406898,1.4094134934,0.707306165526
