,iteration,success,k,N,msd,prelec_gamma,s
0,0,True,2,1200,0.0343056173525,1.38834645345,0.360647072937
1,1,True,2,1200,0.0343056173525,1.38834642951,0.360647080631
2,2,True,2,1200,0.0343056173525,1.38834645401,0.360647077715
