,iteration,success,k,N,msd,prelec_gamma,s
0,0,True,2,1200,0.0214057919988,1.39161351122,0.638182826167
1,1,True,2,1200,0.0214057919988,1.39161350525,0.63818283346
2,2,True,2,1200,0.0214057919988,1.3916135204,0.638182827651
