,iteration,success,k,N,msd,prelec_gamma,s
0,0,True,2,1200,0.0306917522666,0.743447031625,0.433379195454
1,1,True,2,1200,0.0306917522666,0.743447036954,0.433379194122
2,2,True,2,1200,0.0306917522666,0.743447030163,0.433379191538
