,iteration,success,k,N,msd,prelec_gamma,s
0,0,True,2,1200,0.0195924064149,0.836854151159,0.618048751758
1,1,True,2,1200,0.0195924064149,0.836854144915,0.618048745921
2,2,True,2,1200,0.0195924064149,0.836854151415,0.618048750485
