,iteration,success,k,N,msd,prelec_gamma,s
0,0,True,2,1200,0.0199589218708,1.35421409454,0.594814847917
1,1,True,2,1200,0.0199589218708,1.35421409451,0.594814841453
2,2,True,2,1200,0.0199589218708,1.35421408897,0.594814841787
