,iteration,success,k,N,msd,prelec_gamma,s
0,0,True,2,1200,0.0252044063787,0.678260523916,0.543668097345
1,1,True,2,1200,0.0252044063787,0.678260516704,0.543668092154
2,2,True,2,1200,0.0252044063787,0.678260526036,0.543668102694
