,iteration,success,k,N,msd,prelec_gamma,s
0,0,True,2,1200,0.0231135872743,1.49605785536,0.608685448204
1,1,True,2,1200,0.0231135872743,1.49605786695,0.608685448775
2,2,True,2,1200,0.0231135872743,1.49605786157,0.608685446126
