,iteration,success,k,N,msd,prelec_gamma,s
0,0,True,2,1200,0.00919715400408,1.01129371037,1.11415834747
1,1,True,2,1200,0.00919715400408,1.01129370745,1.11415834955
2,2,True,2,1200,0.00919715400408,1.0112937107,1.11415837464
