,iteration,success,k,N,msd,prelec_gamma,s
0,0,True,2,1200,0.0234470738205,1.12609815039,0.55611300577
1,1,True,2,1200,0.0234470738205,1.12609815018,0.556113003165
2,2,True,2,1200,0.0234470738205,1.12609815754,0.55611299967
