,iteration,success,k,N,msd,prelec_gamma,s
0,0,True,2,1200,0.0199971825318,0.859899745364,0.529818809481
1,1,True,2,1200,0.0199971825318,0.85989975738,0.529818813456
2,2,True,2,1200,0.0199971825318,0.859899749022,0.529818812502
