,iteration,success,k,N,msd,prelec_gamma,s
0,0,True,2,1200,0.0237623466194,1.07520956042,0.52582559356
1,1,True,2,1200,0.0237623466194,1.07520956467,0.525825585962
2,2,True,2,1200,0.0237623466194,1.07520956586,0.525825595079
