,iteration,success,k,N,msd,prelec_gamma,s
0,0,True,2,1200,0.0217462862972,1.02841424867,0.531846169358
1,1,True,2,1200,0.0217462862972,1.02841424646,0.531846171231
2,2,True,2,1200,0.0217462862972,1.02841424532,0.531846171403
