,iteration,success,k,N,msd,prelec_gamma,s
0,0,True,2,1200,0.0133950893087,0.578273646088,1.11666809682
1,1,True,2,1200,0.0133950893087,0.578273648572,1.11666809417
2,2,True,2,1200,0.0133950893087,0.578273645075,1.11666809028
