,iteration,success,k,N,msd,prelec_gamma,s
0,0,True,2,1200,0.0180644038284,1.39128356472,1.43421855649
1,1,True,2,1200,0.0180644038284,1.39128356428,1.43421856178
2,2,True,2,1200,0.0180644038284,1.3912835647,1.43421857243
