,iteration,success,k,N,msd,prelec_gamma,s
0,0,True,2,1200,0.0213842707142,1.02749945534,0.531036865249
1,1,True,2,1200,0.0213842707142,1.0274994639,0.531036860932
2,2,True,2,1200,0.0213842707142,1.027499459,0.531036866629
