,iteration,success,k,N,msd,prelec_gamma,s
0,0,True,2,1200,0.0231867947343,1.45441673216,0.707564935356
1,1,True,2,1200,0.0231867947343,1.45441673905,0.707564925673
2,2,True,2,1200,0.0231867947343,1.45441674196,0.707564935679
