,iteration,success,k,N,msd,prelec_gamma,s
0,0,True,2,1200,0.0155125960602,0.651535493733,0.746896506164
1,1,True,2,1200,0.0155125960602,0.651535499797,0.746896509334
2,2,True,2,1200,0.0155125960602,0.651535504889,0.746896518234
