,iteration,success,k,N,msd,prelec_gamma,s
0,0,True,2,1200,0.0205741974063,1.0786827353,0.541967687217
1,1,True,2,1200,0.0205741974063,1.07868274302,0.541967687951
2,2,True,2,1200,0.0205741974063,1.07868273426,0.541967691075
