,iteration,success,k,N,msd,prelec_gamma,s
0,0,True,2,1200,0.0220330816742,1.37399442878,0.647393410691
1,1,True,2,1200,0.0220330816742,1.37399442695,0.647393418253
2,2,True,2,1200,0.0220330816742,1.37399442422,0.647393419973
