,iteration,success,k,N,msd,prelec_gamma,s
0,0,True,2,1200,0.0275729772638,0.884286172678,0.482630837002
1,1,True,2,1200,0.0275729772638,0.884286172275,0.482630839644
2,2,True,2,1200,0.0275729772638,0.884286177219,0.482630834299
