,iteration,success,k,N,msd,prelec_gamma,s
0,0,True,2,1200,0.0225268602436,1.10477859764,0.553333889905
1,1,True,2,1200,0.0225268602436,1.10477858338,0.553333889182
2,2,True,2,1200,0.0225268602436,1.10477858881,0.553333888437
