,iteration,success,k,N,msd,prelec_gamma,s
0,0,True,2,1200,0.0192928968608,1.48402386895,0.734859482365
1,1,True,2,1200,0.0192928968608,1.48402388409,0.734859477583
2,2,True,2,1200,0.0192928968608,1.48402389392,0.734859483268
