,iteration,success,k,N,msd,prelec_gamma,s
0,0,True,2,1200,0.0173011755981,1.13316108786,0.681845303055
1,1,True,2,1200,0.0173011755981,1.13316108147,0.681845299715
2,2,True,2,1200,0.0173011755981,1.13316108778,0.681845304629
