,iteration,success,k,N,msd,prelec_gamma,s
0,0,True,2,1200,0.0247206529026,1.50066186724,0.423342938242
1,1,True,2,1200,0.0247206529026,1.50066186914,0.423342938547
2,2,True,2,1200,0.0247206529026,1.50066187982,0.423342933991
