,iteration,success,k,N,msd,prelec_gamma,s
0,0,True,2,1200,0.0250159837756,1.43843815654,0.441846445037
1,1,True,2,1200,0.0250159837756,1.4384381587,0.441846448117
2,2,True,2,1200,0.0250159837756,1.43843815394,0.441846452216
