,iteration,success,k,N,msd,prelec_gamma,s
0,0,True,2,1200,0.025907876666,1.47985236097,0.404043888349
1,1,True,2,1200,0.025907876666,1.47985235802,0.404043892648
2,2,True,2,1200,0.025907876666,1.47985237981,0.404043893961
