,iteration,success,k,N,msd,prelec_gamma,s
0,0,True,2,1200,0.020243074922,1.43154315786,0.69586677675
1,1,True,2,1200,0.020243074922,1.43154314498,0.695866774672
2,2,True,2,1200,0.020243074922,1.43154314423,0.695866782977
