,iteration,success,k,N,msd,prelec_gamma,s
0,0,True,2,1200,0.0324841975613,0.943067531342,0.452533314594
1,1,True,2,1200,0.0324841975613,0.943067524875,0.452533304981
2,2,True,2,1200,0.0324841975613,0.943067530369,0.452533309129
