,iteration,success,k,N,msd,prelec_gamma,s
0,0,True,2,1200,0.023094170931,0.72523425533,0.480518285122
1,1,True,2,1200,0.023094170931,0.725234259903,0.480518289608
2,2,True,2,1200,0.023094170931,0.725234264084,0.480518285087
