,iteration,success,k,N,msd,prelec_gamma,s
0,0,True,2,1200,0.0237335971769,1.37098323918,0.425994974041
1,1,True,2,1200,0.0237335971769,1.37098323151,0.425994975034
2,2,True,2,1200,0.0237335971769,1.37098324471,0.425994972032
