,iteration,success,k,N,msd,prelec_gamma,s
0,0,True,2,1200,0.0194965153147,1.37777492494,0.882947628833
1,1,True,2,1200,0.0194965153147,1.3777749092,0.882947635279
2,2,True,2,1200,0.0194965153147,1.3777749049,0.882947642602
