,iteration,success,k,N,msd,prelec_gamma,s
0,0,True,2,1200,0.0168758804839,0.834673422824,0.561637245533
1,1,True,2,1200,0.0168758804839,0.834673429412,0.56163724352
2,2,True,2,1200,0.0168758804839,0.834673425087,0.56163724754
