,iteration,success,k,N,msd,prelec_gamma,s
0,0,True,2,1200,0.0158663678307,1.41557740643,1.10918658872
1,1,True,2,1200,0.0158663678307,1.41557741466,1.10918658819
2,2,True,2,1200,0.0158663678307,1.41557741889,1.10918658843
