,iteration,success,k,N,msd,prelec_gamma,s
0,0,True,2,1200,0.0158142259137,1.05684694429,0.71612367055
1,1,True,2,1200,0.0158142259137,1.05684694876,0.716123679102
2,2,True,2,1200,0.0158142259137,1.0568469425,0.716123666654
