,iteration,success,k,N,msd,prelec_gamma,s
0,0,True,2,1200,0.0206431015168,0.829044113601,0.549034526412
1,1,True,2,1200,0.0206431015168,0.829044110125,0.549034524315
2,2,True,2,1200,0.0206431015168,0.829044111931,0.549034522262
