,iteration,success,k,N,msd,prelec_gamma,s
0,0,True,2,1200,0.0174676600378,1.43900273366,1.40003793976
1,1,True,2,1200,0.0174676600378,1.4390027354,1.40003793698
2,2,True,2,1200,0.0174676600378,1.43900272684,1.4000379537
