,iteration,success,k,N,msd,prelec_gamma,s
0,0,True,2,1200,0.0244742855819,1.40974504167,1.08184737443
1,1,True,2,1200,0.0244742855819,1.40974504007,1.0818473313
2,2,True,2,1200,0.0244742855819,1.40974502906,1.08184735419
