,iteration,success,k,N,msd,prelec_gamma,s
0,0,True,2,1200,0.0170109275436,1.4541295934,0.807008025626
1,1,True,2,1200,0.0170109275436,1.45412959781,0.807008013916
2,2,True,2,1200,0.0170109275436,1.45412960193,0.80700802635
