,iteration,success,k,N,msd,prelec_gamma,s
0,0,True,2,1200,0.0119321645913,1.03328387706,0.68045273236
1,1,True,2,1200,0.0119321645913,1.0332838759,0.680452734178
2,2,True,2,1200,0.0119321645913,1.03328388146,0.680452736173
