,iteration,success,k,N,msd,prelec_gamma,s
0,0,True,2,1200,0.0203178678142,1.35558203074,0.604602560195
1,1,True,2,1200,0.0203178678142,1.35558203284,0.604602567661
2,2,True,2,1200,0.0203178678142,1.35558202114,0.604602566911
