,iteration,success,k,N,msd,prelec_gamma,s
0,0,True,2,1200,0.0185256540838,0.757129782413,0.61463642989
1,1,True,2,1200,0.0185256540838,0.757129784186,0.614636424958
2,2,True,2,1200,0.0185256540838,0.757129773121,0.614636426608
