,iteration,success,k,N,msd,prelec_gamma,s
0,0,True,2,1200,0.0294985726745,0.817435747153,0.463734471081
1,1,True,2,1200,0.0294985726745,0.817435737539,0.46373447813
2,2,True,2,1200,0.0294985726745,0.817435736717,0.463734476991
