,iteration,success,k,N,msd,prelec_gamma,s
0,0,True,2,1200,0.0269098975255,1.40576870056,0.378280756436
1,1,True,2,1200,0.0269098975255,1.40576870792,0.378280757297
2,2,True,2,1200,0.0269098975255,1.40576870225,0.378280752478
