,iteration,success,k,N,msd,prelec_gamma,s
0,0,True,2,1200,0.00970784343635,1.4242941631,1.55359734477
1,1,True,2,1200,0.00970784343635,1.4242941499,1.55359731595
2,2,True,2,1200,0.00970784343635,1.42429416453,1.55359731452
