,iteration,success,k,N,msd,prelec_gamma,s
0,0,True,2,1200,0.0155450901991,0.69740502711,0.584204664367
1,1,True,2,1200,0.0155450901991,0.697405021427,0.584204673355
2,2,True,2,1200,0.0155450901991,0.69740502721,0.584204668863
