,iteration,success,k,N,msd,prelec_gamma,s
0,0,True,2,1200,0.0202608897562,1.32770674729,1.03429902958
1,1,True,2,1200,0.0202608897562,1.32770674605,1.0342990274
2,2,True,2,1200,0.0202608897562,1.32770673975,1.03429902052
