,iteration,success,k,N,msd,prelec_gamma,s
0,0,True,2,1200,0.0337973357754,0.833794668409,0.440090784636
1,1,True,2,1200,0.0337973357754,0.833794661664,0.440090784529
2,2,True,2,1200,0.0337973357754,0.833794660399,0.440090777706
