,iteration,success,k,N,msd,prelec_gamma,s
0,0,True,2,1200,0.0165693303368,1.40302585204,1.15088695002
1,1,True,2,1200,0.0165693303368,1.40302585551,1.15088695875
2,2,True,2,1200,0.0165693303368,1.40302585323,1.15088695445
