,iteration,success,k,N,msd,prelec_gamma,s
0,0,True,2,1200,0.0239800480745,0.890937887025,0.480114281948
1,1,True,2,1200,0.0239800480745,0.890937892175,0.480114283555
2,2,True,2,1200,0.0239800480745,0.890937883126,0.480114287703
