,iteration,success,k,N,msd,prelec_gamma,s
0,0,True,2,1200,0.0109895988001,1.01157004855,0.846992840432
1,1,True,2,1200,0.0109895988001,1.01157004177,0.846992829329
2,2,True,2,1200,0.0109895988001,1.01157004465,0.846992837329
