,iteration,success,k,N,msd,prelec_gamma,s
0,0,True,2,1200,0.0238650851327,0.807826922674,0.495161854667
1,1,True,2,1200,0.0238650851327,0.807826926837,0.495161853259
2,2,True,2,1200,0.0238650851327,0.807826922539,0.495161845744
