,iteration,success,k,N,msd,prelec_gamma,s
0,0,True,2,1200,0.0197436306876,0.73082204282,0.633414361658
1,1,True,2,1200,0.0197436306876,0.730822034353,0.633414343615
2,2,True,2,1200,0.0197436306876,0.730822038964,0.633414357783
