,iteration,success,k,N,msd,prelec_gamma,s
0,0,True,2,1200,0.0120811185386,0.98010527858,0.931633456213
1,1,True,2,1200,0.0120811185386,0.980105284411,0.931633456826
2,2,True,2,1200,0.0120811185386,0.980105282687,0.931633439353
