,iteration,success,k,N,msd,prelec_gamma,s
0,0,True,2,1200,0.0237175467391,1.04057780696,0.493522266783
1,1,True,2,1200,0.0237175467391,1.04057780697,0.493522277686
2,2,True,2,1200,0.0237175467391,1.04057780812,0.493522279971
