,iteration,success,k,N,msd,prelec_gamma,s
0,0,True,2,1200,0.0315201200243,0.979415510794,0.444117676184
1,1,True,2,1200,0.0315201200243,0.979415522532,0.444117676461
2,2,True,2,1200,0.0315201200243,0.979415524031,0.444117678317
