,iteration,success,k,N,msd,prelec_gamma,s
0,0,True,2,1200,0.0182507899893,1.07506954598,0.575955768397
1,1,True,2,1200,0.0182507899893,1.07506954579,0.575955767915
2,2,True,2,1200,0.0182507899893,1.07506955169,0.575955769654
