,iteration,success,k,N,msd,prelec_gamma,s
0,0,True,2,1200,0.024676455813,1.4119995132,0.524003666192
1,1,True,2,1200,0.024676455813,1.41199950321,0.524003658644
2,2,True,2,1200,0.024676455813,1.41199949415,0.524003662558
