,iteration,success,k,N,msd,prelec_gamma,s
0,0,True,2,1200,0.0339711291005,0.926731050102,0.427158010362
1,1,True,2,1200,0.0339711291005,0.926731050015,0.427158007883
2,2,True,2,1200,0.0339711291005,0.926731059012,0.427158006825
