,iteration,success,k,N,msd,prelec_gamma,s
0,0,True,2,1200,0.0203048773154,0.624357219539,0.658410212376
1,1,True,2,1200,0.0203048773154,0.624357213897,0.658410201806
2,2,True,2,1200,0.0203048773154,0.624357213964,0.658410208487
