,iteration,success,k,N,msd,prelec_gamma,s
0,0,True,2,1200,0.0177522817469,1.15367654155,0.627558429803
1,1,True,2,1200,0.0177522817469,1.15367653896,0.627558419921
2,2,True,2,1200,0.0177522817469,1.15367654023,0.627558425436
