,iteration,success,k,N,msd,prelec_gamma,s
0,0,True,2,1200,0.0216623325445,0.85574096631,0.569581988495
1,1,True,2,1200,0.0216623325445,0.855740966745,0.569581993863
2,2,True,2,1200,0.0216623325445,0.855740973186,0.569581996533
