,iteration,success,k,N,msd,prelec_gamma,s
0,0,True,2,1200,0.017702199076,0.700840832209,0.683821053149
1,1,True,2,1200,0.017702199076,0.700840836095,0.683821049109
2,2,True,2,1200,0.017702199076,0.700840829271,0.683821049862
