,iteration,success,k,N,msd,prelec_gamma,s
0,0,True,2,1200,0.0232838823048,1.01994292233,0.517103585566
1,1,True,2,1200,0.0232838823048,1.01994291907,0.517103586751
2,2,True,2,1200,0.0232838823048,1.0199429114,0.517103584082
