,iteration,success,k,N,msd,prelec_gamma,s
0,0,True,2,1200,0.0111984527053,0.562265762393,1.123713959
1,1,True,2,1200,0.0111984527053,0.562265761819,1.12371394407
2,2,True,2,1200,0.0111984527053,0.562265762458,1.12371394795
