,iteration,success,k,N,msd,prelec_gamma,s
0,0,True,2,1200,0.0156948186924,1.07101249018,0.711063784105
1,1,True,2,1200,0.0156948186924,1.07101249051,0.711063771291
2,2,True,2,1200,0.0156948186924,1.0710124885,0.711063783277
