,iteration,success,k,N,msd,prelec_gamma,s
0,0,True,2,1200,0.0223766278193,0.789571202612,0.548952870068
1,1,True,2,1200,0.0223766278193,0.789571207111,0.548952871662
2,2,True,2,1200,0.0223766278193,0.789571212134,0.548952871607
