,iteration,success,k,N,msd,prelec_gamma,s
0,0,True,2,1200,0.0123008515461,0.6129140518,0.890960432255
1,1,True,2,1200,0.0123008515461,0.6129140417,0.890960410396
2,2,True,2,1200,0.0123008515461,0.612914042024,0.890960414305
