,iteration,success,k,N,msd,prelec_gamma,s
0,0,True,2,1200,0.0190432216262,0.785822973952,0.471886771502
1,1,True,2,1200,0.0190432216262,0.785822981056,0.471886776458
2,2,True,2,1200,0.0190432216262,0.785822972168,0.471886770013
