,iteration,success,k,N,msd,prelec_gamma,s
0,0,True,2,1200,0.0209954620473,1.12861302719,0.588686057197
1,1,True,2,1200,0.0209954620473,1.12861303003,0.588686056765
2,2,True,2,1200,0.0209954620473,1.12861303332,0.588686063211
