,iteration,success,k,N,msd,prelec_gamma,s
0,0,True,2,1200,0.023448118787,1.47228059957,0.39809557084
1,1,True,2,1200,0.023448118787,1.47228060847,0.398095572255
2,2,True,2,1200,0.023448118787,1.4722806098,0.398095573906
