,iteration,success,k,N,msd,prelec_gamma,s
0,0,True,2,1200,0.0191703876128,0.848601107865,0.566052855425
1,1,True,2,1200,0.0191703876128,0.848601115336,0.566052855651
2,2,True,2,1200,0.0191703876128,0.848601116721,0.566052866454
