,iteration,success,k,N,msd,prelec_gamma,s
0,0,True,2,1200,0.0298804301272,1.50107143753,0.404456418941
1,1,True,2,1200,0.0298804301272,1.50107144698,0.404456414813
2,2,True,2,1200,0.0298804301272,1.50107145026,0.404456415017
