,iteration,success,k,N,msd,prelec_gamma,s
0,0,True,2,1200,0.0160895631336,1.39061238575,1.7511055554
1,1,True,2,1200,0.0160895631336,1.39061238942,1.75110552477
2,2,True,2,1200,0.0160895631336,1.39061238613,1.75110555434
