,iteration,success,k,N,msd,prelec_gamma,s
0,0,True,2,1200,0.0190205406414,0.802822245491,0.544552961039
1,1,True,2,1200,0.0190205406414,0.802822242665,0.544552956041
2,2,True,2,1200,0.0190205406414,0.802822243274,0.544552951444
