,iteration,success,k,N,msd,prelec_gamma,s
0,0,True,2,1200,0.0244042267676,0.79484134585,0.515509911559
1,1,True,2,1200,0.0244042267676,0.79484134667,0.515509902042
2,2,True,2,1200,0.0244042267676,0.794841339939,0.515509894698
