,iteration,success,k,N,msd,prelec_gamma,s
0,0,True,2,1200,0.0151984146232,1.04507018467,0.884991423294
1,1,True,2,1200,0.0151984146232,1.04507018698,0.884991423071
2,2,True,2,1200,0.0151984146232,1.04507018795,0.884991404104
