,iteration,success,k,N,msd,prelec_gamma,s
0,0,True,2,1200,0.0233381258227,0.860276677593,0.517910726479
1,1,True,2,1200,0.0233381258227,0.860276669839,0.517910737212
2,2,True,2,1200,0.0233381258227,0.860276681118,0.517910738602
