,iteration,success,k,N,msd,prelec_gamma,s
0,0,True,2,1200,0.0201002241433,0.713617674502,0.592812395942
1,1,True,2,1200,0.0201002241433,0.713617675815,0.5928124048
2,2,True,2,1200,0.0201002241433,0.71361766858,0.592812399445
