,iteration,success,k,N,msd,prelec_gamma,s
0,0,True,2,1200,0.0243943484417,0.787724926701,0.525465620433
1,1,True,2,1200,0.0243943484417,0.787724936717,0.52546562109
2,2,True,2,1200,0.0243943484417,0.787724924972,0.525465624215
