,iteration,success,k,N,msd,prelec_gamma,s
0,0,True,2,1200,0.0164841632313,0.691800010185,0.673581476567
1,1,True,2,1200,0.0164841632313,0.691800008258,0.67358147252
2,2,True,2,1200,0.0164841632313,0.691800012974,0.673581476915
