,iteration,success,k,N,msd,prelec_gamma,s
0,0,True,2,1200,0.0257675783667,1.39818334555,0.404748863549
1,1,True,2,1200,0.0257675783667,1.39818332938,0.404748867736
2,2,True,2,1200,0.0257675783667,1.39818334437,0.40474886254
