,iteration,success,k,N,msd,prelec_gamma,s
0,0,True,2,1200,0.0209686138408,1.35720294184,0.597075465404
1,1,True,2,1200,0.0209686138408,1.3572029426,0.597075465438
2,2,True,2,1200,0.0209686138408,1.35720294066,0.59707546084
