,iteration,success,k,N,msd,prelec_gamma,s
0,0,True,2,1200,0.0177872188847,1.44932571258,0.930686762909
1,1,True,2,1200,0.0177872188847,1.44932572124,0.930686732491
2,2,True,2,1200,0.0177872188847,1.44932571961,0.930686747064
