,iteration,success,k,N,msd,prelec_gamma,s
0,0,True,2,1200,0.0223084932791,1.38098821145,0.432766558482
1,1,True,2,1200,0.0223084932791,1.38098820678,0.432766560254
2,2,True,2,1200,0.0223084932791,1.38098821343,0.432766558796
