,iteration,success,k,N,msd,prelec_gamma,s
0,0,True,2,1200,0.0248603026711,1.37307090903,0.404278894754
1,1,True,2,1200,0.0248603026711,1.37307090595,0.404278901031
2,2,True,2,1200,0.0248603026711,1.37307091779,0.404278895523
