,iteration,success,k,N,msd,prelec_gamma,s
0,0,True,2,1200,0.0192352117076,0.625226978989,0.754974646825
1,1,True,2,1200,0.0192352117076,0.625226972724,0.754974638002
2,2,True,2,1200,0.0192352117076,0.625226976033,0.754974617619
