,iteration,success,k,N,msd,prelec_gamma,s
0,0,True,2,1200,0.0277693590344,1.28341649632,0.436209575115
1,1,True,2,1200,0.0277693590344,1.28341650688,0.436209572622
2,2,True,2,1200,0.0277693590344,1.28341650615,0.436209566408
