,iteration,success,k,N,msd,prelec_gamma,s
0,0,True,2,1200,0.0259169411635,1.48897392454,0.614452727158
1,1,True,2,1200,0.0259169411635,1.48897392165,0.614452732193
2,2,True,2,1200,0.0259169411635,1.48897392107,0.614452727716
