,iteration,success,k,N,msd,prelec_gamma,s
0,0,True,2,1200,0.027884516865,1.03048112674,0.489718832537
1,1,True,2,1200,0.027884516865,1.03048112701,0.489718833939
2,2,True,2,1200,0.027884516865,1.03048113297,0.489718832292
