,iteration,success,k,N,msd,prelec_gamma,s
0,0,True,2,1200,0.026333378613,1.01728196505,0.520160369554
1,1,True,2,1200,0.026333378613,1.01728196783,0.520160364997
2,2,True,2,1200,0.026333378613,1.01728195721,0.520160371078
