,iteration,success,k,N,msd,prelec_gamma,s
0,0,True,2,1200,0.0173398898547,0.731574725543,0.588230736372
1,1,True,2,1200,0.0173398898547,0.73157473456,0.588230744587
2,2,True,2,1200,0.0173398898547,0.731574735442,0.588230743977
