,iteration,success,k,N,msd,prelec_gamma,s
0,0,True,2,1200,0.0201566869432,1.43638680336,0.427627293619
1,1,True,2,1200,0.0201566869432,1.43638679438,0.427627297887
2,2,True,2,1200,0.0201566869432,1.43638680119,0.427627289805
