,iteration,success,k,N,msd,prelec_gamma,s
0,0,True,2,1200,0.0267578218445,1.32631859982,0.363381587039
1,1,True,2,1200,0.0267578218445,1.32631860366,0.363381590945
2,2,True,2,1200,0.0267578218445,1.32631860135,0.363381587748
