,iteration,success,k,N,msd,prelec_gamma,s
0,0,True,2,1200,0.0143079643441,1.40902378893,1.24065706657
1,1,True,2,1200,0.0143079643441,1.40902378366,1.24065706103
2,2,True,2,1200,0.0143079643441,1.40902378309,1.2406570482
