,iteration,success,k,N,msd,prelec_gamma,s
0,0,True,2,1200,0.0208731797241,1.42606927567,0.791499155687
1,1,True,2,1200,0.0208731797241,1.42606926901,0.791499157834
2,2,True,2,1200,0.0208731797241,1.42606926864,0.791499169821
