,iteration,success,k,N,msd,prelec_gamma,s
0,0,True,2,1200,0.0228017171726,0.841151585206,0.522898269137
1,1,True,2,1200,0.0228017171726,0.841151582847,0.52289826855
2,2,True,2,1200,0.0228017171726,0.841151583493,0.522898267069
