,iteration,success,k,N,msd,prelec_gamma,s
0,0,True,2,1200,0.0196774718337,1.4291640855,0.445101258853
1,1,True,2,1200,0.0196774718337,1.42916407321,0.445101258388
2,2,True,2,1200,0.0196774718337,1.42916408376,0.445101259904
