,iteration,success,k,N,msd,prelec_gamma,s
0,0,True,2,1200,0.0212311577419,0.649780421203,0.634757808554
1,1,True,2,1200,0.0212311577419,0.649780423551,0.634757805833
2,2,True,2,1200,0.0212311577419,0.649780431529,0.634757810097
