,iteration,success,k,N,msd,prelec_gamma,s
0,0,True,2,1200,0.0290376477464,1.37779281444,0.374196854872
1,1,True,2,1200,0.0290376477464,1.37779281394,0.374196851068
2,2,True,2,1200,0.0290376477464,1.37779280843,0.374196849152
