,iteration,success,k,N,msd,prelec_gamma,s
0,0,True,2,1200,0.0148220825057,1.04848561585,0.685123796303
1,1,True,2,1200,0.0148220825057,1.04848561999,0.68512378778
2,2,True,2,1200,0.0148220825057,1.04848562399,0.685123780373
