,iteration,success,k,N,msd,prelec_gamma,s
0,0,True,2,1200,0.022526196465,1.42303584951,0.67680437923
1,1,True,2,1200,0.022526196465,1.42303586232,0.676804376662
2,2,True,2,1200,0.022526196465,1.42303585032,0.676804379073
