,iteration,success,k,N,msd,prelec_gamma,s
0,0,True,2,1200,0.0184717718833,0.814354781496,0.641001700135
1,1,True,2,1200,0.0184717718833,0.814354772669,0.641001690107
2,2,True,2,1200,0.0184717718833,0.814354768583,0.641001694048
