,iteration,success,k,N,msd,prelec_gamma,s
0,0,True,2,1200,0.0277589581016,0.746266466645,0.467205287256
1,1,True,2,1200,0.0277589581016,0.746266459736,0.467205285847
2,2,True,2,1200,0.0277589581016,0.746266470636,0.467205287224
