,iteration,success,k,N,msd,prelec_gamma,s
0,0,True,2,1200,0.0169317478809,1.45075811548,1.0857899846
1,1,True,2,1200,0.0169317478809,1.45075812229,1.08578998123
2,2,True,2,1200,0.0169317478809,1.4507581212,1.0857899671
