,iteration,success,k,N,msd,prelec_gamma,s
0,0,True,2,1200,0.0108699401456,1.39843588218,1.60866925203
1,1,True,2,1200,0.0108699401456,1.39843589016,1.60866924483
2,2,True,2,1200,0.0108699401456,1.39843589383,1.60866923237
