,iteration,success,k,N,msd,prelec_gamma,s
0,0,True,2,1200,0.0162533221888,1.03008091015,0.570340915392
1,1,True,2,1200,0.0162533221888,1.0300809105,0.570340916713
2,2,True,2,1200,0.0162533221888,1.03008091348,0.570340912605
