,iteration,success,k,N,msd,prelec_gamma,s
0,0,True,2,1200,0.0209604101662,0.579068193114,0.64066276766
1,1,True,2,1200,0.0209604101662,0.579068195228,0.64066276758
2,2,True,2,1200,0.0209604101662,0.579068194412,0.640662771991
