,iteration,success,k,N,msd,prelec_gamma,s
0,0,True,2,1200,0.0122303021897,1.02252523735,1.57091965911
1,1,True,2,1200,0.0122303021897,1.02252524386,1.57091963185
2,2,True,2,1200,0.0122303021897,1.02252524101,1.57091964914
