,iteration,success,k,N,msd,prelec_gamma,s
0,0,True,2,1200,0.028236911821,0.849624302804,0.436897619079
1,1,True,2,1200,0.028236911821,0.849624299327,0.43689762151
2,2,True,2,1200,0.028236911821,0.849624304402,0.436897615609
