,iteration,success,k,N,msd,prelec_gamma,s
0,0,True,2,1200,0.0249843403872,0.876314221714,0.579143017439
1,1,True,2,1200,0.0249843403872,0.876314215638,0.579143023432
2,2,True,2,1200,0.0249843403872,0.876314227095,0.57914300776
