,iteration,success,k,N,msd,prelec_gamma,s
0,0,True,2,1200,0.0124689948363,0.592910183832,1.17965642373
1,1,True,2,1200,0.0124689948363,0.592910185398,1.17965645587
2,2,True,2,1200,0.0124689948363,0.592910180033,1.17965643229
