,iteration,success,k,N,msd,prelec_gamma,s
0,0,True,2,1200,0.020880489113,0.759103796016,0.568995717958
1,1,True,2,1200,0.020880489113,0.759103788993,0.568995718944
2,2,True,2,1200,0.020880489113,0.759103792778,0.568995721395
