,iteration,success,k,N,msd,prelec_gamma,s
0,0,True,2,1200,0.0190789070431,0.844058582661,0.507355496051
1,1,True,2,1200,0.0190789070431,0.844058579618,0.50735549469
2,2,True,2,1200,0.0190789070431,0.844058577352,0.507355495492
