,iteration,success,k,N,msd,prelec_gamma,s
0,0,True,2,1200,0.0121674621093,1.43130672274,1.45157198366
1,1,True,2,1200,0.0121674621093,1.43130672096,1.4515719994
2,2,True,2,1200,0.0121674621093,1.43130672012,1.45157200769
