,iteration,success,k,N,msd,prelec_gamma,s
0,0,True,2,1200,0.0114869880427,0.626592614421,0.938945703642
1,1,True,2,1200,0.0114869880427,0.626592608279,0.938945705421
2,2,True,2,1200,0.0114869880427,0.626592613107,0.93894570221
