,iteration,success,k,N,msd,prelec_gamma,s
0,0,True,2,1200,0.0130288637832,1.06649097461,0.772156152147
1,1,True,2,1200,0.0130288637832,1.06649097838,0.772156155115
2,2,True,2,1200,0.0130288637832,1.06649097204,0.772156163041
