,iteration,success,k,N,msd,prelec_gamma,s
0,0,True,2,1200,0.0145426154269,0.573856498966,1.08451715894
1,1,True,2,1200,0.0145426154269,0.57385649744,1.0845171422
2,2,True,2,1200,0.0145426154269,0.573856500151,1.08451715648
