,iteration,success,k,N,msd,prelec_gamma,s
0,0,True,2,1200,0.0326941707282,0.958608565984,0.431879989987
1,1,True,2,1200,0.0326941707282,0.95860857566,0.431879992864
2,2,True,2,1200,0.0326941707282,0.958608572702,0.4318799905
