,iteration,success,k,N,msd,prelec_gamma,s
0,0,True,2,1200,0.0289536644197,1.41248406141,0.512758517672
1,1,True,2,1200,0.0289536644197,1.41248406651,0.512758517178
2,2,True,2,1200,0.0289536644197,1.41248406378,0.512758518947
