,iteration,success,k,N,msd,prelec_gamma,s
0,0,True,2,1200,0.0164858705976,0.626776907008,0.708138401958
1,1,True,2,1200,0.0164858705976,0.626776907304,0.708138399554
2,2,True,2,1200,0.0164858705976,0.626776903199,0.708138392936
