,iteration,success,k,N,msd,prelec_gamma,s
0,0,True,2,1200,0.0190071973201,1.34599416482,0.559734737628
1,1,True,2,1200,0.0190071973201,1.34599416694,0.559734727999
2,2,True,2,1200,0.0190071973201,1.34599415758,0.559734737524
