,iteration,success,k,N,msd,prelec_gamma,s
0,0,True,2,1200,0.0152864655783,1.44069846355,1.29989729801
1,1,True,2,1200,0.0152864655783,1.44069847379,1.29989725747
2,2,True,2,1200,0.0152864655783,1.44069846451,1.29989727536
