,iteration,success,k,N,msd,prelec_gamma,s
0,0,True,2,1200,0.0125291196314,1.05903490767,1.10257047342
1,1,True,2,1200,0.0125291196314,1.05903490828,1.1025704942
2,2,True,2,1200,0.0125291196314,1.05903490706,1.10257046013
