,iteration,success,k,N,msd,prelec_gamma,s
0,0,True,2,1200,0.0176530565224,1.42816009489,0.9446359968
1,1,True,2,1200,0.0176530565224,1.42816010433,0.944635978179
2,2,True,2,1200,0.0176530565224,1.42816010822,0.944635992636
