,iteration,success,k,N,msd,prelec_gamma,s
0,0,True,2,1200,0.0129017550617,0.580349509693,1.10836009351
1,1,True,2,1200,0.0129017550617,0.580349514557,1.10836008301
2,2,True,2,1200,0.0129017550617,0.580349510143,1.10836007418
