,iteration,success,k,N,msd,prelec_gamma,s
0,0,True,2,1200,0.0303882915739,0.871230626457,0.454579234869
1,1,True,2,1200,0.0303882915739,0.871230630625,0.454579239717
2,2,True,2,1200,0.0303882915739,0.871230631551,0.454579237394
