,iteration,success,k,N,msd,prelec_gamma,s
0,0,True,2,1200,0.0115811132246,1.40465999782,1.60382420026
1,1,True,2,1200,0.0115811132246,1.4046599965,1.60382417764
2,2,True,2,1200,0.0115811132246,1.40466000001,1.60382417679
