,iteration,success,k,N,msd,prelec_gamma,s
0,0,True,2,1200,0.0186143299052,1.08250040401,0.566578529349
1,1,True,2,1200,0.0186143299052,1.08250040334,0.566578527755
2,2,True,2,1200,0.0186143299052,1.08250040421,0.566578526527
