,iteration,success,k,N,msd,prelec_gamma,s
0,0,True,2,1200,0.0238069544995,1.46329235705,0.614136094041
1,1,True,2,1200,0.0238069544995,1.4632923469,0.614136103081
2,2,True,2,1200,0.0238069544995,1.46329235128,0.614136107115
