,iteration,success,k,N,msd,prelec_gamma,s
0,0,True,2,1200,0.0258616268556,1.2919061405,0.426968576176
1,1,True,2,1200,0.0258616268556,1.29190613491,0.426968582619
2,2,True,2,1200,0.0258616268556,1.2919061369,0.426968582651
