,iteration,success,k,N,msd,prelec_gamma,s
0,0,True,2,1200,0.0191787747676,1.09429218053,0.55177985189
1,1,True,2,1200,0.0191787747676,1.09429217728,0.551779846396
2,2,True,2,1200,0.0191787747676,1.09429217586,0.551779842795
