,iteration,success,k,N,msd,prelec_gamma,s
0,0,True,2,1200,0.024428633254,1.50561844267,0.412474716805
1,1,True,2,1200,0.024428633254,1.50561844574,0.41247471388
2,2,True,2,1200,0.024428633254,1.50561844644,0.412474712538
