,iteration,success,k,N,msd,prelec_gamma,s
0,0,True,2,1200,0.0222238032775,0.928185792219,0.489637771744
1,1,True,2,1200,0.0222238032775,0.928185789628,0.489637774178
2,2,True,2,1200,0.0222238032775,0.928185787689,0.489637766517
