,iteration,success,k,N,msd,prelec_gamma,s
0,0,True,2,1200,0.0238251402059,1.24652601483,0.414574954212
1,1,True,2,1200,0.0238251402059,1.24652599856,0.414574955494
2,2,True,2,1200,0.0238251402059,1.24652600923,0.414574954882
