,iteration,success,k,N,msd,prelec_gamma,s
0,0,True,2,1200,0.0305783759069,0.857391012596,0.42255620226
1,1,True,2,1200,0.0305783759069,0.857391022509,0.422556195801
2,2,True,2,1200,0.0305783759069,0.857391022359,0.422556202933
