,iteration,success,k,N,msd,prelec_gamma,s
0,0,True,2,1200,0.0249153925436,1.50668599338,0.65426064652
1,1,True,2,1200,0.0249153925436,1.5066859838,0.65426065187
2,2,True,2,1200,0.0249153925436,1.50668599446,0.654260641793
