,iteration,success,k,N,msd,prelec_gamma,s
0,0,True,2,1200,0.0248539482188,1.39086532621,0.965844401985
1,1,True,2,1200,0.0248539482188,1.39086532229,0.965844420036
2,2,True,2,1200,0.0248539482188,1.39086532198,0.965844422057
