,iteration,success,k,N,msd,prelec_gamma,s
0,0,True,2,1200,0.0170384882436,1.00240683703,0.635860068292
1,1,True,2,1200,0.0170384882436,1.00240683906,0.635860072707
2,2,True,2,1200,0.0170384882436,1.00240683159,0.635860070118
