,iteration,success,k,N,msd,prelec_gamma,s
0,0,True,2,1200,0.0202714073304,0.788295364454,0.504997414533
1,1,True,2,1200,0.0202714073304,0.788295364507,0.504997402851
2,2,True,2,1200,0.0202714073304,0.788295368736,0.504997406162
