,iteration,success,k,N,msd,prelec_gamma,s
0,0,True,2,1200,0.017751537434,1.38193513413,1.05883879012
1,1,True,2,1200,0.017751537434,1.38193512836,1.05883877677
2,2,True,2,1200,0.017751537434,1.38193513924,1.0588387726
