,iteration,success,k,N,msd,prelec_gamma,s
0,0,True,2,1200,0.0232481173592,1.36457374947,0.955055380013
1,1,True,2,1200,0.0232481173592,1.36457374645,0.955055399486
2,2,True,2,1200,0.0232481173592,1.36457374832,0.955055400716
