,iteration,success,k,N,msd,prelec_gamma,s
0,0,True,2,1200,0.0155877471305,0.842850152058,0.594298602236
1,1,True,2,1200,0.0155877471305,0.842850146192,0.594298599722
2,2,True,2,1200,0.0155877471305,0.842850143506,0.594298601353
