,iteration,success,k,N,msd,prelec_gamma,s
0,0,True,2,1200,0.0232622145881,0.679651860603,0.53926208135
1,1,True,2,1200,0.0232622145881,0.6796518563,0.539262084915
2,2,True,2,1200,0.0232622145881,0.679651862612,0.539262092995
