,iteration,success,k,N,msd,prelec_gamma,s
0,0,True,2,1200,0.0171021623756,0.60641769243,1.04881918655
1,1,True,2,1200,0.0171021623756,0.606417688566,1.04881913857
2,2,True,2,1200,0.0171021623756,0.606417695089,1.04881917996
