,iteration,success,k,N,msd,prelec_gamma,s
0,0,True,2,1200,0.0123456249036,1.00568602642,0.775556236355
1,1,True,2,1200,0.0123456249036,1.00568602276,0.775556215539
2,2,True,2,1200,0.0123456249036,1.00568602944,0.775556226951
