,iteration,success,k,N,msd,prelec_gamma,s
0,0,True,2,1200,0.0219487937936,0.796082550292,0.533481890252
1,1,True,2,1200,0.0219487937936,0.796082552246,0.533481883089
2,2,True,2,1200,0.0219487937936,0.796082564335,0.533481893081
