,iteration,success,k,N,msd,prelec_gamma,s
0,0,True,2,1200,0.0252799225356,1.536596275,0.540072737477
1,1,True,2,1200,0.0252799225356,1.53659627152,0.54007274005
2,2,True,2,1200,0.0252799225356,1.53659626615,0.540072735309
