,iteration,success,k,N,msd,prelec_gamma,s
0,0,True,2,1200,0.0351431884725,0.825448020931,0.400828337094
1,1,True,2,1200,0.0351431884725,0.825448020243,0.400828338072
2,2,True,2,1200,0.0351431884725,0.825448026129,0.400828335849
