,iteration,success,k,N,msd,prelec_gamma,s
0,0,True,2,1200,0.021422879796,1.31956164874,0.477944626691
1,1,True,2,1200,0.021422879796,1.31956163443,0.477944627144
2,2,True,2,1200,0.021422879796,1.31956163849,0.477944630839
