,iteration,success,k,N,msd,prelec_gamma,s
0,0,True,2,1200,0.0205690744779,0.651699651173,0.804361158643
1,1,True,2,1200,0.0205690744779,0.651699648311,0.804361154271
2,2,True,2,1200,0.0205690744779,0.651699652068,0.804361162291
