,iteration,success,k,N,msd,prelec_gamma,s
0,0,True,2,1200,0.0253292412895,1.34555416644,0.489652627982
1,1,True,2,1200,0.0253292412895,1.34555417208,0.489652620839
2,2,True,2,1200,0.0253292412895,1.34555416164,0.489652631465
