,iteration,success,k,N,msd,prelec_gamma,s
0,0,True,2,1200,0.0219688344486,0.854705889177,0.529167469291
1,1,True,2,1200,0.0219688344486,0.854705887385,0.529167464162
2,2,True,2,1200,0.0219688344486,0.854705883366,0.529167472853
