,iteration,success,k,N,msd,prelec_gamma,s
0,0,True,2,1200,0.019265001,0.827951537789,0.532554297156
1,1,True,2,1200,0.019265001,0.827951549201,0.532554292609
2,2,True,2,1200,0.019265001,0.827951549765,0.53255429705
