,iteration,success,k,N,msd,prelec_gamma,s
0,0,True,2,1200,0.0136846984757,0.615039478658,0.830031767513
1,1,True,2,1200,0.0136846984757,0.615039479972,0.830031772126
2,2,True,2,1200,0.0136846984757,0.615039482162,0.830031748634
