,iteration,success,k,N,msd,prelec_gamma,s
0,0,True,2,1200,0.0174861298424,1.08559819739,0.71363675338
1,1,True,2,1200,0.0174861298424,1.085598196,0.713636762263
2,2,True,2,1200,0.0174861298424,1.08559820314,0.713636763833
