,iteration,success,k,N,msd,prelec_gamma,s
0,0,True,2,1200,0.0243322884877,1.11971593079,0.5592939376
1,1,True,2,1200,0.0243322884877,1.11971592347,0.559293929555
2,2,True,2,1200,0.0243322884877,1.1197159283,0.559293931087
