,iteration,success,k,N,msd,prelec_gamma,s
0,0,True,2,1200,0.0284282572596,1.01111906745,0.495562390603
1,1,True,2,1200,0.0284282572596,1.01111907309,0.49556238784
2,2,True,2,1200,0.0284282572596,1.01111906742,0.495562391247
