,iteration,success,k,N,msd,prelec_gamma,s
0,0,True,2,1200,0.0239695047929,0.621758399236,0.537777098106
1,1,True,2,1200,0.0239695047929,0.621758409328,0.537777093348
2,2,True,2,1200,0.0239695047929,0.621758404732,0.537777096911
