,iteration,success,k,N,msd,prelec_gamma,s
0,0,True,2,1200,0.0243565345192,1.00995516302,0.468330148165
1,1,True,2,1200,0.0243565345192,1.009955165,0.468330151548
2,2,True,2,1200,0.0243565345192,1.00995515859,0.468330149998
