,iteration,success,k,N,msd,prelec_gamma,s
0,0,True,2,1200,0.0220305051353,0.88773260485,0.495214328896
1,1,True,2,1200,0.0220305051353,0.88773260316,0.495214318063
2,2,True,2,1200,0.0220305051353,0.887732607331,0.495214324029
