,iteration,success,k,N,msd,prelec_gamma,s
0,0,True,2,1200,0.0282115642422,0.859425585158,0.47038345983
1,1,True,2,1200,0.0282115642422,0.859425578226,0.47038346486
2,2,True,2,1200,0.0282115642422,0.859425576976,0.470383463819
