,iteration,success,k,N,msd,prelec_gamma,s
0,0,True,2,1200,0.0183217286205,1.46653039601,0.844397856197
1,1,True,2,1200,0.0183217286205,1.46653038741,0.844397858822
2,2,True,2,1200,0.0183217286205,1.46653038855,0.844397834125
