,iteration,success,k,N,msd,prelec_gamma,s
0,0,True,2,1200,0.00853677909794,1.06280941796,1.00605209041
1,1,True,2,1200,0.00853677909794,1.0628094214,1.00605210159
2,2,True,2,1200,0.00853677909794,1.06280942217,1.00605207094
