,iteration,success,k,N,msd,prelec_gamma,s
0,0,True,2,1200,0.0278398341878,1.36527392083,0.475809986629
1,1,True,2,1200,0.0278398341878,1.36527392808,0.475809988397
2,2,True,2,1200,0.0278398341878,1.3652739171,0.475809992783
