,iteration,success,k,N,msd,prelec_gamma,s
0,0,True,2,1200,0.0221035597105,0.771901281819,0.649310222347
1,1,True,2,1200,0.0221035597105,0.771901272473,0.649310221377
2,2,True,2,1200,0.0221035597105,0.771901277597,0.649310225708
