,iteration,success,k,N,msd,prelec_gamma,s
0,0,True,2,1200,0.0195181443515,1.11160108376,0.839912665301
1,1,True,2,1200,0.0195181443515,1.11160108931,0.839912685186
2,2,True,2,1200,0.0195181443515,1.11160108554,0.839912665794
