,iteration,success,k,N,msd,prelec_gamma,s
0,0,True,2,1200,0.018896527772,1.05805879856,0.517513859688
1,1,True,2,1200,0.018896527772,1.05805880179,0.517513865749
2,2,True,2,1200,0.018896527772,1.05805880495,0.517513862128
