,iteration,success,k,N,msd,prelec_gamma,s
0,0,True,2,1200,0.0165215385357,0.685682563889,0.677025609007
1,1,True,2,1200,0.0165215385357,0.685682565302,0.677025598386
2,2,True,2,1200,0.0165215385357,0.68568257018,0.677025610865
