,iteration,success,k,N,msd,prelec_gamma,s
0,0,True,2,1200,0.0241658350088,0.818631437716,0.565291493701
1,1,True,2,1200,0.0241658350088,0.818631433195,0.565291494525
2,2,True,2,1200,0.0241658350088,0.818631444646,0.565291500125
