,iteration,success,k,N,msd,prelec_gamma,s
0,0,True,2,1200,0.0174525347192,1.39156453579,1.06953364045
1,1,True,2,1200,0.0174525347192,1.39156454287,1.0695336254
2,2,True,2,1200,0.0174525347192,1.39156453567,1.06953367291
