,iteration,success,k,N,msd,prelec_gamma,s
0,0,True,2,1200,0.0237342108769,1.11639533168,0.503900714022
1,1,True,2,1200,0.0237342108769,1.11639533697,0.503900715228
2,2,True,2,1200,0.0237342108769,1.11639533697,0.503900712178
