,iteration,success,k,N,msd,prelec_gamma,s
0,0,True,2,1200,0.019784590338,0.901280847068,0.54617510935
1,1,True,2,1200,0.019784590338,0.901280849853,0.546175119537
2,2,True,2,1200,0.019784590338,0.901280846756,0.546175112347
