,iteration,success,k,N,msd,prelec_gamma,s
0,0,True,2,1200,0.0197000659729,1.44441160955,0.987115179083
1,1,True,2,1200,0.0197000659729,1.44441160916,0.987115193339
2,2,True,2,1200,0.0197000659729,1.44441159815,0.987115194131
