,iteration,success,k,N,msd,prelec_gamma,s
0,0,True,2,1200,0.0220833012284,1.44205749885,0.671386969608
1,1,True,2,1200,0.0220833012284,1.44205749543,0.671386965551
2,2,True,2,1200,0.0220833012284,1.44205748591,0.671386965146
