,iteration,success,k,N,msd,prelec_gamma,s
0,0,True,2,1200,0.0240651594434,1.52893450279,0.70075992383
1,1,True,2,1200,0.0240651594434,1.5289344945,0.700759927314
2,2,True,2,1200,0.0240651594434,1.5289345033,0.700759920462
