,iteration,success,k,N,msd,prelec_gamma,s
0,0,True,2,1200,0.0200411784919,1.23149835192,0.506261009571
1,1,True,2,1200,0.0200411784919,1.23149835602,0.506261007204
2,2,True,2,1200,0.0200411784919,1.23149834728,0.506261003911
