,iteration,success,k,N,msd,prelec_gamma,s
0,0,True,2,1200,0.0222084525801,1.30337569675,0.39597919814
1,1,True,2,1200,0.0222084525801,1.30337570732,0.395979196696
2,2,True,2,1200,0.0222084525801,1.30337569622,0.39597919981
