,iteration,success,k,N,msd,prelec_gamma,s
0,0,True,2,1200,0.0220439220054,1.11434103093,0.552701899897
1,1,True,2,1200,0.0220439220054,1.11434103673,0.552701904866
2,2,True,2,1200,0.0220439220054,1.11434103018,0.552701908017
