,iteration,success,k,N,msd,prelec_gamma,s
0,0,True,2,1200,0.0237672902051,1.09154639077,0.595611844768
1,1,True,2,1200,0.0237672902051,1.09154640011,0.595611838858
2,2,True,2,1200,0.0237672902051,1.09154639832,0.595611843192
