,iteration,success,k,N,msd,prelec_gamma,s
0,0,True,2,1200,0.0159893351657,0.997279459851,0.535113713801
1,1,True,2,1200,0.0159893351657,0.997279461765,0.535113718516
2,2,True,2,1200,0.0159893351657,0.997279465616,0.535113706951
