,iteration,success,k,N,msd,prelec_gamma,s
0,0,True,2,1200,0.0156976186257,1.03589505771,0.584065741711
1,1,True,2,1200,0.0156976186257,1.03589505628,0.584065741536
2,2,True,2,1200,0.0156976186257,1.03589506086,0.584065738342
