,iteration,success,k,N,msd,prelec_gamma,s
0,0,True,2,1200,0.0244520827966,1.10565589821,0.574074048309
1,1,True,2,1200,0.0244520827966,1.1056558973,0.574074043302
2,2,True,2,1200,0.0244520827966,1.10565589881,0.574074049199
