,iteration,success,k,N,msd,prelec_gamma,s
0,0,True,2,1200,0.0117210053919,1.36863374257,1.57256888957
1,1,True,2,1200,0.0117210053919,1.36863374748,1.57256886793
2,2,True,2,1200,0.0117210053919,1.36863375093,1.5725688611
