,iteration,success,k,N,msd,prelec_gamma,s
0,0,True,2,1200,0.0292636983183,0.899504063949,0.431302956724
1,1,True,2,1200,0.0292636983183,0.899504072425,0.431302959937
2,2,True,2,1200,0.0292636983183,0.899504065487,0.431302960059
