,iteration,success,k,N,msd,prelec_gamma,s
0,0,True,2,1200,0.014339702027,1.11325455482,0.869306518684
1,1,True,2,1200,0.014339702027,1.11325455629,0.869306533115
2,2,True,2,1200,0.014339702027,1.11325455727,0.869306529006
