,iteration,success,k,N,msd,prelec_gamma,s
0,0,True,2,1200,0.0114844906535,1.06468822511,1.0405656658
1,1,True,2,1200,0.0114844906535,1.06468822255,1.04056568513
2,2,True,2,1200,0.0114844906535,1.06468822629,1.04056566917
