,iteration,success,k,N,msd,prelec_gamma,s
0,0,True,2,1200,0.0229281802783,0.823035305867,0.556884125908
1,1,True,2,1200,0.0229281802783,0.823035310141,0.556884125718
2,2,True,2,1200,0.0229281802783,0.823035309191,0.556884125049
