,iteration,success,k,N,msd,prelec_gamma,s
0,0,True,2,1200,0.0124381144485,0.986131128592,1.23985891568
1,1,True,2,1200,0.0124381144485,0.986131125911,1.23985884853
2,2,True,2,1200,0.0124381144485,0.986131131854,1.23985886024
