,iteration,success,k,N,msd,prelec_gamma,s
0,0,True,2,1200,0.0221731334628,0.777932867985,0.552252110348
1,1,True,2,1200,0.0221731334628,0.777932868839,0.552252120804
2,2,True,2,1200,0.0221731334628,0.777932862457,0.55225211472
