,iteration,success,k,N,msd,prelec_gamma,s
0,0,True,2,1200,0.0110098470356,0.558284654408,1.05534661206
1,1,True,2,1200,0.0110098470356,0.55828465249,1.05534659221
2,2,True,2,1200,0.0110098470356,0.55828465305,1.05534660181
