,iteration,success,k,N,msd,prelec_gamma,s
0,0,True,2,1200,0.0116696887527,1.32977976767,1.64555557318
1,1,True,2,1200,0.0116696887527,1.32977975826,1.64555563193
2,2,True,2,1200,0.0116696887527,1.3297797653,1.64555557644
