,iteration,success,k,N,msd,prelec_gamma,s
0,0,True,2,1200,0.0175613560698,1.37456551502,0.861388874299
1,1,True,2,1200,0.0175613560698,1.37456551657,0.861388857108
2,2,True,2,1200,0.0175613560698,1.37456550741,0.861388861504
