,iteration,success,k,N,msd,prelec_gamma,s
0,0,True,2,1200,0.0250826045584,0.892202702058,0.534077736191
1,1,True,2,1200,0.0250826045584,0.892202707276,0.534077734245
2,2,True,2,1200,0.0250826045584,0.892202705152,0.534077729471
