,iteration,success,k,N,msd,prelec_gamma,s
0,0,True,2,1200,0.0198499807274,1.32976328647,0.433381441711
1,1,True,2,1200,0.0198499807274,1.32976329735,0.433381443439
2,2,True,2,1200,0.0198499807274,1.32976330275,0.433381439847
