,iteration,success,k,N,msd,prelec_gamma,s
0,0,True,2,1200,0.019987646633,1.01155407939,0.609914806607
1,1,True,2,1200,0.019987646633,1.01155408592,0.609914804188
2,2,True,2,1200,0.019987646633,1.01155407757,0.609914797337
