,iteration,success,k,N,msd,prelec_gamma,s
0,0,True,2,1200,0.0227642853667,1.36790926362,0.749175838164
1,1,True,2,1200,0.0227642853667,1.36790925132,0.749175832496
2,2,True,2,1200,0.0227642853667,1.36790925562,0.749175836161
