,iteration,success,k,N,msd,prelec_gamma,s
0,0,True,2,1200,0.0253695367855,1.36790099599,0.432793580201
1,1,True,2,1200,0.0253695367855,1.36790101086,0.43279358148
2,2,True,2,1200,0.0253695367855,1.36790099883,0.432793581308
