,iteration,success,k,N,msd,prelec_gamma,s
0,0,True,2,1200,0.0167619757745,1.46103867827,0.770441348341
1,1,True,2,1200,0.0167619757745,1.46103869031,0.770441340113
2,2,True,2,1200,0.0167619757745,1.46103868976,0.77044134508
