,iteration,success,k,N,msd,prelec_gamma,s
0,0,True,2,1200,0.0324736528438,1.43101345682,0.373555366158
1,1,True,2,1200,0.0324736528438,1.43101344502,0.373555370283
2,2,True,2,1200,0.0324736528438,1.43101345067,0.373555361195
