,iteration,success,k,N,msd,prelec_gamma,s
0,0,True,2,1200,0.0224060068347,1.44372981473,0.589987426477
1,1,True,2,1200,0.0224060068347,1.44372981059,0.589987437168
2,2,True,2,1200,0.0224060068347,1.44372981144,0.589987435765
