,iteration,success,k,N,msd,prelec_gamma,s
0,0,True,2,1200,0.0192103471526,1.3231282111,1.16946791474
1,1,True,2,1200,0.0192103471526,1.32312820926,1.16946792854
2,2,True,2,1200,0.0192103471526,1.3231282179,1.16946790056
