,iteration,success,k,N,msd,prelec_gamma,s
0,0,True,2,1200,0.0254122613189,1.32604826385,0.4442930531
1,1,True,2,1200,0.0254122613189,1.32604825591,0.444293055272
2,2,True,2,1200,0.0254122613189,1.3260482488,0.44429306162
