,iteration,success,k,N,msd,prelec_gamma,s
0,0,True,2,1200,0.0177644458533,1.12480098881,0.656693479534
1,1,True,2,1200,0.0177644458533,1.12480099226,0.65669346321
2,2,True,2,1200,0.0177644458533,1.12480098804,0.656693469517
