,iteration,success,k,N,msd,prelec_gamma,s
0,0,True,2,1200,0.0159635228844,0.673757181983,0.974401807658
1,1,True,2,1200,0.0159635228844,0.673757178426,0.974401805661
2,2,True,2,1200,0.0159635228844,0.673757186116,0.974401829431
