,iteration,success,k,N,msd,prelec_gamma,s
0,0,True,2,1200,0.0249037211154,0.84903609128,0.473826858178
1,1,True,2,1200,0.0249037211154,0.849036091971,0.4738268519
2,2,True,2,1200,0.0249037211154,0.849036088907,0.473826855661
