,iteration,success,k,N,msd,prelec_gamma,s
0,0,True,2,1200,0.0280605794561,0.895038866009,0.456739768264
1,1,True,2,1200,0.0280605794561,0.895038864831,0.45673977072
2,2,True,2,1200,0.0280605794561,0.895038866691,0.45673976541
