,iteration,success,k,N,msd,prelec_gamma,s
0,0,True,2,1200,0.0263009372886,1.03591343856,0.481366747139
1,1,True,2,1200,0.0263009372886,1.03591345123,0.481366758211
2,2,True,2,1200,0.0263009372886,1.03591344177,0.481366754807
