,iteration,success,k,N,msd,prelec_gamma,s
0,0,True,2,1200,0.0156694139942,1.43515188945,1.01207539909
1,1,True,2,1200,0.0156694139942,1.43515188891,1.01207539501
2,2,True,2,1200,0.0156694139942,1.43515189505,1.01207541623
