,iteration,success,k,N,msd,prelec_gamma,s
0,0,True,2,1200,0.0241778366176,1.34313050977,0.538556155795
1,1,True,2,1200,0.0241778366176,1.34313050987,0.538556156165
2,2,True,2,1200,0.0241778366176,1.34313052662,0.538556153474
