,iteration,success,k,N,msd,prelec_gamma,s
0,0,True,2,1200,0.0372085149748,1.02006694794,0.46433569065
1,1,True,2,1200,0.0372085149748,1.02006694584,0.464335685744
2,2,True,2,1200,0.0372085149748,1.02006695555,0.464335682272
