,iteration,success,k,N,msd,prelec_gamma,s
0,0,True,2,1200,0.0102346576925,1.03329689973,1.59907226121
1,1,True,2,1200,0.0102346576925,1.03329690026,1.59907222636
2,2,True,2,1200,0.0102346576925,1.03329690162,1.59907219538
