,iteration,success,k,N,msd,prelec_gamma,s
0,0,True,2,1200,0.0234989682789,1.35348169173,0.615522626567
1,1,True,2,1200,0.0234989682789,1.35348169404,0.615522624822
2,2,True,2,1200,0.0234989682789,1.35348168233,0.615522622268
