,iteration,success,k,N,msd,prelec_gamma,s
0,0,True,2,1200,0.0239834702383,1.50294531123,0.554763394382
1,1,True,2,1200,0.0239834702383,1.50294530421,0.554763408227
2,2,True,2,1200,0.0239834702383,1.50294529713,0.554763402934
