,iteration,success,k,N,msd,prelec_gamma,s
0,0,True,2,1200,0.0222381315258,1.30871072188,0.434488913094
1,1,True,2,1200,0.0222381315258,1.30871072564,0.434488903918
2,2,True,2,1200,0.0222381315258,1.3087107256,0.434488909416
