,iteration,success,k,N,msd,prelec_gamma,s
0,0,True,2,1200,0.0185852713404,1.4103905569,0.670421145938
1,1,True,2,1200,0.0185852713404,1.41039054671,0.670421153254
2,2,True,2,1200,0.0185852713404,1.41039055162,0.670421152878
