,iteration,success,k,N,msd,prelec_gamma,s
0,0,True,2,1200,0.012988556501,0.57198124361,1.04024885813
1,1,True,2,1200,0.012988556501,0.571981237925,1.04024885721
2,2,True,2,1200,0.012988556501,0.571981241802,1.04024885418
