,iteration,success,k,N,msd,prelec_gamma,s
0,0,True,2,1200,0.0181583491656,1.47630921808,0.817185092961
1,1,True,2,1200,0.0181583491656,1.47630921533,0.817185079526
2,2,True,2,1200,0.0181583491656,1.47630921163,0.817185084191
