,iteration,success,k,N,msd,prelec_gamma,s
0,0,True,2,1200,0.0177154251486,0.591578700589,0.71116882876
1,1,True,2,1200,0.0177154251486,0.591578695696,0.711168821554
2,2,True,2,1200,0.0177154251486,0.591578702937,0.711168824971
