,iteration,success,k,N,msd,prelec_gamma,s
0,0,True,2,1200,0.022222734269,0.885517377717,0.537466828621
1,1,True,2,1200,0.022222734269,0.885517377662,0.537466827744
2,2,True,2,1200,0.022222734269,0.885517374567,0.537466822507
