,iteration,success,k,N,msd,prelec_gamma,s
0,0,True,2,1200,0.0216190161043,1.39098629863,0.456381129368
1,1,True,2,1200,0.0216190161043,1.39098629815,0.456381134379
2,2,True,2,1200,0.0216190161043,1.39098629811,0.456381131403
