,iteration,success,k,N,msd,prelec_gamma,s
0,0,True,2,1200,0.0198504723205,0.600570057862,0.744934510312
1,1,True,2,1200,0.0198504723205,0.600570057873,0.744934514754
2,2,True,2,1200,0.0198504723205,0.600570057011,0.744934507635
