,iteration,success,k,N,msd,prelec_gamma,s
0,0,True,2,1200,0.0238320070137,1.1256943668,0.554051774982
1,1,True,2,1200,0.0238320070137,1.12569436044,0.554051775476
2,2,True,2,1200,0.0238320070137,1.12569435957,0.554051778344
