,iteration,success,k,N,msd,prelec_gamma,s
0,0,True,2,1200,0.0204484114994,1.3967449157,0.67937100495
1,1,True,2,1200,0.0204484114994,1.39674491223,0.679371016338
2,2,True,2,1200,0.0204484114994,1.39674491558,0.67937101991
