,iteration,success,k,N,msd,prelec_gamma,s
0,0,True,2,1200,0.0226978766373,1.34530391394,0.417686961987
1,1,True,2,1200,0.0226978766373,1.3453039137,0.417686956025
2,2,True,2,1200,0.0226978766373,1.34530391143,0.417686962226
