,iteration,success,k,N,msd,prelec_gamma,s
0,0,True,2,1200,0.0140464303997,1.44357626018,1.44793282371
1,1,True,2,1200,0.0140464303997,1.44357627463,1.44793284341
2,2,True,2,1200,0.0140464303997,1.44357626637,1.44793284333
