,iteration,success,k,N,msd,prelec_gamma,s
0,0,True,2,1200,0.0118808307184,1.40107905496,1.43635299688
1,1,True,2,1200,0.0118808307184,1.40107904759,1.43635298699
2,2,True,2,1200,0.0118808307184,1.40107905502,1.43635296434
