,iteration,success,k,N,msd,prelec_gamma,s
0,0,True,2,1200,0.0216243558208,1.50166121373,0.714512205696
1,1,True,2,1200,0.0216243558208,1.50166121398,0.714512201157
2,2,True,2,1200,0.0216243558208,1.5016612239,0.714512203786
