,iteration,success,k,N,msd,prelec_gamma,s
0,0,True,2,1200,0.0158653841796,0.634893037968,0.755036569121
1,1,True,2,1200,0.0158653841796,0.634893040154,0.75503656576
2,2,True,2,1200,0.0158653841796,0.634893037633,0.755036580918
