,iteration,success,k,N,msd,prelec_gamma,s
0,0,True,2,1200,0.0124807241743,0.641837157917,0.681834796105
1,1,True,2,1200,0.0124807241743,0.641837153004,0.681834799486
2,2,True,2,1200,0.0124807241743,0.641837153577,0.681834788964
