,iteration,success,k,N,msd,prelec_gamma,s
0,0,True,2,1200,0.0239282861742,0.798918962522,0.500474510302
1,1,True,2,1200,0.0239282861742,0.798918960073,0.500474506706
2,2,True,2,1200,0.0239282861742,0.798918965818,0.500474504787
