,iteration,success,k,N,msd,prelec_gamma,s
0,0,True,2,1200,0.0261412750733,1.42284368654,0.607533128706
1,1,True,2,1200,0.0261412750733,1.42284369678,0.607533113506
2,2,True,2,1200,0.0261412750733,1.42284369222,0.607533122448
