,iteration,success,k,N,msd,prelec_gamma,s
0,0,True,2,1200,0.0177554374057,1.07655540932,0.649072277471
1,1,True,2,1200,0.0177554374057,1.07655541192,0.64907227555
2,2,True,2,1200,0.0177554374057,1.07655540867,0.649072278584
