,iteration,success,k,N,msd,prelec_gamma,s
0,0,True,2,1200,0.0213695563369,0.746357571659,0.528866350815
1,1,True,2,1200,0.0213695563369,0.74635757522,0.528866352116
2,2,True,2,1200,0.0213695563369,0.746357568802,0.528866354553
