,iteration,success,k,N,msd,prelec_gamma,s
0,0,True,2,1200,0.0255665205947,1.49421545377,0.386870005945
1,1,True,2,1200,0.0255665205947,1.49421544355,0.38687000931
2,2,True,2,1200,0.0255665205947,1.49421545957,0.386870008804
