,iteration,success,k,N,msd,prelec_gamma,s
0,0,True,2,1200,0.0191023896106,0.750408566514,0.566837131146
1,1,True,2,1200,0.0191023896106,0.750408561128,0.566837132592
2,2,True,2,1200,0.0191023896106,0.750408566544,0.566837127909
