,iteration,success,k,N,msd,prelec_gamma,s
0,0,True,2,1200,0.0171418939828,1.32894728974,0.607913573327
1,1,True,2,1200,0.0171418939828,1.32894730456,0.607913557691
2,2,True,2,1200,0.0171418939828,1.32894729937,0.607913566366
