,iteration,success,k,N,msd,prelec_gamma,s
0,0,True,2,1200,0.0133219273429,0.657496591399,0.697173790074
1,1,True,2,1200,0.0133219273429,0.657496587639,0.697173794397
2,2,True,2,1200,0.0133219273429,0.657496585336,0.697173779991
