,iteration,success,k,N,msd,prelec_gamma,s
0,0,True,2,1200,0.0237502481074,1.41309719529,0.394522892271
1,1,True,2,1200,0.0237502481074,1.41309719401,0.394522891235
2,2,True,2,1200,0.0237502481074,1.4130972029,0.394522889301
