,iteration,success,k,N,msd,prelec_gamma,s
0,0,True,2,1200,0.0280362305355,1.40222094678,0.578544696622
1,1,True,2,1200,0.0280362305355,1.40222095783,0.578544688134
2,2,True,2,1200,0.0280362305355,1.40222094453,0.578544693794
