,iteration,success,k,N,msd,prelec_gamma,s
0,0,True,2,1200,0.0114418457026,0.580153259135,1.20472552884
1,1,True,2,1200,0.0114418457026,0.580153258709,1.20472554471
2,2,True,2,1200,0.0114418457026,0.580153260997,1.20472553643
