,iteration,success,k,N,msd,prelec_gamma,s
0,0,True,2,1200,0.0144290956344,1.43411443757,0.780987081972
1,1,True,2,1200,0.0144290956344,1.43411443906,0.780987082668
2,2,True,2,1200,0.0144290956344,1.43411443661,0.780987091076
