,iteration,success,k,N,msd,prelec_gamma,s
0,0,True,2,1200,0.0264334308007,1.4089701407,0.381466636108
1,1,True,2,1200,0.0264334308007,1.40897013318,0.381466640488
2,2,True,2,1200,0.0264334308007,1.40897013253,0.381466638623
