,iteration,success,k,N,msd,prelec_gamma,s
0,0,True,2,1200,0.0173420454902,0.588143752987,0.76011075798
1,1,True,2,1200,0.0173420454902,0.58814374817,0.760110747308
2,2,True,2,1200,0.0173420454902,0.5881437458,0.7601107528
