,iteration,success,k,N,msd,prelec_gamma,s
0,0,True,2,1200,0.0146363171485,0.60334275734,1.06950890498
1,1,True,2,1200,0.0146363171485,0.60334275644,1.06950890204
2,2,True,2,1200,0.0146363171485,0.603342748439,1.06950889059
