,iteration,success,k,N,msd,prelec_gamma,s
0,0,True,2,1200,0.0160763710527,0.792400059132,0.567002644059
1,1,True,2,1200,0.0160763710527,0.792400060915,0.567002645282
2,2,True,2,1200,0.0160763710527,0.792400060247,0.567002650956
