,iteration,success,k,N,msd,prelec_gamma,s
0,0,True,2,1200,0.02364519983,0.808044240056,0.518220117287
1,1,True,2,1200,0.02364519983,0.808044240752,0.518220113877
2,2,True,2,1200,0.02364519983,0.808044240189,0.518220121304
