,iteration,success,k,N,msd,prelec_gamma,s
0,0,True,2,1200,0.0246652645349,1.009728364,0.502287903263
1,1,True,2,1200,0.0246652645349,1.00972836964,0.502287900368
2,2,True,2,1200,0.0246652645349,1.00972837079,0.502287898214
