,iteration,success,k,N,msd,prelec_gamma,s
0,0,True,2,1200,0.0242648816867,0.908151746415,0.504012196941
1,1,True,2,1200,0.0242648816867,0.908151746215,0.504012193922
2,2,True,2,1200,0.0242648816867,0.908151746225,0.504012191279
