,iteration,success,k,N,msd,prelec_gamma,s
0,0,True,2,1200,0.0234943788377,1.44073632973,0.53165748881
1,1,True,2,1200,0.0234943788377,1.44073633327,0.531657490586
2,2,True,2,1200,0.0234943788377,1.44073632571,0.531657485091
