,iteration,success,k,N,msd,prelec_gamma,s
0,0,True,2,1200,0.0149537403583,1.02747588478,0.859869994451
1,1,True,2,1200,0.0149537403583,1.02747587871,0.859869997618
2,2,True,2,1200,0.0149537403583,1.02747588627,0.859869977888
