,iteration,success,k,N,msd,prelec_gamma,s
0,0,True,2,1200,0.0217458279682,1.50801188905,0.704595378919
1,1,True,2,1200,0.0217458279682,1.50801189445,0.704595367808
2,2,True,2,1200,0.0217458279682,1.5080118963,0.704595381742
