,iteration,success,k,N,msd,prelec_gamma,s
0,0,True,2,1200,0.0118250637112,1.01565690192,1.03555524058
1,1,True,2,1200,0.0118250637112,1.01565690301,1.03555521526
2,2,True,2,1200,0.0118250637112,1.01565690389,1.03555522774
