,iteration,success,k,N,msd,prelec_gamma,s
0,0,True,2,1200,0.0208541258214,0.636165873404,0.609547646294
1,1,True,2,1200,0.0208541258214,0.636165874726,0.609547647621
2,2,True,2,1200,0.0208541258214,0.636165869754,0.609547643026
