,iteration,success,k,N,msd,prelec_gamma,s
0,0,True,2,1200,0.0190652092992,1.02337458164,0.517424984798
1,1,True,2,1200,0.0190652092992,1.0233745759,0.51742498113
2,2,True,2,1200,0.0190652092992,1.02337457611,0.517424981303
