,iteration,success,k,N,msd,prelec_gamma,s
0,0,True,2,1200,0.0187536452391,0.623977976765,0.640174066532
1,1,True,2,1200,0.0187536452391,0.623977983521,0.640174078049
2,2,True,2,1200,0.0187536452391,0.623977981665,0.64017407654
