,iteration,success,k,N,msd,prelec_gamma,s
0,0,True,2,1200,0.0241779146327,1.34502863713,0.453830119884
1,1,True,2,1200,0.0241779146327,1.34502864786,0.453830119822
2,2,True,2,1200,0.0241779146327,1.34502862874,0.453830122145
