,iteration,success,k,N,msd,prelec_gamma,s
0,0,True,2,1200,0.0235501207849,1.47504973011,0.55821476971
1,1,True,2,1200,0.0235501207849,1.47504973523,0.558214771895
2,2,True,2,1200,0.0235501207849,1.47504972495,0.55821477542
