,iteration,success,k,N,msd,prelec_gamma,s
0,0,True,2,1200,0.0146539026363,1.28965528356,1.56565327024
1,1,True,2,1200,0.0146539026363,1.28965529049,1.56565325651
2,2,True,2,1200,0.0146539026363,1.28965528713,1.56565325613
