,iteration,success,k,N,msd,prelec_gamma,s
0,0,True,2,1200,0.0179195237499,1.43395950818,1.61776161363
1,1,True,2,1200,0.0179195237499,1.43395949692,1.61776161359
2,2,True,2,1200,0.0179195237499,1.43395950824,1.61776157938
