,iteration,success,k,N,msd,prelec_gamma,s
0,0,True,2,1200,0.0184814256395,1.04837015059,0.567993992921
1,1,True,2,1200,0.0184814256395,1.04837014349,0.56799399383
2,2,True,2,1200,0.0184814256395,1.04837014453,0.567994000696
