,iteration,success,k,N,msd,prelec_gamma,s
0,0,True,2,1200,0.0102054113352,1.01823797005,1.88397356075
1,1,True,2,1200,0.0102054113352,1.01823797094,1.88397355723
2,2,True,2,1200,0.0102054113352,1.01823797213,1.88397359782
