,iteration,success,k,N,msd,prelec_gamma,s
0,0,True,2,1200,0.0290810915495,0.805426184845,0.433511233761
1,1,True,2,1200,0.0290810915495,0.805426179433,0.433511233255
2,2,True,2,1200,0.0290810915495,0.805426176375,0.4335112307
