,iteration,success,k,N,msd,prelec_gamma,s
0,0,True,2,1200,0.0276432787712,0.864605106567,0.4565712168
1,1,True,2,1200,0.0276432787712,0.864605116097,0.456571212261
2,2,True,2,1200,0.0276432787712,0.864605117053,0.45657121541
