,iteration,success,k,N,msd,prelec_gamma,s
0,0,True,2,1200,0.0227839456246,0.928853517007,0.48369535386
1,1,True,2,1200,0.0227839456246,0.928853515839,0.483695350731
2,2,True,2,1200,0.0227839456246,0.928853520336,0.483695360276
