,iteration,success,k,N,msd,prelec_gamma,s
0,0,True,2,1200,0.0223814818509,1.25733548993,0.491919851646
1,1,True,2,1200,0.0223814818509,1.25733549272,0.491919858123
2,2,True,2,1200,0.0223814818509,1.25733550201,0.491919853249
