,iteration,success,k,N,msd,prelec_gamma,s
0,0,True,2,1200,0.0240069558692,0.619986181216,0.586064836972
1,1,True,2,1200,0.0240069558692,0.619986180732,0.586064838531
2,2,True,2,1200,0.0240069558692,0.619986177904,0.586064833755
