,iteration,success,k,N,msd,prelec_gamma,s
0,0,True,2,1200,0.0218068528918,1.06482595487,0.511911597707
1,1,True,2,1200,0.0218068528918,1.06482595452,0.511911597549
2,2,True,2,1200,0.0218068528918,1.06482595562,0.511911598215
