,iteration,success,k,N,msd,prelec_gamma,s
0,0,True,2,1200,0.0165754850685,0.680492352854,0.838634915941
1,1,True,2,1200,0.0165754850685,0.68049235473,0.838634917189
2,2,True,2,1200,0.0165754850685,0.680492356117,0.838634914762
