,iteration,success,k,N,msd,prelec_gamma,s
0,0,True,2,1200,0.0245459710435,1.3407099159,0.422389436003
1,1,True,2,1200,0.0245459710435,1.34070991658,0.422389440081
2,2,True,2,1200,0.0245459710435,1.34070990908,0.422389433191
