,iteration,success,k,N,msd,prelec_gamma,s
0,0,True,2,1200,0.0188287989274,1.1303991623,0.656841103876
1,1,True,2,1200,0.0188287989274,1.13039915653,0.656841106448
2,2,True,2,1200,0.0188287989274,1.13039915981,0.656841115583
