,iteration,success,k,N,msd,prelec_gamma,s
0,0,True,2,1200,0.0101567895443,1.39340978877,1.80032644996
1,1,True,2,1200,0.0101567895443,1.39340977516,1.80032653374
2,2,True,2,1200,0.0101567895443,1.39340979087,1.80032643413
