,iteration,success,k,N,msd,prelec_gamma,s
0,0,True,2,1200,0.0257255484692,1.49893539809,0.39938978878
1,1,True,2,1200,0.0257255484692,1.49893539745,0.399389787903
2,2,True,2,1200,0.0257255484692,1.49893540852,0.399389785891
