,iteration,success,k,N,msd,prelec_gamma,s
0,0,True,2,1200,0.0173632799416,0.890062862597,0.55464242848
1,1,True,2,1200,0.0173632799416,0.890062861026,0.554642427394
2,2,True,2,1200,0.0173632799416,0.890062868817,0.554642422786
