,iteration,success,k,N,msd,prelec_gamma,s
0,0,True,2,1200,0.0276907615199,1.01239363277,0.454299615205
1,1,True,2,1200,0.0276907615199,1.01239363519,0.454299607533
2,2,True,2,1200,0.0276907615199,1.01239363324,0.45429961517
