,iteration,success,k,N,msd,prelec_gamma,s
0,0,True,2,1200,0.0138347571916,1.4252470186,1.4770861631
1,1,True,2,1200,0.0138347571916,1.42524701431,1.4770861247
2,2,True,2,1200,0.0138347571916,1.42524701053,1.47708615858
