,iteration,success,k,N,msd,prelec_gamma,s
0,0,True,2,1200,0.0215129255354,1.420594841,0.410261232476
1,1,True,2,1200,0.0215129255354,1.42059483043,0.410261234412
2,2,True,2,1200,0.0215129255354,1.42059482726,0.410261232605
