,iteration,success,k,N,msd,prelec_gamma,s
0,0,True,2,1200,0.0213412400333,0.866515052132,0.470463667305
1,1,True,2,1200,0.0213412400333,0.866515045898,0.47046367273
2,2,True,2,1200,0.0213412400333,0.866515049365,0.47046366911
