,iteration,success,k,N,msd,prelec_gamma,s
0,0,True,2,1200,0.0218502369196,1.43307007776,0.926342649024
1,1,True,2,1200,0.0218502369196,1.43307006805,0.926342652148
2,2,True,2,1200,0.0218502369196,1.43307005637,0.926342647628
