,iteration,success,k,N,msd,prelec_gamma,s
0,0,True,2,1200,0.0173902587577,0.984272598526,0.55696483124
1,1,True,2,1200,0.0173902587577,0.984272595046,0.55696482504
2,2,True,2,1200,0.0173902587577,0.984272590951,0.556964824825
