,iteration,success,k,N,msd,prelec_gamma,s
0,0,True,2,1200,0.0255152055444,0.845516987977,0.558731572737
1,1,True,2,1200,0.0255152055444,0.845516981564,0.55873157379
2,2,True,2,1200,0.0255152055444,0.845516987601,0.558731579754
