,iteration,success,k,N,msd,prelec_gamma,s
0,0,True,2,1200,0.0208907814785,1.06032317857,0.64200492717
1,1,True,2,1200,0.0208907814785,1.0603231801,0.642004935305
2,2,True,2,1200,0.0208907814785,1.06032317719,0.642004940767
