,iteration,success,k,N,msd,prelec_gamma,s
0,0,True,2,1200,0.0210203444874,0.920615217255,0.499733254195
1,1,True,2,1200,0.0210203444874,0.920615224882,0.49973324846
2,2,True,2,1200,0.0210203444874,0.920615224792,0.499733258265
