,iteration,success,k,N,msd,prelec_gamma,s
0,0,True,2,1200,0.0143986786349,0.869928812256,0.598943889238
1,1,True,2,1200,0.0143986786349,0.869928810235,0.59894389159
2,2,True,2,1200,0.0143986786349,0.869928814435,0.59894388889
