,iteration,success,k,N,msd,prelec_gamma,s
0,0,True,2,1200,0.0238342557382,0.749913245429,0.572641302483
1,1,True,2,1200,0.0238342557382,0.749913236109,0.572641294393
2,2,True,2,1200,0.0238342557382,0.749913234746,0.57264130083
