,iteration,success,k,N,msd,prelec_gamma,s
0,0,True,2,1200,0.022041037603,1.43556887025,0.564470464289
1,1,True,2,1200,0.022041037603,1.43556887,0.564470464123
2,2,True,2,1200,0.022041037603,1.43556885749,0.564470466452
