,iteration,success,k,N,msd,prelec_gamma,s
0,0,True,2,1200,0.0101584029069,1.35808802716,1.57848013718
1,1,True,2,1200,0.0101584029069,1.35808802431,1.57848014393
2,2,True,2,1200,0.0101584029069,1.35808802668,1.57848014247
