,iteration,success,k,N,msd,prelec_gamma,s
0,0,True,2,1200,0.0173963341284,0.651479269417,0.592593931169
1,1,True,2,1200,0.0173963341284,0.651479270019,0.592593931635
2,2,True,2,1200,0.0173963341284,0.651479270465,0.59259393396
