,iteration,success,k,N,msd,prelec_gamma,s
0,0,True,2,1200,0.0218660978696,1.03409496605,0.563286058316
1,1,True,2,1200,0.0218660978696,1.03409496326,0.563286058283
2,2,True,2,1200,0.0218660978696,1.03409496682,0.56328605256
