,iteration,success,k,N,msd,prelec_gamma,s
0,0,True,2,1200,0.0200579810102,1.45319295194,0.727488579801
1,1,True,2,1200,0.0200579810102,1.45319295997,0.727488595016
2,2,True,2,1200,0.0200579810102,1.45319296289,0.727488596566
