,iteration,success,k,N,msd,prelec_gamma,s
0,0,True,2,1200,0.0244680656089,1.0557667995,0.54729825519
1,1,True,2,1200,0.0244680656089,1.05576679454,0.547298250135
2,2,True,2,1200,0.0244680656089,1.05576679856,0.547298250853
