,iteration,success,k,N,msd,prelec_gamma,s
0,0,True,2,1200,0.0235876360133,1.00980342599,0.488297460664
1,1,True,2,1200,0.0235876360133,1.00980342192,0.488297456498
2,2,True,2,1200,0.0235876360133,1.00980342024,0.488297452061
