,iteration,success,k,N,msd,prelec_gamma,s
0,0,True,2,1200,0.0204551455319,0.612364635923,0.642309714077
1,1,True,2,1200,0.0204551455319,0.612364635649,0.642309712637
2,2,True,2,1200,0.0204551455319,0.612364631336,0.642309711632
