,iteration,success,k,N,msd,prelec_gamma,s
0,0,True,2,1200,0.0245495153144,1.38258883476,0.433944639
1,1,True,2,1200,0.0245495153144,1.38258882207,0.433944645217
2,2,True,2,1200,0.0245495153144,1.38258882748,0.433944646255
