,iteration,success,k,N,msd,prelec_gamma,s
0,0,True,2,1200,0.0160186474746,1.08517966111,0.696869411435
1,1,True,2,1200,0.0160186474746,1.08517965172,0.696869413638
2,2,True,2,1200,0.0160186474746,1.08517965078,0.696869411704
