,iteration,success,k,N,msd,prelec_gamma,s
0,0,True,2,1200,0.0236272304912,1.26148824465,0.480329650042
1,1,True,2,1200,0.0236272304912,1.26148822085,0.480329654955
2,2,True,2,1200,0.0236272304912,1.26148824021,0.480329652072
