,iteration,success,k,N,msd,prelec_gamma,s
0,0,True,2,1200,0.0108622178591,0.70951154904,0.759054848082
1,1,True,2,1200,0.0108622178591,0.709511552818,0.759054853342
2,2,True,2,1200,0.0108622178591,0.709511551855,0.759054855967
