,iteration,success,k,N,msd,prelec_gamma,s
0,0,True,2,1200,0.0279892498703,0.800120570651,0.485022852317
1,1,True,2,1200,0.0279892498703,0.800120576077,0.485022854558
2,2,True,2,1200,0.0279892498703,0.800120568036,0.485022855824
