,iteration,success,k,N,msd,prelec_gamma,s
0,0,True,2,1200,0.0165515862615,0.651794386266,0.711496773957
1,1,True,2,1200,0.0165515862615,0.651794390269,0.711496780427
2,2,True,2,1200,0.0165515862615,0.651794389735,0.711496788428
