,iteration,success,k,N,msd,prelec_gamma,s
0,0,True,2,1200,0.0233272556102,0.927262250145,0.523546405911
1,1,True,2,1200,0.0233272556102,0.927262246595,0.523546406798
2,2,True,2,1200,0.0233272556102,0.927262248701,0.523546406885
