,iteration,success,k,N,msd,prelec_gamma,s
0,0,True,2,1200,0.0183099016966,1.05399757758,0.667246281912
1,1,True,2,1200,0.0183099016966,1.05399758725,0.667246297802
2,2,True,2,1200,0.0183099016966,1.05399757851,0.667246282804
