,iteration,success,k,N,msd,prelec_gamma,s
0,0,True,2,1200,0.0155633715059,0.635730362633,0.80910266562
1,1,True,2,1200,0.0155633715059,0.635730361204,0.809102678915
2,2,True,2,1200,0.0155633715059,0.635730363059,0.80910267642
