,iteration,success,k,N,msd,prelec_gamma,s
0,0,True,2,1200,0.0220364584924,0.744891082324,0.508648510827
1,1,True,2,1200,0.0220364584924,0.744891067391,0.508648509385
2,2,True,2,1200,0.0220364584924,0.744891077781,0.508648510378
