,iteration,success,k,N,msd,prelec_gamma,s
0,0,True,2,1200,0.0131196965522,1.35760741117,1.49985321375
1,1,True,2,1200,0.0131196965522,1.35760742238,1.4998531923
2,2,True,2,1200,0.0131196965522,1.35760741843,1.49985319753
