,iteration,success,k,N,msd,prelec_gamma,s
0,0,True,2,1200,0.0116870945909,1.35435588662,1.57318086969
1,1,True,2,1200,0.0116870945909,1.35435589764,1.57318084692
2,2,True,2,1200,0.0116870945909,1.3543558969,1.57318082446
