,iteration,success,k,N,msd,prelec_gamma,s
0,0,True,2,1200,0.0191864824855,1.4290314616,0.611727689858
1,1,True,2,1200,0.0191864824855,1.42903146593,0.611727696638
2,2,True,2,1200,0.0191864824855,1.42903146713,0.611727698359
