,iteration,success,k,N,msd,prelec_gamma,s
0,0,True,2,1200,0.0232427877021,1.2904957885,0.40345664178
1,1,True,2,1200,0.0232427877021,1.29049579266,0.403456639408
2,2,True,2,1200,0.0232427877021,1.29049579742,0.40345663929
