,iteration,success,k,N,msd,prelec_gamma,s
0,0,True,2,1200,0.0263972542782,0.882585490252,0.534506174
1,1,True,2,1200,0.0263972542782,0.882585496668,0.534506162566
2,2,True,2,1200,0.0263972542782,0.882585497902,0.534506173558
