,iteration,success,k,N,msd,prelec_gamma,s
0,0,True,2,1200,0.0254337832343,0.846731196414,0.515028418969
1,1,True,2,1200,0.0254337832343,0.84673120704,0.515028423003
2,2,True,2,1200,0.0254337832343,0.846731196808,0.515028417033
