,iteration,success,k,N,msd,prelec_gamma,s
0,0,True,2,1200,0.0260844885891,1.37604643081,0.340638048134
1,1,True,2,1200,0.0260844885891,1.37604643963,0.340638053516
2,2,True,2,1200,0.0260844885891,1.37604644057,0.340638051086
