,iteration,success,k,N,msd,prelec_gamma,s
0,0,True,2,1200,0.0200392006068,1.03906470057,0.54652109987
1,1,True,2,1200,0.0200392006068,1.039064695,0.546521102158
2,2,True,2,1200,0.0200392006068,1.03906470053,0.546521101869
