,iteration,success,k,N,msd,prelec_gamma,s
0,0,True,2,1200,0.0240983390246,1.37521758915,0.395754406585
1,1,True,2,1200,0.0240983390246,1.37521758907,0.395754405634
2,2,True,2,1200,0.0240983390246,1.37521759254,0.395754402271
