,iteration,success,k,N,msd,prelec_gamma,s
0,0,True,2,1200,0.0176870235087,1.43110655796,0.873484289393
1,1,True,2,1200,0.0176870235087,1.43110656418,0.873484289061
2,2,True,2,1200,0.0176870235087,1.43110656094,0.87348428276
