,iteration,success,k,N,msd,prelec_gamma,s
0,0,True,2,1200,0.0165649311174,0.812772429458,0.532240896116
1,1,True,2,1200,0.0165649311174,0.812772429358,0.532240900668
2,2,True,2,1200,0.0165649311174,0.812772435385,0.532240907636
