,iteration,success,k,N,msd,prelec_gamma,s
0,0,True,2,1200,0.0251647031109,1.44971126884,0.676074630833
1,1,True,2,1200,0.0251647031109,1.44971126879,0.676074641564
2,2,True,2,1200,0.0251647031109,1.44971125884,0.676074639269
