,iteration,success,k,N,msd,prelec_gamma,s
0,0,True,2,1200,0.0164877750132,1.09211675046,0.688946214123
1,1,True,2,1200,0.0164877750132,1.0921167426,0.688946208507
2,2,True,2,1200,0.0164877750132,1.09211674844,0.68894621462
