,iteration,success,k,N,msd,prelec_gamma,s
0,0,True,2,1200,0.0237846994758,1.30849878562,0.45880025038
1,1,True,2,1200,0.0237846994758,1.30849880061,0.458800254478
2,2,True,2,1200,0.0237846994758,1.30849879062,0.458800258777
