,iteration,success,k,N,msd,prelec_gamma,s
0,0,True,2,1200,0.0185744604322,1.4588537461,0.689715274259
1,1,True,2,1200,0.0185744604322,1.45885374567,0.689715280511
2,2,True,2,1200,0.0185744604322,1.45885373978,0.689715284403
