,iteration,success,k,N,msd,prelec_gamma,s
0,0,True,2,1200,0.0303231800256,1.32333120142,0.383697694089
1,1,True,2,1200,0.0303231800256,1.3233312033,0.383697698519
2,2,True,2,1200,0.0303231800256,1.32333120099,0.383697691179
