,iteration,success,k,N,msd,prelec_gamma,s
0,0,True,2,1200,0.0280981191261,1.36366995393,0.389137961503
1,1,True,2,1200,0.0280981191261,1.36366995507,0.389137957195
2,2,True,2,1200,0.0280981191261,1.36366995935,0.389137958943
