,iteration,success,k,N,msd,prelec_gamma,s
0,0,True,2,1200,0.0240063944229,0.849597832048,0.490889173619
1,1,True,2,1200,0.0240063944229,0.849597823285,0.490889173582
2,2,True,2,1200,0.0240063944229,0.849597833256,0.49088917599
