,iteration,success,k,N,msd,prelec_gamma,s
0,0,True,2,1200,0.0194544676524,1.45138773857,0.611754537072
1,1,True,2,1200,0.0194544676524,1.45138774213,0.611754537918
2,2,True,2,1200,0.0194544676524,1.451387732,0.61175454167
