,iteration,success,k,N,msd,prelec_gamma,s
0,0,True,2,1200,0.0241754732883,1.32436716337,0.368194415378
1,1,True,2,1200,0.0241754732883,1.32436716618,0.368194413286
2,2,True,2,1200,0.0241754732883,1.32436716629,0.368194411622
