,iteration,success,k,N,msd,prelec_gamma,s
0,0,True,2,1200,0.0197538406207,1.13639164343,0.611551007288
1,1,True,2,1200,0.0197538406207,1.13639163932,0.611551008227
2,2,True,2,1200,0.0197538406207,1.13639164271,0.611551005489
