,iteration,success,k,N,msd,prelec_gamma,s
0,0,True,2,1200,0.0244196990314,1.40305437252,0.411687275151
1,1,True,2,1200,0.0244196990314,1.40305436876,0.411687270798
2,2,True,2,1200,0.0244196990314,1.40305437155,0.411687276224
