,iteration,success,k,N,msd,prelec_gamma,s
0,0,True,2,1200,0.0176060571244,1.45037957724,0.703068803271
1,1,True,2,1200,0.0176060571244,1.45037955645,0.703068799933
2,2,True,2,1200,0.0176060571244,1.45037956959,0.703068799988
