,iteration,success,k,N,msd,prelec_gamma,s
0,0,True,2,1200,0.0158293070009,1.41834113195,0.885329678147
1,1,True,2,1200,0.0158293070009,1.41834113792,0.885329694389
2,2,True,2,1200,0.0158293070009,1.41834113645,0.885329685055
