,iteration,success,k,N,msd,prelec_gamma,s
0,0,True,2,1200,0.0215719289685,1.45624746183,0.592328079153
1,1,True,2,1200,0.0215719289685,1.45624746375,0.592328071457
2,2,True,2,1200,0.0215719289685,1.45624747058,0.592328079813
