,iteration,success,k,N,msd,prelec_gamma,s
0,0,True,2,1200,0.0259928506315,0.799997192768,0.508634411217
1,1,True,2,1200,0.0259928506315,0.799997192014,0.50863439984
2,2,True,2,1200,0.0259928506315,0.799997187845,0.50863440245
