,iteration,success,k,N,msd,prelec_gamma,s
0,0,True,2,1200,0.0284750014458,0.832981265084,0.421186162028
1,1,True,2,1200,0.0284750014458,0.83298126698,0.421186161152
2,2,True,2,1200,0.0284750014458,0.832981259753,0.421186153526
