,iteration,success,k,N,msd,prelec_gamma,s
0,0,True,2,1200,0.0207831534727,0.87358059001,0.572680767617
1,1,True,2,1200,0.0207831534727,0.873580589117,0.57268076038
2,2,True,2,1200,0.0207831534727,0.873580588921,0.572680767884
