,iteration,success,k,N,msd,prelec_gamma,s
0,0,True,2,1200,0.0222147155859,1.04466267512,0.610325046987
1,1,True,2,1200,0.0222147155859,1.04466268047,0.610325051883
2,2,True,2,1200,0.0222147155859,1.04466268097,0.610325045908
