,iteration,success,k,N,msd,prelec_gamma,s
0,0,True,2,1200,0.0246725073287,1.22740871806,0.519979113495
1,1,True,2,1200,0.0246725073287,1.22740872616,0.519979111832
2,2,True,2,1200,0.0246725073287,1.22740872206,0.51997910914
