,iteration,success,k,N,msd,prelec_gamma,s
0,0,True,2,1200,0.0147882053582,0.57391257884,0.771994695716
1,1,True,2,1200,0.0147882053582,0.573912571258,0.771994698028
2,2,True,2,1200,0.0147882053582,0.573912572351,0.77199470104
