,iteration,success,k,N,msd,prelec_gamma,s
0,0,True,2,1200,0.0345200475513,0.802035730046,0.459644051025
1,1,True,2,1200,0.0345200475513,0.802035720247,0.459644051166
2,2,True,2,1200,0.0345200475513,0.802035719924,0.459644051022
