,iteration,success,k,N,msd,prelec_gamma,s
0,0,True,2,1200,0.0277050439642,0.912236781946,0.466244131057
1,1,True,2,1200,0.0277050439642,0.912236785662,0.46624412134
2,2,True,2,1200,0.0277050439642,0.912236780985,0.466244123456
