,iteration,success,k,N,msd,prelec_gamma,s
0,0,True,2,1200,0.0195018368613,1.40031852308,0.91471649538
1,1,True,2,1200,0.0195018368613,1.40031851662,0.914716498954
2,2,True,2,1200,0.0195018368613,1.40031851205,0.91471650779
