,iteration,success,k,N,msd,prelec_gamma,s
0,0,True,2,1200,0.0160117230375,0.718521247653,0.655625254313
1,1,True,2,1200,0.0160117230375,0.718521243643,0.65562525259
2,2,True,2,1200,0.0160117230375,0.718521242863,0.655625255678
