,iteration,success,k,N,msd,prelec_gamma,s
0,0,True,2,1200,0.0209336587175,1.43430371852,0.633607657137
1,1,True,2,1200,0.0209336587175,1.43430371981,0.633607651878
2,2,True,2,1200,0.0209336587175,1.43430372478,0.633607646436
