,iteration,success,k,N,msd,prelec_gamma,s
0,0,True,2,1200,0.0144760028986,1.37602900049,1.25109707703
1,1,True,2,1200,0.0144760028986,1.37602900611,1.25109703681
2,2,True,2,1200,0.0144760028986,1.37602900121,1.25109707968
