,iteration,success,k,N,msd,prelec_gamma,s
0,0,True,2,1200,0.0137987736399,0.628883089568,0.922705946913
1,1,True,2,1200,0.0137987736399,0.628883089715,0.922705940895
2,2,True,2,1200,0.0137987736399,0.628883087609,0.922705940486
