,iteration,success,k,N,msd,prelec_gamma,s
0,0,True,2,1200,0.0312233038621,0.829375750393,0.464016303622
1,1,True,2,1200,0.0312233038621,0.829375765701,0.464016307559
2,2,True,2,1200,0.0312233038621,0.829375764774,0.464016304571
