,iteration,success,k,N,msd,prelec_gamma,s
0,0,True,2,1200,0.0244116618691,1.06032521499,0.537194567363
1,1,True,2,1200,0.0244116618691,1.06032521718,0.537194567712
2,2,True,2,1200,0.0244116618691,1.06032521835,0.537194559702
