,iteration,success,k,N,msd,prelec_gamma,s
0,0,True,2,1200,0.0260458609052,0.791890278647,0.491750252228
1,1,True,2,1200,0.0260458609052,0.791890273788,0.491750250744
2,2,True,2,1200,0.0260458609052,0.791890272207,0.4917502536
