,iteration,success,k,N,msd,prelec_gamma,s
0,0,True,2,1200,0.0305257345683,1.29004019791,0.393810884453
1,1,True,2,1200,0.0305257345683,1.29004018001,0.393810883784
2,2,True,2,1200,0.0305257345683,1.29004018984,0.393810879562
