,iteration,success,k,N,msd,prelec_gamma,s
0,0,True,2,1200,0.0150852402667,0.628234068969,0.720492033234
1,1,True,2,1200,0.0150852402667,0.628234074256,0.720492026245
2,2,True,2,1200,0.0150852402667,0.628234069373,0.720492027213
