,iteration,success,k,N,msd,prelec_gamma,s
0,0,True,2,1200,0.0181891635641,1.06950994847,0.652276746693
1,1,True,2,1200,0.0181891635641,1.06950994709,0.652276740809
2,2,True,2,1200,0.0181891635641,1.06950994287,0.652276749847
