,iteration,success,k,N,msd,prelec_gamma,s
0,0,True,2,1200,0.0248122536331,1.48702494911,0.504237340289
1,1,True,2,1200,0.0248122536331,1.4870249627,0.504237339151
2,2,True,2,1200,0.0248122536331,1.48702494583,0.504237338408
