,iteration,success,k,N,msd,prelec_gamma,s
0,0,True,2,1200,0.0162280165281,1.064411357,0.605054402942
1,1,True,2,1200,0.0162280165281,1.06441136185,0.605054409383
2,2,True,2,1200,0.0162280165281,1.06441136447,0.605054412355
