,iteration,success,k,N,msd,prelec_gamma,s
0,0,True,2,1200,0.0269602252159,1.31082697567,0.44613473281
1,1,True,2,1200,0.0269602252159,1.31082697655,0.446134723807
2,2,True,2,1200,0.0269602252159,1.31082699099,0.446134724847
