,iteration,success,k,N,msd,prelec_gamma,s
0,0,True,2,1200,0.0212602012374,0.730265289015,0.567505689495
1,1,True,2,1200,0.0212602012374,0.730265289695,0.567505681316
2,2,True,2,1200,0.0212602012374,0.730265291854,0.567505683405
