,iteration,success,k,N,msd,prelec_gamma,s
0,0,True,2,1200,0.0187071254227,1.13955483156,0.523512825419
1,1,True,2,1200,0.0187071254227,1.1395548153,0.523512819888
2,2,True,2,1200,0.0187071254227,1.13955481988,0.52351283271
