,iteration,success,k,N,msd,prelec_gamma,s
0,0,True,2,1200,0.00880689996134,1.00728981389,2.17213166244
1,1,True,2,1200,0.00880689996134,1.00728981257,2.17213168805
2,2,True,2,1200,0.00880689996134,1.00728981294,2.17213163856
