,iteration,success,k,N,msd,prelec_gamma,s
0,0,True,2,1200,0.023149475304,1.23641340096,0.449695871903
1,1,True,2,1200,0.023149475304,1.23641339868,0.449695869435
2,2,True,2,1200,0.023149475304,1.23641340389,0.449695872055
