,iteration,success,k,N,msd,prelec_gamma,s
0,0,True,2,1200,0.0218091538269,1.05227380492,0.583123149487
1,1,True,2,1200,0.0218091538269,1.05227381345,0.583123133775
2,2,True,2,1200,0.0218091538269,1.05227380329,0.583123146803
