,iteration,success,k,N,msd,prelec_gamma,s
0,0,True,2,1200,0.0224896169716,1.4490180097,0.561234770502
1,1,True,2,1200,0.0224896169716,1.44901800814,0.561234779243
2,2,True,2,1200,0.0224896169716,1.44901801002,0.561234775413
