,iteration,success,k,N,msd,prelec_gamma,s
0,0,True,2,1200,0.0329766757774,0.785737773907,0.426992646725
1,1,True,2,1200,0.0329766757774,0.78573777894,0.426992648223
2,2,True,2,1200,0.0329766757774,0.785737776948,0.426992649025
