,iteration,success,k,N,msd,prelec_gamma,s
0,0,True,2,1200,0.0284953007631,1.61153572096,0.373941769355
1,1,True,2,1200,0.0284953007631,1.61153571893,0.373941765774
2,2,True,2,1200,0.0284953007631,1.61153572277,0.373941765754
