,iteration,success,k,N,msd,prelec_gamma,s
0,0,True,2,1200,0.0214683401948,0.862185650799,0.516765844331
1,1,True,2,1200,0.0214683401948,0.862185649398,0.516765841239
2,2,True,2,1200,0.0214683401948,0.862185653764,0.516765851831
