,iteration,success,k,N,msd,prelec_gamma,s
0,0,True,2,1200,0.0168819668396,1.16271770076,0.724399808885
1,1,True,2,1200,0.0168819668396,1.16271770318,0.724399808094
2,2,True,2,1200,0.0168819668396,1.16271769718,0.724399807376
