,iteration,success,k,N,msd,prelec_gamma,s
0,0,True,2,1200,0.0263811809811,1.06004220698,0.475539996112
1,1,True,2,1200,0.0263811809811,1.06004220826,0.475539997697
2,2,True,2,1200,0.0263811809811,1.06004220968,0.475540005184
