,iteration,success,k,N,msd,prelec_gamma,s
0,0,True,2,1200,0.0182379210961,0.838320940391,0.589103653203
1,1,True,2,1200,0.0182379210961,0.838320941318,0.589103657138
2,2,True,2,1200,0.0182379210961,0.838320949299,0.589103665205
