,iteration,success,k,N,msd,prelec_gamma,s
0,0,True,2,1200,0.0151460681408,0.548729805708,1.09654273527
1,1,True,2,1200,0.0151460681408,0.548729808627,1.09654273075
2,2,True,2,1200,0.0151460681408,0.548729812951,1.09654272734
