,iteration,success,k,N,msd,prelec_gamma,s
0,0,True,2,1200,0.0212196473917,1.37430464241,0.842242931866
1,1,True,2,1200,0.0212196473917,1.37430464467,0.842242917569
2,2,True,2,1200,0.0212196473917,1.3743046478,0.842242919242
