,iteration,success,k,N,msd,prelec_gamma,s
0,0,True,2,1200,0.0233391951351,0.853678988387,0.494150875629
1,1,True,2,1200,0.0233391951351,0.853678988924,0.494150871846
2,2,True,2,1200,0.0233391951351,0.853678992963,0.494150876651
