,iteration,success,k,N,msd,prelec_gamma,s
0,0,True,2,1200,0.0275600362484,0.770055771971,0.450369589973
1,1,True,2,1200,0.0275600362484,0.770055764208,0.450369591451
2,2,True,2,1200,0.0275600362484,0.770055772075,0.450369591099
