,iteration,success,k,N,msd,prelec_gamma,s
0,0,True,2,1200,0.0143468971517,1.39744789778,1.20878281783
1,1,True,2,1200,0.0143468971517,1.39744791102,1.20878277342
2,2,True,2,1200,0.0143468971517,1.39744791647,1.20878273297
