,iteration,success,k,N,msd,prelec_gamma,s
0,0,True,2,1200,0.0166295018794,1.01436995048,1.80172382886
1,1,True,2,1200,0.0166295018794,1.01436994569,1.80172393663
2,2,True,2,1200,0.0166295018794,1.0143699435,1.80172390426
