,iteration,success,k,N,msd,prelec_gamma,s
0,0,True,2,1200,0.0174543764335,1.05392264609,0.6604166627
1,1,True,2,1200,0.0174543764335,1.05392264895,0.660416671706
2,2,True,2,1200,0.0174543764335,1.05392264474,0.660416665505
