,iteration,success,k,N,msd,prelec_gamma,s
0,0,True,2,1200,0.0163014468603,0.800082218168,0.634050602257
1,1,True,2,1200,0.0163014468603,0.800082220872,0.634050602579
2,2,True,2,1200,0.0163014468603,0.800082221075,0.634050600018
