,iteration,success,k,N,msd,prelec_gamma,s
0,0,True,2,1200,0.0180067846891,1.04591028786,0.607461469588
1,1,True,2,1200,0.0180067846891,1.04591028487,0.607461474807
2,2,True,2,1200,0.0180067846891,1.0459102842,0.60746147892
