,iteration,success,k,N,msd,prelec_gamma,s
0,0,True,2,1200,0.0132337886881,1.02333386739,0.671173767318
1,1,True,2,1200,0.0132337886881,1.02333387033,0.671173768152
2,2,True,2,1200,0.0132337886881,1.02333386297,0.671173768743
