,iteration,success,k,N,msd,prelec_gamma,s
0,0,True,2,1200,0.0237410237528,0.791682964633,0.451347062643
1,1,True,2,1200,0.0237410237528,0.791682962413,0.451347067735
2,2,True,2,1200,0.0237410237528,0.791682960496,0.451347064746
