,iteration,success,k,N,msd,prelec_gamma,s
0,0,True,2,1200,0.0203331276074,1.07789795147,0.530058112741
1,1,True,2,1200,0.0203331276074,1.07789795362,0.530058107098
2,2,True,2,1200,0.0203331276074,1.07789794443,0.530058122309
