,iteration,success,k,N,msd,prelec_gamma,s
0,0,True,2,1200,0.0217871436069,0.669488882406,0.628787937741
1,1,True,2,1200,0.0217871436069,0.669488883684,0.628787927254
2,2,True,2,1200,0.0217871436069,0.669488881957,0.628787942338
