,iteration,success,k,N,msd,prelec_gamma,s
0,0,True,2,1200,0.0288067050792,1.47628075723,0.56379528747
1,1,True,2,1200,0.0288067050792,1.47628075602,0.563795289382
2,2,True,2,1200,0.0288067050792,1.47628076033,0.563795283911
