,iteration,success,k,N,msd,prelec_gamma,s
0,0,True,2,1200,0.0207005733871,0.819274615032,0.475391468235
1,1,True,2,1200,0.0207005733871,0.819274627072,0.475391469601
2,2,True,2,1200,0.0207005733871,0.819274616214,0.475391469738
