,iteration,success,k,N,msd,prelec_gamma,s
0,0,True,2,1200,0.0211803092634,1.35388257436,1.27655908542
1,1,True,2,1200,0.0211803092634,1.35388257109,1.27655908031
2,2,True,2,1200,0.0211803092634,1.35388257185,1.27655909659
