,iteration,success,k,N,msd,prelec_gamma,s
0,0,True,2,1200,0.0222484065467,1.53850901249,0.405180071956
1,1,True,2,1200,0.0222484065467,1.53850902138,0.405180063063
2,2,True,2,1200,0.0222484065467,1.53850900886,0.405180070303
