,iteration,success,k,N,msd,prelec_gamma,s
0,0,True,2,1200,0.0150755059441,1.37121800535,0.902676090427
1,1,True,2,1200,0.0150755059441,1.37121800501,0.902676093909
2,2,True,2,1200,0.0150755059441,1.37121801035,0.902676103718
