,iteration,success,k,N,msd,prelec_gamma,s
0,0,True,2,1200,0.0210048416734,0.770721982324,0.517751121943
1,1,True,2,1200,0.0210048416734,0.770721986248,0.517751121001
2,2,True,2,1200,0.0210048416734,0.770721977292,0.517751118803
