,iteration,success,k,N,msd,prelec_gamma,s
0,0,True,2,1200,0.0133031158518,0.55184589086,1.03989304532
1,1,True,2,1200,0.0133031158518,0.551845889901,1.03989305384
2,2,True,2,1200,0.0133031158518,0.551845891871,1.03989305438
