,iteration,success,k,N,msd,prelec_gamma,s
0,0,True,2,1200,0.0224888041308,1.47089703581,0.585611689803
1,1,True,2,1200,0.0224888041308,1.47089705661,0.585611679016
2,2,True,2,1200,0.0224888041308,1.47089705014,0.585611691546
