,iteration,success,k,N,msd,prelec_gamma,s
0,0,True,2,1200,0.0181592885363,1.42880246852,0.5697865265
1,1,True,2,1200,0.0181592885363,1.42880245781,0.569786534575
2,2,True,2,1200,0.0181592885363,1.42880247017,0.569786533994
