,iteration,success,k,N,msd,prelec_gamma,s
0,0,True,2,1200,0.0121673592787,0.505322628895,1.05926095734
1,1,True,2,1200,0.0121673592787,0.505322631326,1.05926096287
2,2,True,2,1200,0.0121673592787,0.505322628334,1.05926096775
