,iteration,success,k,N,msd,prelec_gamma,s
0,0,True,2,1200,0.0171418256185,1.43859576204,1.00659343571
1,1,True,2,1200,0.0171418256185,1.43859576103,1.00659344851
2,2,True,2,1200,0.0171418256185,1.43859576344,1.00659345711
