,iteration,success,k,N,msd,prelec_gamma,s
0,0,True,2,1200,0.0168642301933,1.4884921834,0.870892096164
1,1,True,2,1200,0.0168642301933,1.48849218782,0.870892083676
2,2,True,2,1200,0.0168642301933,1.48849217767,0.87089209929
