,iteration,success,k,N,msd,prelec_gamma,s
0,0,True,2,1200,0.0153579030769,1.37978572504,1.3703451077
1,1,True,2,1200,0.0153579030769,1.37978571601,1.37034511485
2,2,True,2,1200,0.0153579030769,1.37978571762,1.37034514621
