,iteration,success,k,N,msd,prelec_gamma,s
0,0,True,2,1200,0.0284687518265,1.05223487982,0.434341608894
1,1,True,2,1200,0.0284687518265,1.05223488442,0.434341607321
2,2,True,2,1200,0.0284687518265,1.05223488346,0.434341605296
