,iteration,success,k,N,msd,prelec_gamma,s
0,0,True,2,1200,0.013764114726,1.03097276821,0.733015276555
1,1,True,2,1200,0.013764114726,1.03097276615,0.733015275996
2,2,True,2,1200,0.013764114726,1.03097276932,0.733015278823
