,iteration,success,k,N,msd,prelec_gamma,s
0,0,True,2,1200,0.0244046343268,1.43560525517,0.523739865262
1,1,True,2,1200,0.0244046343268,1.43560524655,0.523739867899
2,2,True,2,1200,0.0244046343268,1.43560525403,0.523739866508
