,iteration,success,k,N,msd,prelec_gamma,s
0,0,True,2,1200,0.0179746383556,1.43728709826,0.587832903065
1,1,True,2,1200,0.0179746383556,1.43728711267,0.587832893793
2,2,True,2,1200,0.0179746383556,1.4372870977,0.587832906847
