,iteration,success,k,N,msd,prelec_gamma,s
0,0,True,2,1200,0.013286229136,1.04689944963,0.779551134108
1,1,True,2,1200,0.013286229136,1.04689945544,0.779551134481
2,2,True,2,1200,0.013286229136,1.04689945009,0.779551124707
