,iteration,success,k,N,msd,prelec_gamma,s
0,0,True,2,1200,0.0143176959696,0.612730522231,1.17356650622
1,1,True,2,1200,0.0143176959696,0.612730521967,1.17356650333
2,2,True,2,1200,0.0143176959696,0.612730519754,1.17356650981
