,iteration,success,k,N,msd,prelec_gamma,s
0,0,True,2,1200,0.0132252976874,0.650908158467,0.867567477229
1,1,True,2,1200,0.0132252976874,0.650908159867,0.867567483537
2,2,True,2,1200,0.0132252976874,0.650908162762,0.867567484651
