,iteration,success,k,N,msd,prelec_gamma,s
0,0,True,2,1200,0.0175624216266,1.07116643983,0.606221063829
1,1,True,2,1200,0.0175624216266,1.07116643633,0.606221062327
2,2,True,2,1200,0.0175624216266,1.07116644004,0.606221061593
