,iteration,success,k,N,msd,prelec_gamma,s
0,0,True,2,1200,0.0134523076205,0.581013445838,0.830423804345
1,1,True,2,1200,0.0134523076205,0.581013446319,0.830423788221
2,2,True,2,1200,0.0134523076205,0.581013445989,0.830423807077
