,iteration,success,k,N,msd,prelec_gamma,s
0,0,True,2,1200,0.0233718920436,1.12078307006,0.567981609188
1,1,True,2,1200,0.0233718920436,1.12078306528,0.567981603074
2,2,True,2,1200,0.0233718920436,1.12078307338,0.567981609332
