,iteration,success,k,N,msd,prelec_gamma,s
0,0,True,2,1200,0.0192162722296,0.749133483956,0.648368358839
1,1,True,2,1200,0.0192162722296,0.749133489975,0.648368354045
2,2,True,2,1200,0.0192162722296,0.749133490579,0.648368364421
