,iteration,success,k,N,msd,prelec_gamma,s
0,0,True,2,1200,0.0172910215459,0.581704768122,1.03555715493
1,1,True,2,1200,0.0172910215459,0.581704766278,1.03555716779
2,2,True,2,1200,0.0172910215459,0.581704764376,1.03555717818
