,iteration,success,k,N,msd,prelec_gamma,s
0,0,True,2,1200,0.0135054784346,0.577945386569,1.13390885585
1,1,True,2,1200,0.0135054784346,0.57794538039,1.13390884327
2,2,True,2,1200,0.0135054784346,0.577945380872,1.13390885176
