,iteration,success,k,N,msd,prelec_gamma,s
0,0,True,2,1200,0.0222953297888,1.11088297213,0.52891634266
1,1,True,2,1200,0.0222953297888,1.11088296846,0.528916347953
2,2,True,2,1200,0.0222953297888,1.11088297446,0.528916339125
