,iteration,success,k,N,msd,prelec_gamma,s
0,0,True,2,1200,0.0209974693583,1.43497632434,0.99151839775
1,1,True,2,1200,0.0209974693583,1.43497631565,0.99151838839
2,2,True,2,1200,0.0209974693583,1.43497632482,0.991518370384
