,iteration,success,k,N,msd,prelec_gamma,s
0,0,True,2,1200,0.0207709216547,1.48894307597,0.411336488029
1,1,True,2,1200,0.0207709216547,1.48894310064,0.411336488235
2,2,True,2,1200,0.0207709216547,1.48894308605,0.411336483457
