,iteration,success,k,N,msd,prelec_gamma,s
0,0,True,2,1200,0.0254446068761,1.28671348345,0.49064332027
1,1,True,2,1200,0.0254446068761,1.28671348214,0.490643315038
2,2,True,2,1200,0.0254446068761,1.28671347697,0.490643322561
