,iteration,success,k,N,msd,prelec_gamma,s
0,0,True,2,1200,0.0257417838615,0.869009844349,0.471604502647
1,1,True,2,1200,0.0257417838615,0.869009841175,0.47160450111
2,2,True,2,1200,0.0257417838615,0.869009849927,0.471604500649
