,iteration,success,k,N,msd,prelec_gamma,s
0,0,True,2,1200,0.0244141112094,1.05413666209,0.505622420227
1,1,True,2,1200,0.0244141112094,1.05413666316,0.505622415573
2,2,True,2,1200,0.0244141112094,1.05413665839,0.505622422249
