,iteration,success,k,N,msd,prelec_gamma,s
0,0,True,2,1200,0.0237756045414,1.03798536533,0.508759354161
1,1,True,2,1200,0.0237756045414,1.03798536762,0.508759359583
2,2,True,2,1200,0.0237756045414,1.03798537347,0.508759356155
