,iteration,success,k,N,msd,prelec_gamma,s
0,0,True,2,1200,0.0146066702213,1.04607179488,0.698286394292
1,1,True,2,1200,0.0146066702213,1.04607179173,0.698286394098
2,2,True,2,1200,0.0146066702213,1.04607179812,0.698286393819
