,iteration,success,k,N,msd,prelec_gamma,s
0,0,True,2,1200,0.0232205488998,1.4905315229,0.418501294529
1,1,True,2,1200,0.0232205488998,1.49053152256,0.418501293268
2,2,True,2,1200,0.0232205488998,1.49053152104,0.418501293229
