,iteration,success,k,N,msd,prelec_gamma,s
0,0,True,2,1200,0.0156511425395,0.606808435366,0.817928681114
1,1,True,2,1200,0.0156511425395,0.606808435695,0.81792869455
2,2,True,2,1200,0.0156511425395,0.606808439179,0.81792868095
