,iteration,success,k,N,msd,prelec_gamma,s
0,0,True,2,1200,0.0116110778772,0.989002006681,1.82922279423
1,1,True,2,1200,0.0116110778772,0.989002002179,1.82922283167
2,2,True,2,1200,0.0116110778772,0.989002004386,1.82922276132
