,iteration,success,k,N,msd,prelec_gamma,s
0,0,True,2,1200,0.0212750656188,1.07366971958,0.549331208525
1,1,True,2,1200,0.0212750656188,1.07366972264,0.549331215728
2,2,True,2,1200,0.0212750656188,1.07366972573,0.549331212242
