,iteration,success,k,N,msd,prelec_gamma,s
0,0,True,2,1200,0.0218881693107,1.08013943258,0.552527643818
1,1,True,2,1200,0.0218881693107,1.08013943065,0.55252764766
2,2,True,2,1200,0.0218881693107,1.08013943605,0.552527657773
