,iteration,success,k,N,msd,prelec_gamma,s
0,0,True,2,1200,0.0160084666273,0.609772433883,0.739545894718
1,1,True,2,1200,0.0160084666273,0.60977244301,0.73954591045
2,2,True,2,1200,0.0160084666273,0.609772437731,0.739545903408
