,iteration,success,k,N,msd,prelec_gamma,s
0,0,True,2,1200,0.0201639243008,0.645897157359,0.78154358758
1,1,True,2,1200,0.0201639243008,0.64589716066,0.781543586966
2,2,True,2,1200,0.0201639243008,0.645897166057,0.781543586178
