,iteration,success,k,N,msd,prelec_gamma,s
0,0,True,2,1200,0.0167099415177,0.548551634975,0.92719378521
1,1,True,2,1200,0.0167099415177,0.548551632435,0.927193796329
2,2,True,2,1200,0.0167099415177,0.548551631549,0.92719379266
