,iteration,success,k,N,msd,prelec_gamma,s
0,0,True,2,1200,0.0218871008434,1.06739463141,0.555002308331
1,1,True,2,1200,0.0218871008434,1.06739463317,0.555002305935
2,2,True,2,1200,0.0218871008434,1.06739462817,0.555002309229
