,iteration,success,k,N,msd,prelec_gamma,s
0,0,True,2,1200,0.0205664392402,1.36865165902,0.678446714124
1,1,True,2,1200,0.0205664392402,1.36865166041,0.678446708892
2,2,True,2,1200,0.0205664392402,1.36865166139,0.678446710067
