,iteration,success,k,N,msd,prelec_gamma,s
0,0,True,2,1200,0.0300867497116,0.915822649995,0.489459645189
1,1,True,2,1200,0.0300867497116,0.915822645309,0.489459645173
2,2,True,2,1200,0.0300867497116,0.915822636259,0.489459639872
