,iteration,success,k,N,msd,prelec_gamma,s
0,0,True,2,1200,0.0189100350709,0.737760653136,0.617922899584
1,1,True,2,1200,0.0189100350709,0.737760653319,0.617922907151
2,2,True,2,1200,0.0189100350709,0.737760657231,0.617922906053
