,iteration,success,k,N,msd,prelec_gamma,s
0,0,True,2,1200,0.015087483102,1.39481462082,0.916466894558
1,1,True,2,1200,0.015087483102,1.39481461744,0.916466895563
2,2,True,2,1200,0.015087483102,1.39481463013,0.916466887147
