,iteration,success,k,N,msd,prelec_gamma,s
0,0,True,2,1200,0.0150527368017,1.06023314688,0.824864311643
1,1,True,2,1200,0.0150527368017,1.06023314823,0.824864297977
2,2,True,2,1200,0.0150527368017,1.06023314741,0.824864302636
