,iteration,success,k,N,msd,prelec_gamma,s
0,0,True,2,1200,0.0193056376737,1.39676945648,1.43127000481
1,1,True,2,1200,0.0193056376737,1.39676944062,1.43127002445
2,2,True,2,1200,0.0193056376737,1.39676945154,1.43127003199
