,iteration,success,k,N,msd,prelec_gamma,s
0,0,True,2,1200,0.00835040314275,1.46412827731,1.51667341214
1,1,True,2,1200,0.00835040314275,1.46412828426,1.5166733991
2,2,True,2,1200,0.00835040314275,1.46412828148,1.51667340523
