,iteration,success,k,N,msd,prelec_gamma,s
0,0,True,2,1200,0.0199008154008,1.38218207828,1.12451301807
1,1,True,2,1200,0.0199008154008,1.38218207349,1.12451301312
2,2,True,2,1200,0.0199008154008,1.38218207265,1.12451301284
