,iteration,success,k,N,msd,prelec_gamma,s
0,0,True,2,1200,0.0122524698232,0.506496868591,1.18629028816
1,1,True,2,1200,0.0122524698232,0.506496866736,1.18629027054
2,2,True,2,1200,0.0122524698232,0.506496872669,1.18629027261
