,iteration,success,k,N,msd,prelec_gamma,s
0,0,True,2,1200,0.018017285882,0.645106002932,0.736566696558
1,1,True,2,1200,0.018017285882,0.645105999238,0.736566689273
2,2,True,2,1200,0.018017285882,0.645106005976,0.73656670202
