,iteration,success,k,N,msd,prelec_gamma,s
0,0,True,2,1200,0.0224292012097,1.08744393637,0.580315570507
1,1,True,2,1200,0.0224292012097,1.08744392913,0.580315581293
2,2,True,2,1200,0.0224292012097,1.08744392953,0.580315583101
