,iteration,success,k,N,msd,prelec_gamma,s
0,0,True,2,1200,0.00775741825788,1.0324583708,1.0667380449
1,1,True,2,1200,0.00775741825788,1.03245837612,1.06673801517
2,2,True,2,1200,0.00775741825788,1.03245836969,1.06673800749
