,iteration,success,k,N,msd,prelec_gamma,s
0,0,True,2,1200,0.0220942898404,1.53392597828,0.594920953225
1,1,True,2,1200,0.0220942898404,1.53392597855,0.594920946597
2,2,True,2,1200,0.0220942898404,1.533925984,0.594920958373
