,iteration,success,k,N,msd,prelec_gamma,s
0,0,True,2,1200,0.017597947883,0.689563314502,0.797554057632
1,1,True,2,1200,0.017597947883,0.689563319249,0.797554076774
2,2,True,2,1200,0.017597947883,0.689563323019,0.797554068997
