,iteration,success,k,N,msd,prelec_gamma,s
0,0,True,2,1200,0.0214183887705,0.862207508085,0.579281931523
1,1,True,2,1200,0.0214183887705,0.862207504101,0.579281928559
2,2,True,2,1200,0.0214183887705,0.862207507665,0.579281931048
