,iteration,success,k,N,msd,prelec_gamma,s
0,0,True,2,1200,0.0163919027818,0.629612383516,0.771005487216
1,1,True,2,1200,0.0163919027818,0.629612374957,0.771005475764
2,2,True,2,1200,0.0163919027818,0.629612381129,0.771005474064
