,iteration,success,k,N,msd,prelec_gamma,s
0,0,True,2,1200,0.0252140135342,0.821138026577,0.550117286293
1,1,True,2,1200,0.0252140135342,0.821138014522,0.550117279704
2,2,True,2,1200,0.0252140135342,0.821138015431,0.550117282207
