,iteration,success,k,N,msd,prelec_gamma,s
0,0,True,2,1200,0.0214472527679,1.24327976832,0.448358941203
1,1,True,2,1200,0.0214472527679,1.24327975766,0.448358940241
2,2,True,2,1200,0.0214472527679,1.24327975617,0.448358946725
