,iteration,success,k,N,msd,prelec_gamma,s
0,0,True,2,1200,0.0230301703787,1.40885434797,0.824911024871
1,1,True,2,1200,0.0230301703787,1.4088543498,0.824911025092
2,2,True,2,1200,0.0230301703787,1.40885435984,0.824911016355
