,iteration,success,k,N,msd,prelec_gamma,s
0,0,True,2,1200,0.02663955732,1.34627611298,0.376794702331
1,1,True,2,1200,0.02663955732,1.34627610733,0.376794700819
2,2,True,2,1200,0.02663955732,1.3462761131,0.376794698687
