,iteration,success,k,N,msd,prelec_gamma,s
0,0,True,2,1200,0.0168508154749,1.05526909984,0.796764502878
1,1,True,2,1200,0.0168508154749,1.05526910743,0.796764517813
2,2,True,2,1200,0.0168508154749,1.05526909818,0.796764480393
