,iteration,success,k,N,msd,prelec_gamma,s
0,0,True,2,1200,0.0251704721679,1.39270722387,0.414510711126
1,1,True,2,1200,0.0251704721679,1.39270723112,0.414510707436
2,2,True,2,1200,0.0251704721679,1.39270723798,0.414510712937
