,iteration,success,k,N,msd,prelec_gamma,s
0,0,True,2,1200,0.0229705998875,1.2695161731,0.438192792076
1,1,True,2,1200,0.0229705998875,1.26951618113,0.438192793415
2,2,True,2,1200,0.0229705998875,1.26951618812,0.438192789141
