,iteration,success,k,N,msd,prelec_gamma,s
0,0,True,2,1200,0.0171265064616,1.13389874096,0.711513012619
1,1,True,2,1200,0.0171265064616,1.13389873503,0.711513024356
2,2,True,2,1200,0.0171265064616,1.13389874092,0.7115130158
