,iteration,success,k,N,msd,prelec_gamma,s
0,0,True,2,1200,0.0272967853159,1.45768238483,0.512442880765
1,1,True,2,1200,0.0272967853159,1.45768237663,0.512442884087
2,2,True,2,1200,0.0272967853159,1.45768239065,0.512442878978
