,iteration,success,k,N,msd,prelec_gamma,s
0,0,True,2,1200,0.0186489502092,1.07809732591,0.52749077518
1,1,True,2,1200,0.0186489502092,1.0780973226,0.527490780024
2,2,True,2,1200,0.0186489502092,1.0780973246,0.527490774198
