,iteration,success,k,N,msd,prelec_gamma,s
0,0,True,2,1200,0.0243398684577,1.31481859588,0.45075224186
1,1,True,2,1200,0.0243398684577,1.31481859057,0.450752237942
2,2,True,2,1200,0.0243398684577,1.31481859289,0.45075224304
