,iteration,success,k,N,msd,prelec_gamma,s
0,0,True,2,1200,0.0264153869706,0.873355618739,0.568390088225
1,1,True,2,1200,0.0264153869706,0.873355615395,0.568390094697
2,2,True,2,1200,0.0264153869706,0.873355624408,0.568390095534
