,iteration,success,k,N,msd,prelec_gamma,s
0,0,True,2,1200,0.0188354217644,0.797774340661,0.517583703251
1,1,True,2,1200,0.0188354217644,0.797774334708,0.517583711367
2,2,True,2,1200,0.0188354217644,0.797774327801,0.517583706697
