,iteration,success,k,N,msd,prelec_gamma,s
0,0,True,2,1200,0.0217214653018,1.34325636115,0.550710370206
1,1,True,2,1200,0.0217214653018,1.34325635042,0.550710358835
2,2,True,2,1200,0.0217214653018,1.34325634766,0.550710366997
