,iteration,success,k,N,msd,prelec_gamma,s
0,0,True,2,1200,0.0230416394653,1.39624703268,0.573842351496
1,1,True,2,1200,0.0230416394653,1.39624703715,0.573842343829
2,2,True,2,1200,0.0230416394653,1.3962470376,0.573842341594
