,iteration,success,k,N,msd,prelec_gamma,s
0,0,True,2,1200,0.0335430099813,0.904737277375,0.427519314329
1,1,True,2,1200,0.0335430099813,0.904737269192,0.427519311543
2,2,True,2,1200,0.0335430099813,0.904737272493,0.427519309486
