,iteration,success,k,N,msd,prelec_gamma,s
0,0,True,2,1200,0.0215744402077,1.08567033305,0.554178091172
1,1,True,2,1200,0.0215744402077,1.08567032175,0.554178093493
2,2,True,2,1200,0.0215744402077,1.08567032799,0.554178098568
