,iteration,success,k,N,msd,prelec_gamma,s
0,0,True,2,1200,0.0182155408913,0.64939830048,0.867043820559
1,1,True,2,1200,0.0182155408913,0.649398304538,0.867043817804
2,2,True,2,1200,0.0182155408913,0.649398304725,0.867043832098
