,iteration,success,k,N,msd,prelec_gamma,s
0,0,True,2,1200,0.0255374429736,1.50292133431,0.39410185577
1,1,True,2,1200,0.0255374429736,1.5029213372,0.394101853875
2,2,True,2,1200,0.0255374429736,1.50292134475,0.394101856828
