,iteration,success,k,N,msd,prelec_gamma,s
0,0,True,2,1200,0.0234541141986,1.3938752086,1.0617219307
1,1,True,2,1200,0.0234541141986,1.39387521973,1.06172194026
2,2,True,2,1200,0.0234541141986,1.39387520422,1.06172193487
