,iteration,success,k,N,msd,prelec_gamma,s
0,0,True,2,1200,0.0235347781001,1.54717000566,0.547015041827
1,1,True,2,1200,0.0235347781001,1.54717001175,0.54701505014
2,2,True,2,1200,0.0235347781001,1.54717001878,0.547015051413
