,iteration,success,k,N,msd,prelec_gamma,s
0,0,True,2,1200,0.0140797402221,1.03200237659,0.673842086666
1,1,True,2,1200,0.0140797402221,1.03200236949,0.673842083494
2,2,True,2,1200,0.0140797402221,1.03200236701,0.673842085273
