,iteration,success,k,N,msd,prelec_gamma,s
0,0,True,2,1200,0.0137979906811,1.4061616856,1.17099538416
1,1,True,2,1200,0.0137979906811,1.40616167882,1.17099537776
2,2,True,2,1200,0.0137979906811,1.40616167853,1.17099538206
