,iteration,success,k,N,msd,prelec_gamma,s
0,0,True,2,1200,0.0273971956096,0.858706186164,0.458391650892
1,1,True,2,1200,0.0273971956096,0.858706168081,0.458391648621
2,2,True,2,1200,0.0273971956096,0.858706178249,0.458391648883
