,iteration,success,k,N,msd,prelec_gamma,s
0,0,True,2,1200,0.0244697921873,1.07458209373,0.482374305353
1,1,True,2,1200,0.0244697921873,1.07458209774,0.482374305546
2,2,True,2,1200,0.0244697921873,1.07458209651,0.482374304125
