,iteration,success,k,N,msd,prelec_gamma,s
0,0,True,2,1200,0.024033378351,0.739926067364,0.532481059062
1,1,True,2,1200,0.024033378351,0.739926075103,0.532481059526
2,2,True,2,1200,0.024033378351,0.739926074683,0.532481062081
