,iteration,success,k,N,msd,prelec_gamma,s
0,0,True,2,1200,0.00915080727844,1.02357025685,1.6609090555
1,1,True,2,1200,0.00915080727844,1.02357025472,1.6609089939
2,2,True,2,1200,0.00915080727844,1.02357025578,1.66090907109
