,iteration,success,k,N,msd,prelec_gamma,s
0,0,True,2,1200,0.0294360556034,1.11476685865,0.479658596544
1,1,True,2,1200,0.0294360556034,1.11476686511,0.479658597169
2,2,True,2,1200,0.0294360556034,1.1147668586,0.479658593552
