,iteration,success,k,N,msd,prelec_gamma,s
0,0,True,2,1200,0.0179861030051,1.436416715,1.09036812012
1,1,True,2,1200,0.0179861030051,1.43641670907,1.09036812528
2,2,True,2,1200,0.0179861030051,1.43641669219,1.09036814167
