,iteration,success,k,N,msd,prelec_gamma,s
0,0,True,2,1200,0.015210033382,1.46087728333,1.02475426583
1,1,True,2,1200,0.015210033382,1.46087728973,1.02475427214
2,2,True,2,1200,0.015210033382,1.46087728466,1.02475427151
