,iteration,success,k,N,msd,prelec_gamma,s
0,0,True,2,1200,0.0258748139268,0.983047477161,0.485134863395
1,1,True,2,1200,0.0258748139268,0.983047469695,0.485134861201
2,2,True,2,1200,0.0258748139268,0.983047471972,0.485134857058
