,iteration,success,k,N,msd,prelec_gamma,s
0,0,True,2,1200,0.0175459396882,0.656157461088,0.730852124961
1,1,True,2,1200,0.0175459396882,0.656157455933,0.730852123094
2,2,True,2,1200,0.0175459396882,0.656157464851,0.730852123815
