,iteration,success,k,N,msd,prelec_gamma,s
0,0,True,2,1200,0.0148981349596,1.33065076388,1.5027377075
1,1,True,2,1200,0.0148981349596,1.33065075233,1.5027377488
2,2,True,2,1200,0.0148981349596,1.33065074361,1.50273778814
