,iteration,success,k,N,msd,prelec_gamma,s
0,0,True,2,1200,0.0189241212652,1.10434573196,0.611778214967
1,1,True,2,1200,0.0189241212652,1.10434572298,0.61177821858
2,2,True,2,1200,0.0189241212652,1.10434572924,0.611778227545
