,iteration,success,k,N,msd,prelec_gamma,s
0,0,True,2,1200,0.0203507659495,1.33421449862,1.21038876657
1,1,True,2,1200,0.0203507659495,1.33421449181,1.21038876636
2,2,True,2,1200,0.0203507659495,1.33421449179,1.21038878581
