,iteration,success,k,N,msd,prelec_gamma,s
0,0,True,2,1200,0.0222101128764,0.994876148464,0.49320986925
1,1,True,2,1200,0.0222101128764,0.9948761503,0.493209868799
2,2,True,2,1200,0.0222101128764,0.99487614198,0.493209871345
