,iteration,success,k,N,msd,prelec_gamma,s
0,0,True,2,1200,0.0175589854782,1.4051512615,0.866755901479
1,1,True,2,1200,0.0175589854782,1.40515126529,0.866755887682
2,2,True,2,1200,0.0175589854782,1.40515126723,0.866755876888
