,iteration,success,k,N,msd,prelec_gamma,s
0,0,True,2,1200,0.0353771952152,0.8836548655,0.422484566486
1,1,True,2,1200,0.0353771952152,0.883654865698,0.422484567548
2,2,True,2,1200,0.0353771952152,0.883654866018,0.422484570227
