,iteration,success,k,N,msd,prelec_gamma,s
0,0,True,2,1200,0.0143824768119,1.03906764793,0.790388156832
1,1,True,2,1200,0.0143824768119,1.03906764206,0.790388153032
2,2,True,2,1200,0.0143824768119,1.03906764139,0.790388160444
