,iteration,success,k,N,msd,prelec_gamma,s
0,0,True,2,1200,0.0169703185037,0.608066039586,0.727687684856
1,1,True,2,1200,0.0169703185037,0.608066043715,0.727687674523
2,2,True,2,1200,0.0169703185037,0.608066045641,0.727687684959
