,iteration,success,k,N,msd,prelec_gamma,s
0,0,True,2,1200,0.0203297085694,1.43167387554,0.5606752557
1,1,True,2,1200,0.0203297085694,1.43167387461,0.560675252949
2,2,True,2,1200,0.0203297085694,1.43167388502,0.560675245408
