,iteration,success,k,N,msd,prelec_gamma,s
0,0,True,2,1200,0.0158739377163,1.10976663461,0.998866074651
1,1,True,2,1200,0.0158739377163,1.10976663465,0.99886609405
2,2,True,2,1200,0.0158739377163,1.10976663746,0.998866077387
