,iteration,success,k,N,msd,prelec_gamma,s
0,0,True,2,1200,0.0174273365542,0.870754057871,0.585787559245
1,1,True,2,1200,0.0174273365542,0.870754054574,0.585787571278
2,2,True,2,1200,0.0174273365542,0.870754047377,0.585787561803
