,iteration,success,k,N,msd,prelec_gamma,s
0,0,True,2,1200,0.0156583120861,1.372516473,1.33191733644
1,1,True,2,1200,0.0156583120861,1.37251646232,1.33191732785
2,2,True,2,1200,0.0156583120861,1.37251646964,1.33191734088
