,iteration,success,k,N,msd,prelec_gamma,s
0,0,True,2,1200,0.00902751904055,1.00617412681,1.84182380318
1,1,True,2,1200,0.00902751904055,1.00617412345,1.84182382936
2,2,True,2,1200,0.00902751904055,1.00617412594,1.84182383759
