,iteration,success,k,N,msd,prelec_gamma,s
0,0,True,2,1200,0.0233016694879,1.30738089536,0.444766389361
1,1,True,2,1200,0.0233016694879,1.30738091173,0.44476638417
2,2,True,2,1200,0.0233016694879,1.30738090405,0.444766391476
