,iteration,success,k,N,msd,prelec_gamma,s
0,0,True,2,1200,0.0187422962256,0.575935202946,1.11930321618
1,1,True,2,1200,0.0187422962256,0.575935202088,1.11930322788
2,2,True,2,1200,0.0187422962256,0.575935207557,1.11930323323
