,iteration,success,k,N,msd,prelec_gamma,s
0,0,True,2,1200,0.0239049235505,1.42894845126,0.400464763326
1,1,True,2,1200,0.0239049235505,1.42894844969,0.400464773761
2,2,True,2,1200,0.0239049235505,1.42894843431,0.400464773032
