,iteration,success,k,N,msd,prelec_gamma,s
0,0,True,2,1200,0.0149130444607,0.670567445581,0.803126230583
1,1,True,2,1200,0.0149130444607,0.670567446504,0.803126236686
2,2,True,2,1200,0.0149130444607,0.670567448355,0.803126224544
