,iteration,success,k,N,msd,prelec_gamma,s
0,0,True,2,1200,0.0177846143875,0.647311950214,0.719542144107
1,1,True,2,1200,0.0177846143875,0.647311948917,0.719542139683
2,2,True,2,1200,0.0177846143875,0.647311955471,0.719542141898
