,iteration,success,k,N,msd,prelec_gamma,s
0,0,True,2,1200,0.027689148715,0.783015039711,0.539480227419
1,1,True,2,1200,0.027689148715,0.783015034493,0.539480216186
2,2,True,2,1200,0.027689148715,0.783015043914,0.539480224428
