,iteration,success,k,N,msd,prelec_gamma,s
0,0,True,2,1200,0.0212832196626,0.877939955032,0.574151464758
1,1,True,2,1200,0.0212832196626,0.877939948844,0.574151461262
2,2,True,2,1200,0.0212832196626,0.877939950318,0.574151459139
