,iteration,success,k,N,msd,prelec_gamma,s
0,0,True,2,1200,0.0204779767757,0.655431237897,0.650794785374
1,1,True,2,1200,0.0204779767757,0.655431242446,0.650794779304
2,2,True,2,1200,0.0204779767757,0.655431236745,0.650794781892
