,iteration,success,k,N,msd,prelec_gamma,s
0,0,True,2,1200,0.0292242265961,0.741709633011,0.496176900155
1,1,True,2,1200,0.0292242265961,0.741709637615,0.496176903554
2,2,True,2,1200,0.0292242265961,0.74170963837,0.496176903303
