,iteration,success,k,N,msd,prelec_gamma,s
0,0,True,2,1200,0.0390959125411,0.878209972279,0.41558992148
1,1,True,2,1200,0.0390959125411,0.878209962628,0.415589915368
2,2,True,2,1200,0.0390959125411,0.878209973851,0.415589909063
