,iteration,success,k,N,msd,prelec_gamma,s
0,0,True,2,1200,0.0233835842728,1.57349772408,0.550055938943
1,1,True,2,1200,0.0233835842728,1.57349772593,0.550055940525
2,2,True,2,1200,0.0233835842728,1.57349772038,0.550055949681
