,iteration,success,k,N,msd,prelec_gamma,s
0,0,True,2,1200,0.0233685754726,1.25950724763,0.479174274159
1,1,True,2,1200,0.0233685754726,1.25950724161,0.479174279455
2,2,True,2,1200,0.0233685754726,1.25950724053,0.479174273304
