,iteration,success,k,N,msd,prelec_gamma,s
0,0,True,2,1200,0.0226791643778,0.697903793951,0.568122489407
1,1,True,2,1200,0.0226791643778,0.697903795488,0.568122492916
2,2,True,2,1200,0.0226791643778,0.697903792476,0.568122488409
