,iteration,success,k,N,msd,prelec_gamma,s
0,0,True,2,1200,0.0146293409282,0.54135577329,1.05487911204
1,1,True,2,1200,0.0146293409282,0.54135577596,1.05487911828
2,2,True,2,1200,0.0146293409282,0.541355771295,1.05487911591
