,iteration,success,k,N,msd,prelec_gamma,s
0,0,True,2,1200,0.0234826708095,1.21649886082,0.424183587271
1,1,True,2,1200,0.0234826708095,1.21649885696,0.424183585224
2,2,True,2,1200,0.0234826708095,1.21649884822,0.424183584878
