,iteration,success,k,N,msd,prelec_gamma,s
0,0,True,2,1200,0.018079867108,1.51894376156,1.04098909302
1,1,True,2,1200,0.018079867108,1.51894376895,1.04098909869
2,2,True,2,1200,0.018079867108,1.51894376022,1.04098910056
