,iteration,success,k,N,msd,prelec_gamma,s
0,0,True,2,1200,0.0386709720368,0.949400033613,0.42831245405
1,1,True,2,1200,0.0386709720368,0.94940003031,0.428312455218
2,2,True,2,1200,0.0386709720368,0.949400034751,0.428312453165
