,iteration,success,k,N,msd,prelec_gamma,s
0,0,True,2,1200,0.0180217200048,1.08709808786,0.661331609835
1,1,True,2,1200,0.0180217200048,1.08709809088,0.661331607763
2,2,True,2,1200,0.0180217200048,1.08709808763,0.661331592142
