,iteration,success,k,N,msd,prelec_gamma,s
0,0,True,2,1200,0.0304842096445,1.35052761705,0.386217307634
1,1,True,2,1200,0.0304842096445,1.35052762605,0.386217303991
2,2,True,2,1200,0.0304842096445,1.35052762623,0.386217303621
