,iteration,success,nllh,k,N,bic,c_sigma,tau_trunc,theta
0,0,True,1459.68749797,3,261,2936.06855717,21.1739802301,24.7065456674,149.665401338
