,iteration,success,nllh,k,N,bic,prelec_elevation,prelec_gamma,tau,theta
0,0,True,1606.38010771,4,261,3235.01829705,1.31478727182,0.934830352101,1.66109805895,19.9383003423
