,iteration,success,nllh,k,N,bic,pow_gain,prelec_elevation,prelec_gamma,tau,theta
0,0,True,1519.93081458,5,261,3067.6842312,0.302147747505,0.317919250202,1.33225723996,28.1455056498,17.1788821671
