,iteration,success,nllh,k,N,bic,pow_gain,tau,theta
0,0,True,1539.29457893,3,261,3095.28271908,0.779072808986,0.530475736993,19.7692593736
