,iteration,success,nllh,k,N,bic,tau,theta
0,0,True,1673.52766541,2,261,3358.18437163,45.5639448013,19.9891299289
