,iteration,success,k,N,msd,prelec_gamma,s
0,0,True,2,1200,0.0467560486411,1.04007448305,3.40734903791
1,1,True,2,1200,0.0467560486411,1.04007448671,3.4073490538
2,2,True,2,1200,0.0467560486411,1.04007448685,3.40734896709
