,iteration,success,k,N,msd,prelec_gamma,s
0,0,True,2,1200,0.15925,0.259278609046,5.2245501568e-17
1,1,True,2,1200,0.0336004081324,1.36267368204,10.0
2,2,True,2,1200,0.0336004081324,1.36267368362,10.0
