,iteration,success,k,N,msd,prelec_gamma,s
0,0,True,2,1200,0.0302785119923,1.96498342635,10.0
1,1,True,2,1200,0.0302785322133,1.96433504981,9.99999999926
2,2,True,2,1200,0.0302785119923,1.96498346109,10.0
