,iteration,success,k,N,msd,prelec_gamma,s
0,0,True,2,1200,0.0172922068844,1.3034089949,30.0
1,1,True,2,1200,0.0175309688439,1.4045202687,29.9999999988
2,2,True,2,1200,0.0172922068984,1.30340494764,29.9999999983
