,iteration,success,k,N,msd,prelec_gamma,s
0,0,True,2,1200,0.0341943732294,0.679435456459,4.33410773487
1,1,True,2,1200,0.187791666667,2.56086106248,8.74300631892e-15
2,2,True,2,1200,0.0341943732294,0.679435459023,4.33410793302
