,iteration,success,k,N,msd,prelec_gamma,s
0,0,True,2,1200,0.0388204466543,0.992474592836,5.10180935155
1,1,True,2,1200,0.0388204466543,0.992474597379,5.10180901919
2,2,True,2,1200,0.0388204466543,0.992474596084,5.10180916089
