,iteration,success,k,N,msd,prelec_gamma,s
0,0,True,2,1200,0.0304442192443,1.00800081984,7.61447595195
1,1,True,2,1200,0.0304442192443,1.00800081769,7.61447584845
2,2,True,2,1200,0.0304442192443,1.00800081976,7.61447626554
