,iteration,success,k,N,msd,prelec_gamma,s
0,0,True,2,1200,0.0338390750083,1.92959111647,9.99999999724
1,1,True,2,1200,0.149791666667,0.164940039177,6.71684929898e-15
2,2,True,2,1200,0.0338390336841,1.92867365002,10.0
