,iteration,success,k,N,msd,prelec_gamma,s
0,0,True,2,1200,0.0401074577438,2.08551347261,9.99999999999
1,1,True,2,1200,0.0401074577437,2.08551587616,10.0
2,2,True,2,1200,0.0401074577437,2.08551590531,10.0
