,iteration,success,k,N,msd,prelec_gamma,s
0,0,True,2,1200,0.168083333333,0.0806777537381,3.1952875178e-17
1,1,True,2,1200,0.0260057911148,1.34558635358,10.0
2,2,True,2,1200,0.0260057911148,1.34558635514,10.0
