,iteration,success,k,N,msd,prelec_gamma,s
0,0,True,2,1200,0.0579800896847,0.703943325711,3.00011810428
1,1,True,2,1200,0.175500000001,2.11811791182,3.1541047816e-11
2,2,True,2,1200,0.0579800896847,0.703943328492,3.00011819526
