,iteration,success,k,N,msd,prelec_gamma,s
0,0,True,2,1200,0.0377106864761,1.0934764995,5.25276855294
1,1,True,2,1200,0.0377106864761,1.09347649933,5.25276844026
2,2,True,2,1200,0.0377106864761,1.0934765002,5.25276840863
