,iteration,success,k,N,msd,prelec_gamma,s
0,0,True,2,1200,0.0446877095002,1.24176421034,9.07976740172
1,1,True,2,1200,0.0446877095002,1.24176420491,9.07976785759
2,2,True,2,1200,0.0446877095002,1.24176420807,9.07976828526
