,iteration,success,k,N,msd,prelec_gamma,s
0,0,True,2,1200,0.0105570021537,0.627559090357,9.06191256132
1,1,True,2,1200,0.211916666667,2.78747164638,1.02630992791e-12
2,2,True,2,1200,0.0105570021537,0.627559087784,9.06191253762
