,iteration,success,k,N,msd,prelec_gamma,s
0,0,True,2,1200,0.0366665472172,1.09295719699,3.67662749332
1,1,True,2,1200,0.0366665472172,1.09295719258,3.67662755919
2,2,True,2,1200,0.0366665472172,1.09295719421,3.67662755248
