,iteration,success,k,N,msd,prelec_gamma,s
0,0,True,2,1200,0.041856649346,1.09254363391,4.68971862519
1,1,True,2,1200,0.041856649346,1.09254362976,4.68971897964
2,2,True,2,1200,0.041856649346,1.09254363675,4.6897188933
