,iteration,success,k,N,msd,prelec_gamma,s
0,0,True,2,1200,0.0396885184795,1.05957579847,3.500834569
1,1,True,2,1200,0.0396885184795,1.05957579228,3.50083477522
2,2,True,2,1200,0.0396885184795,1.05957579177,3.50083467526
