,iteration,success,k,N,msd,prelec_gamma,s
0,0,True,2,1200,0.0396245047546,1.05315792376,6.05672814768
1,1,True,2,1200,0.0396245047546,1.05315792184,6.05672838166
2,2,True,2,1200,0.0396245047546,1.05315791951,6.05672802513
