,iteration,success,k,N,msd,prelec_gamma,s
0,0,True,2,1200,0.0284694818401,1.3436803015,9.99999999936
1,1,True,2,1200,0.0284694769316,1.34354189846,10.0
2,2,True,2,1200,0.0284694769316,1.34354206086,10.0
