,iteration,success,k,N,msd,prelec_gamma,s
0,0,True,2,1200,0.0537719871984,0.696312672135,3.68313204186
1,1,True,2,1200,0.188791666667,2.16672433023,3.54731062641e-16
2,2,True,2,1200,0.0537719871984,0.696312672767,3.68313202821
