,iteration,success,k,N,msd,prelec_gamma,s
0,0,True,2,1200,0.177125,2.39864264368,2.33146835171e-15
1,1,True,2,1200,0.0462766112014,0.71162741749,3.35735521607
2,2,True,2,1200,0.0462766112014,0.711627421256,3.35735524091
