,iteration,success,k,N,msd,prelec_gamma,s
0,0,True,2,1200,0.0363284136924,0.678731937569,9.46155648437
1,1,True,2,1200,0.0363284136924,0.678731937077,9.46155635329
2,2,True,2,1200,0.0363284136924,0.678731937107,9.46155610416
