,iteration,success,k,N,msd,prelec_gamma,s
0,0,True,2,1200,0.0294282275507,1.33765161169,10.0
1,1,True,2,1200,0.0294282275507,1.33765162963,10.0
2,2,True,2,1200,0.0294282275507,1.33765163658,10.0
