,iteration,success,k,N,msd,prelec_gamma,s
0,0,True,2,1200,0.0493123556442,1.16229929762,3.10291604045
1,1,True,2,1200,0.0493123556442,1.16229929641,3.10291595226
2,2,True,2,1200,0.0493123556442,1.16229929504,3.10291600321
