,iteration,success,k,N,msd,prelec_gamma,s
0,0,True,2,1200,0.02437478125,1.29041646611,29.1058806749
