,iteration,success,k,N,msd,prelec_gamma,s
0,0,True,2,1200,0.168416666667,0.580361076794,3.87798986326e-16
1,1,True,2,1200,0.0236636310408,1.31738597644,20.0
2,2,True,2,1200,0.0236636310408,1.31738570201,20.0
