,iteration,success,k,N,msd,prelec_gamma,s
0,0,True,2,1200,0.184666666681,2.89279854392,1.92686713808e-10
1,1,True,2,1200,0.0418486467385,0.686067221469,4.17473110233
2,2,True,2,1200,0.184666666667,2.66681053534,6.66133814775e-15
