,iteration,success,k,N,msd,prelec_gamma,s
0,0,True,2,1200,0.0303898167156,1.00963834415,9.99999999871
1,1,True,2,1200,0.0303898165137,1.0096472046,10.0
2,2,True,2,1200,0.0303898165137,1.00964721176,9.99999999999
