,iteration,success,k,N,msd,prelec_gamma,s
0,0,True,2,1200,0.0370004932156,1.32203542597,10.0
1,1,True,2,1200,0.0370004932156,1.32203543187,10.0
2,2,True,2,1200,0.0370004932156,1.32203541361,10.0
