,iteration,success,k,N,msd,prelec_gamma,s
0,0,True,2,1200,0.0417896742589,0.665952469922,4.32621033714
1,1,True,2,1200,0.0417896742589,0.665952468085,4.32621031308
2,2,True,2,1200,0.0417896742589,0.665952470397,4.32621057763
