,iteration,success,k,N,msd,prelec_gamma,s
0,0,True,2,1200,0.0333479684175,0.672797222306,6.21634155596
1,1,True,2,1200,0.0333479684175,0.672797224078,6.21634133384
2,2,True,2,1200,0.198583333335,2.11406000208,2.19016404294e-11
