,iteration,success,k,N,msd,prelec_gamma,s
0,0,True,2,1200,0.203041666667,2.95009914912,2.28268590292e-16
1,1,True,2,1200,0.203041666667,2.69442918552,0.0
2,2,True,2,1200,0.0357534870647,0.665422659854,10.0
