,iteration,success,k,N,msd,prelec_gamma,s
0,0,True,2,1200,0.0236674667842,0.645869074922,8.01031972159
1,1,True,2,1200,0.203375,2.79221037337,4.54861113899e-17
2,2,True,2,1200,0.203375,2.64764662968,3.86977167661e-18
