,iteration,success,k,N,msd,prelec_gamma,s
0,0,True,2,1200,0.0431320312276,1.29912400688,20.0
1,1,True,2,1200,0.0431320312276,1.29912387684,20.0
2,2,True,2,1200,0.0431320312276,1.29912401233,20.0
