,iteration,success,k,N,msd,prelec_gamma,s
0,0,True,2,1200,0.1785,0.0402823186946,7.77156117238e-16
1,1,True,2,1200,0.0280647866497,1.39761512937,10.0
2,2,True,2,1200,0.0280647866497,1.39761516039,10.0
