,iteration,success,k,N,msd,prelec_gamma,s
0,0,True,2,1200,0.0268641069425,1.31170034299,19.9999999995
1,1,True,2,1200,0.0268641008547,1.31160669206,20.0
2,2,True,2,1200,0.0268641008547,1.31160669082,20.0
