,iteration,success,k,N,msd,prelec_gamma,s
0,0,True,2,1200,0.0315124816712,0.665637017162,9.40418552788
1,1,True,2,1200,0.0315124816712,0.665637018361,9.40418519454
2,2,True,2,1200,0.0315124816712,0.665637019799,9.40418569895
