,iteration,success,k,N,msd,prelec_gamma,s
0,0,True,2,1200,0.032514919568,1.32028654552,20.0
1,1,True,2,1200,0.032514919568,1.32028655568,20.0
2,2,True,2,1200,0.0325150799949,1.32084340006,19.9999999984
