,iteration,success,k,N,msd,prelec_gamma,s
0,0,True,2,1200,0.0294719907335,1.29655613578,19.9999999945
1,1,True,2,1200,0.0294742427613,1.29794268678,19.9999999997
2,2,True,2,1200,0.0294721293265,1.29625424938,19.9999999975
