,iteration,success,k,N,msd,prelec_gamma,s
0,0,True,2,1200,0.183333333334,2.21321908752,1.70564480111e-11
1,1,True,2,1200,0.0589381542905,0.724335515796,3.37194416362
2,2,True,2,1200,0.183333333333,2.8343287196,1.54209083539e-13
