,iteration,success,k,N,msd,prelec_gamma,s
0,0,True,2,1200,0.0407753746544,0.658092350918,5.80026397942
1,1,True,2,1200,0.202083333334,2.06093340178,5.60216788221e-12
2,2,True,2,1200,0.0407753746544,0.658092349495,5.80026438862
