,iteration,success,k,N,msd,prelec_gamma,s
0,0,True,2,1200,0.0253347241021,1.30829295996,19.9999999999
1,1,True,2,1200,0.0253349666527,1.30777738671,19.9999999993
2,2,True,2,1200,0.0253347241021,1.30829282142,20.0
