,iteration,success,k,N,msd,prelec_gamma,s
0,0,True,2,1200,0.0359802196834,2.02807298413,10.0
1,1,True,2,1200,0.0359802196834,2.02807301088,10.0
2,2,True,2,1200,0.168666666667,0.690770086969,1.3433698598e-14
