,iteration,success,k,N,msd,prelec_gamma,s
0,0,True,2,1200,0.204416666667,2.76014833002,6.63999783988e-16
1,1,True,2,1200,0.204416666702,2.24505460674,4.65861628772e-10
2,2,True,2,1200,0.0267165405279,0.650282777688,7.78651857417
