,iteration,success,k,N,msd,prelec_gamma,s
0,0,True,2,1200,0.0405310404859,1.76339253246,10.0
1,1,True,2,1200,0.0405310527378,1.76245244449,9.99999999703
2,2,True,2,1200,0.0405310404859,1.76339252077,10.0
