,iteration,success,k,N,msd,prelec_gamma,s
0,0,True,2,1200,0.0229066838268,0.631435231862,7.9590122978
1,1,True,2,1200,0.0229066838268,0.631435235244,7.95901251711
2,2,True,2,1200,0.202375,2.51604869106,1.04822957269e-17
