,iteration,success,k,N,msd,prelec_gamma,s
0,0,True,2,1200,0.0512183441522,0.720608447106,3.40692530452
1,1,True,2,1200,0.0512183441522,0.720608443599,3.40692523165
2,2,True,2,1200,0.0512183441522,0.720608439056,3.40692501763
