,iteration,success,k,N,msd,prelec_gamma,s
0,0,True,2,1200,0.0339421060181,1.35278689403,9.99999999997
1,1,True,2,1200,0.0339438666402,1.35545602799,9.99999999904
2,2,True,2,1200,0.0339421059509,1.35280308006,10.0
