,iteration,success,k,N,msd,prelec_gamma,s
0,0,True,2,1200,0.0151588649375,0.641891436761,9.74582974198
1,1,True,2,1200,0.0151588649375,0.641891439656,9.74583016954
2,2,True,2,1200,0.0151588649375,0.641891433935,9.74582982613
