,iteration,success,k,N,msd,prelec_gamma,s
0,0,True,2,1200,0.0350613745089,0.668581470123,6.19697067836
1,1,True,2,1200,0.0350613745089,0.668581467876,6.19697058621
2,2,True,2,1200,0.0350613745089,0.668581464245,6.19697062271
