,iteration,success,k,N,msd,prelec_gamma,s
0,0,True,2,1200,0.0452455333026,0.690610311117,4.28138248403
1,1,True,2,1200,0.0452455333026,0.690610308043,4.28138253435
2,2,True,2,1200,0.0452455333026,0.690610312063,4.28138260114
