,iteration,success,k,N,msd,prelec_gamma,s
0,0,True,2,1200,0.207791666693,2.2551199119,3.22967637999e-10
1,1,True,2,1200,0.207791666668,2.21080561426,1.645615556e-11
2,2,True,2,1200,0.0256662503138,0.634841174251,7.14519752253
