,iteration,success,k,N,msd,prelec_gamma,s
0,0,True,2,1200,0.0258258954342,0.655141746604,9.90018740772
1,1,True,2,1200,0.0258258954342,0.65514174401,9.90018731356
2,2,True,2,1200,0.0258258954342,0.655141740867,9.90018691789
