,iteration,success,k,N,msd,prelec_gamma,s
0,0,True,2,1200,0.0350585752476,1.04922066323,5.78615716459
1,1,True,2,1200,0.0350585752476,1.04922066001,5.78615725057
2,2,True,2,1200,0.0350585752476,1.04922066197,5.78615719357
