,iteration,success,k,N,msd,prelec_gamma,s
0,0,True,2,1200,0.195125000005,2.88099686767,8.59673806639e-11
1,1,True,2,1200,0.195125,2.17296601982,5.60620363039e-16
2,2,True,2,1200,0.0458653351089,0.694490807781,4.74985186642
