,iteration,success,k,N,msd,prelec_gamma,s
0,0,True,2,1200,0.0462170437625,0.697909272891,4.33602871072
1,1,True,2,1200,0.0462170437625,0.697909274583,4.3360287264
2,2,True,2,1200,0.194791666669,2.08462457687,4.82171435437e-11
