,iteration,success,k,N,msd,prelec_gamma,s
0,0,True,2,1200,0.0512794465513,1.25726876372,6.3584744487
1,1,True,2,1200,0.0512794465513,1.25726875692,6.35847463189
2,2,True,2,1200,0.0512794465513,1.25726874596,6.35847484392
