,iteration,success,k,N,msd,prelec_gamma,s
0,0,True,2,1200,0.204875,2.18565515502,3.85340933877e-17
1,1,True,2,1200,0.0495755473179,0.705177160538,5.41980590576
2,2,True,2,1200,0.0495755473179,0.705177162725,5.41980600438
