,iteration,success,k,N,msd,prelec_gamma,s
0,0,True,2,1200,0.0470790853148,0.680593572774,5.04779197717
1,1,True,2,1200,0.194416666667,2.73044194748,1.1773710509e-16
2,2,True,2,1200,0.0470790853148,0.680593569731,5.04779196471
