,iteration,success,k,N,msd,prelec_gamma,s
0,0,True,2,1200,0.0159117567041,1.28284524727,28.7849368343
1,1,True,2,1200,0.0159117567041,1.28284524526,28.7849372596
2,2,True,2,1200,0.0159117567041,1.28284524786,28.7849374211
