,iteration,success,k,N,msd,prelec_gamma,s
0,0,True,2,1200,0.0562439146462,0.680416074539,4.88986009573
1,1,True,2,1200,0.0562439146462,0.680416077886,4.88986051608
2,2,True,2,1200,0.0562439146462,0.680416073414,4.88986020321
