,iteration,success,k,N,msd,prelec_gamma,s
0,0,True,2,1200,0.187,2.1522518813,4.17777088809e-16
1,1,True,2,1200,0.0457968535844,0.701012010458,4.22686296786
2,2,True,2,1200,0.0457968535844,0.70101200616,4.22686275297
