,iteration,success,k,N,msd,prelec_gamma,s
0,0,True,2,1200,0.0349295130738,0.663381611779,8.49939014205
1,1,True,2,1200,0.201000000002,2.12589974372,3.72699184063e-11
2,2,True,2,1200,0.0349295130738,0.663381609155,8.49938986505
