,iteration,success,k,N,msd,prelec_gamma,s
0,0,True,2,1200,0.159041666667,0.386380042043,1.7763568394e-15
1,1,True,2,1200,0.0337203643683,1.36396649394,10.0
2,2,True,2,1200,0.0337203643682,1.36396616407,10.0
