,iteration,success,k,N,msd,prelec_gamma,s
0,0,True,2,1200,0.0279456117002,0.658029251902,8.4893129798
1,1,True,2,1200,0.0279456117002,0.658029250829,8.48931337004
2,2,True,2,1200,0.0279456117002,0.658029254105,8.48931379391
