,iteration,success,k,N,msd,prelec_gamma,s
0,0,True,2,1200,0.0317288496807,1.85133210634,10.0
1,1,True,2,1200,0.0317288512165,1.8515109922,10.0
2,2,True,2,1200,0.0317288496807,1.85133173242,10.0
