,iteration,success,k,N,msd,prelec_gamma,s
0,0,True,2,1200,0.0427420187288,1.20168680189,4.44857522434
1,1,True,2,1200,0.0427420187288,1.20168680334,4.44857491117
2,2,True,2,1200,0.0427420187288,1.20168679077,4.44857512405
