,iteration,success,k,N,msd,prelec_gamma,s
0,0,True,2,1200,0.219041666744,2.26304738011,7.57599155548e-10
1,1,True,2,1200,0.219041666667,1.98559269578,8.43769498715e-15
2,2,True,2,1200,0.219041666667,2.78199782738,5.21052459931e-13
