,iteration,success,k,N,msd,prelec_gamma,s
0,0,True,2,1200,0.0277675051884,1.32744432665,10.0
1,1,True,2,1200,0.0277675051884,1.327444345,10.0
2,2,True,2,1200,0.0277675052239,1.32743425712,9.99999999988
