,iteration,success,k,N,msd,prelec_gamma,s
0,0,True,2,1200,0.0428471919014,1.35337491698,10.0
1,1,True,2,1200,0.0445663795276,1.8325805884,10.0
2,2,True,2,1200,0.0428472866109,1.35403058916,9.99999999874
