,iteration,success,k,N,msd,prelec_gamma,s
0,0,True,2,1200,0.0189525499656,0.655473713397,10.0
1,1,True,2,1200,0.0189525499656,0.655473715429,10.0
2,2,True,2,1200,0.0189525499656,0.655473731783,10.0
