,iteration,success,k,N,msd,prelec_gamma,s
0,0,True,2,1200,0.0336891353032,1.89867894885,20.0
1,1,True,2,1200,0.0336891353032,1.89867896802,20.0
2,2,True,2,1200,0.0336891353032,1.89867894593,20.0
