,iteration,success,k,N,msd,prelec_gamma,s
0,0,True,2,1200,0.031963072353,1.92577220979,20.0
1,1,True,2,1200,0.031963072353,1.9257722161,20.0
2,2,True,2,1200,0.031963072353,1.92577221496,20.0
