,iteration,success,k,N,msd,prelec_gamma,s
0,0,True,2,1200,0.0180681988899,0.01,2.50006380051
1,1,True,2,1200,0.00824140282165,0.618265602357,9.60823313597
2,2,True,2,1200,0.00824140282165,0.618265602575,9.60823304377
