,iteration,success,k,N,msd,prelec_gamma,s
0,0,True,2,1200,0.0516327510808,0.672487389351,4.65624757978
1,1,True,2,1200,0.0516327510808,0.672487391054,4.65624734309
2,2,True,2,1200,0.0516327510808,0.672487387488,4.65624750354
