,iteration,success,k,N,msd,prelec_gamma,s
0,0,True,2,1200,0.0279282317968,1.3093878178,10.0
1,1,True,2,1200,0.177583333333,0.450409206772,7.04807531897e-16
2,2,True,2,1200,0.0279282317968,1.30938754459,9.99999999997
