,iteration,success,k,N,msd,prelec_gamma,s
0,0,True,2,1200,0.0317781196841,1.91884721647,10.0
1,1,True,2,1200,0.0317781196841,1.91884729153,10.0
2,2,True,2,1200,0.0317781196841,1.91884729152,10.0
