,iteration,success,k,N,msd,prelec_gamma,s
0,0,True,2,1200,0.0400371620996,0.682209568091,7.16975491766
1,1,True,2,1200,0.205125,2.76353135307,4.64461521979e-13
2,2,True,2,1200,0.205125000004,2.19695836133,7.23999344305e-11
