,iteration,success,k,N,msd,prelec_gamma,s
0,0,True,2,1200,0.030980685602,0.987553993577,6.99014621895
1,1,True,2,1200,0.030980685602,0.987553992682,6.99014626482
2,2,True,2,1200,0.030980685602,0.987553996036,6.99014611153
