,iteration,success,k,N,msd,prelec_gamma,s
0,0,True,2,1200,0.0424968713286,0.672782478055,4.20230835719
1,1,True,2,1200,0.0424968713286,0.672782480062,4.20230830225
2,2,True,2,1200,0.191375,1.96801506731,1.46549439251e-14
