,iteration,success,k,N,msd,prelec_gamma,s
0,0,True,2,1200,0.0389991054905,0.680076653374,5.24221953887
1,1,True,2,1200,0.0389991054905,0.680076649225,5.24221931606
2,2,True,2,1200,0.192708333333,1.90200091622,4.34596899724e-16
