,iteration,success,k,N,msd,prelec_gamma,s
0,0,True,2,1200,0.217625,2.6137406892,5.41233724505e-16
1,1,True,2,1200,0.0143208316019,0.671167587132,22.5535296138
2,2,True,2,1200,0.217625,2.73182045031,1.09943108462e-16
