,iteration,success,k,N,msd,prelec_gamma,s
0,0,True,2,1200,0.206666666667,2.42709775953,3.44169137634e-15
1,1,True,2,1200,0.0313989077928,0.66357288398,8.67014768526
2,2,True,2,1200,0.206666666667,1.99250126014,7.54951656745e-15
