,iteration,success,k,N,msd,prelec_gamma,s
0,0,True,2,1200,0.191791666667,2.75994774769,5.01141144727e-13
1,1,True,2,1200,0.191791666667,2.35982649345,7.97972798949e-16
2,2,True,2,1200,0.191791666667,1.98305957057,1.85897748896e-16
