,iteration,success,k,N,msd,prelec_gamma,s
0,0,True,2,1200,0.179583333333,2.54543934805,3.30611355709e-16
1,1,True,2,1200,0.0430252737587,0.667061304297,3.27946892438
2,2,True,2,1200,0.0430252737587,0.667061303552,3.27946895547
