,iteration,success,k,N,msd,prelec_gamma,s
0,0,True,2,1200,0.0372067881963,1.11100451988,4.94560224795
1,1,True,2,1200,0.0372067881963,1.11100452127,4.94560201903
2,2,True,2,1200,0.0372067881963,1.11100451981,4.94560216042
