,iteration,success,k,N,msd,prelec_gamma,s
0,0,True,2,1200,0.0516017967254,0.692027661853,4.45141204667
1,1,True,2,1200,0.0516017967254,0.692027662553,4.45141199587
2,2,True,2,1200,0.0516017967254,0.692027664066,4.4514120216
