,iteration,success,k,N,msd,prelec_gamma,s
0,0,True,2,1200,0.0186033875083,0.641182218805,8.76682165041
1,1,True,2,1200,0.0186033875083,0.641182223873,8.76682193739
2,2,True,2,1200,0.206333333333,2.80094201845,5.06229044456e-14
