,iteration,success,k,N,msd,prelec_gamma,s
0,0,True,2,1200,0.0440116384738,0.697359622037,3.93519949081
1,1,True,2,1200,0.0440116384738,0.697359619268,3.93519948505
2,2,True,2,1200,0.179458333333,2.06485893548,4.29053413136e-16
