,iteration,success,k,N,msd,prelec_gamma,s
0,0,True,2,1200,0.0315319785541,1.3549361662,9.99999999998
1,1,True,2,1200,0.031531978554,1.35493546882,10.0
2,2,True,2,1200,0.155166666667,0.509755152699,3.9495916744e-16
