,iteration,success,k,N,msd,prelec_gamma,s
0,0,True,2,1200,0.0240263319327,1.40910963417,9.99999999998
1,1,True,2,1200,0.0240263314951,1.40904145602,10.0
2,2,True,2,1200,0.184,0.0948675762008,6.38378239159e-15
