,iteration,success,k,N,msd,prelec_gamma,s
0,0,True,2,1200,0.047585304611,0.691934989288,3.85132007155
1,1,True,2,1200,0.047585304611,0.691934987956,3.85132010419
2,2,True,2,1200,0.047585304611,0.69193499189,3.85132016002
