,iteration,success,k,N,msd,prelec_gamma,s
0,0,True,2,1200,0.0357393099051,1.90698058723,10.0
1,1,True,2,1200,0.0357393099055,1.90698364975,9.99999999999
2,2,True,2,1200,0.163708333333,0.800478489009,4.97246048066e-15
