,iteration,success,k,N,msd,prelec_gamma,s
0,0,True,2,1200,0.0516253386899,0.698704557616,4.473789062
1,1,True,2,1200,0.194833333334,2.19015190858,6.1567426994e-12
2,2,True,2,1200,0.0516253386899,0.698704556183,4.47378900282
