,iteration,success,k,N,msd,prelec_gamma,s
0,0,True,2,1200,0.0394230314974,1.23870318665,8.2023516896
1,1,True,2,1200,0.0394230314974,1.23870319171,8.20235175997
2,2,True,2,1200,0.0394230314974,1.23870319253,8.20235212618
