,iteration,success,k,N,msd,prelec_gamma,s
0,0,True,2,1200,0.0266614267304,1.34587103314,10.0
1,1,True,2,1200,0.0266614267304,1.34587103039,10.0
2,2,False,2,1200,0.0266614267304,1.34587085565,10.0
