,iteration,success,k,N,msd,prelec_gamma,s
0,0,True,2,1200,0.0308965321532,1.89614589886,19.9999999976
1,1,True,2,1200,0.163958333333,0.0807327025433,2.24265050974e-14
2,2,True,2,1200,0.0309191005819,1.4878190083,20.0
