,iteration,success,k,N,msd,prelec_gamma,s
0,0,True,2,1200,0.0515218185578,0.708064731479,3.29306886353
1,1,True,2,1200,0.0515218185578,0.708064731663,3.29306884065
2,2,True,2,1200,0.0515218185578,0.70806473212,3.29306886594
