,iteration,success,k,N,msd,prelec_gamma,s
0,0,True,2,1200,0.157,0.28973281526,1.78300436655e-17
1,1,True,2,1200,0.0389689224062,1.91296071133,20.0
2,2,True,2,1200,0.0389689224062,1.91296057568,20.0
