,iteration,success,k,N,msd,prelec_gamma,s
0,0,True,2,1200,0.0184094196368,0.98080483666,15.4933897027
1,1,True,2,1200,0.0184094196368,0.980804838519,15.493390048
2,2,True,2,1200,0.0184094196368,0.980804838492,15.4933897722
