,iteration,success,k,N,msd,prelec_gamma,s
0,0,True,2,1200,0.0345695633853,1.14592278873,5.25654070434
1,1,True,2,1200,0.0345695633853,1.14592278381,5.25654064758
2,2,True,2,1200,0.0345695633853,1.14592278499,5.2565405194
