,iteration,success,k,N,msd,prelec_gamma,s
0,0,True,2,1200,0.041354754304,0.68400981824,6.66427981919
1,1,True,2,1200,0.199083333333,2.75600545156,4.74977854908e-16
2,2,True,2,1200,0.199083333333,2.25114146401,3.66373598126e-15
