,iteration,success,k,N,msd,prelec_gamma,s
0,0,True,2,1200,0.202958333333,2.09652270558,4.81046995973e-16
1,1,True,2,1200,0.202958333336,2.12322843586,3.63375729917e-11
2,2,True,2,1200,0.0430758222868,0.659180455291,5.16378499154
