,iteration,success,k,N,msd,prelec_gamma,s
0,0,True,2,1200,0.045607027724,1.04271401496,3.67267411744
1,1,True,2,1200,0.045607027724,1.04271401623,3.67267394629
2,2,True,2,1200,0.045607027724,1.04271401553,3.67267410576
