,iteration,success,k,N,msd,prelec_gamma,s
0,0,True,2,1200,0.215208333333,2.01189033765,2.6645352591e-14
1,1,True,2,1200,0.00980102324713,0.62025917186,8.89506170344
2,2,True,2,1200,0.00980102324713,0.620259173298,8.89506199697
