,iteration,success,k,N,msd,prelec_gamma,s
0,0,True,2,1200,0.178333333333,2.57988456033,1.11022302463e-15
1,1,True,2,1200,0.047061239976,0.707473944501,3.45482863596
2,2,True,2,1200,0.047061239976,0.707473943882,3.45482859259
