,iteration,success,k,N,msd,prelec_gamma,s
0,0,True,2,1200,0.0330629441613,1.10805827459,3.93301885893
1,1,True,2,1200,0.0330629441613,1.10805828016,3.93301896168
2,2,True,2,1200,0.0330629441613,1.10805827738,3.93301885609
