,iteration,success,k,N,msd,prelec_gamma,s
0,0,True,2,1200,0.0353524624842,1.36806976282,9.99999999944
1,1,True,2,1200,0.0353524180097,1.36755397866,10.0
2,2,True,2,1200,0.0353524180097,1.3675539714,10.0
