,iteration,success,k,N,msd,prelec_gamma,s
0,0,True,2,1200,0.187833333333,1.96172975213,2.96049432331e-16
1,1,True,2,1200,0.0516025504535,0.716950466665,4.08746840894
2,2,True,2,1200,0.0516025504535,0.716950463734,4.08746819725
