,iteration,success,k,N,msd,prelec_gamma,s
0,0,True,2,1200,0.0452994170529,0.67595776438,5.09772154097
1,1,True,2,1200,0.199125000001,2.13000529147,2.23087503175e-11
2,2,True,2,1200,0.199125,2.60320246962,1.44328993201e-15
