,iteration,success,k,N,msd,prelec_gamma,s
0,0,True,2,1200,0.0266897228276,0.668138280613,10.0
1,1,True,2,1200,0.0266897228276,0.668138264255,10.0
2,2,True,2,1200,0.0266925076803,0.669096915981,9.99999999826
