,iteration,success,k,N,msd,prelec_gamma,s
0,0,True,2,1200,0.0273631117596,1.48737451737,10.0
1,1,True,2,1200,0.0273631117596,1.48737448534,10.0
2,2,True,2,1200,0.0273631117831,1.48742379862,9.99999999999
