,iteration,success,k,N,msd,prelec_gamma,s
0,0,True,2,1200,0.199583333336,2.18536875288,4.36616543965e-11
1,1,True,2,1200,0.0348859635964,0.666882371755,6.51493837643
2,2,True,2,1200,0.199583333333,2.18196765559,5.8864909894e-16
