,iteration,success,k,N,msd,prelec_gamma,s
0,0,True,2,1200,0.109875,0.388286206961,1.44328993201e-14
1,1,True,2,1200,0.0426383937384,1.19185914132,3.34803016168
2,2,True,2,1200,0.0426383937384,1.19185914628,3.34803010427
