,iteration,success,k,N,msd,prelec_gamma,s
0,0,True,2,1200,0.0374128928242,1.11757747635,3.6731683134
1,1,True,2,1200,0.0374128928242,1.11757748114,3.67316829839
2,2,True,2,1200,0.0374128928242,1.11757748006,3.67316830838
