,iteration,success,k,N,msd,prelec_gamma,s
0,0,True,2,1200,0.0354849270657,1.01186102497,5.30172831073
1,1,True,2,1200,0.0354849270657,1.01186102587,5.30172832609
2,2,True,2,1200,0.0354849270657,1.01186102926,5.30172837532
