,iteration,success,k,N,msd,prelec_gamma,s
0,0,True,2,1200,0.0380949834749,1.32976902487,10.0
1,1,True,2,1200,0.0380949834749,1.32976901777,10.0
2,2,True,2,1200,0.0380949834967,1.32977643799,9.99999999998
