,iteration,success,k,N,msd,prelec_gamma,s
0,0,True,2,1200,0.0199163565272,0.977196773801,13.4867240358
1,1,True,2,1200,0.0199163565272,0.977196770933,13.4867240432
2,2,True,2,1200,0.0199163565272,0.977196773563,13.4867242537
