,iteration,success,k,N,msd,prelec_gamma,s
0,0,True,2,1200,0.0348692345315,1.04437866475,5.8402250178
1,1,True,2,1200,0.0348692345315,1.04437866215,5.84022493559
2,2,True,2,1200,0.0348692345315,1.0443786645,5.84022515637
