,iteration,success,k,N,msd,prelec_gamma,s
0,0,True,2,1200,0.0403913551635,0.670599398287,6.5893149733
1,1,True,2,1200,0.0403913551635,0.670599402352,6.58931568021
2,2,True,2,1200,0.201166666667,2.79769210868,4.91295928408e-13
