,iteration,success,k,N,msd,prelec_gamma,s
0,0,True,2,1200,0.0323285338083,2.15175528613,10.0
1,1,True,2,1200,0.0323285338083,2.1517552157,10.0
2,2,True,2,1200,0.0323285338083,2.15175529063,10.0
