,iteration,success,k,N,msd,prelec_gamma,s
0,0,True,2,1200,0.195625,0.122167147152,1.6780347222e-18
1,1,True,2,1200,0.0145693877837,1.30142248626,30.0
2,2,True,2,1200,0.0145693877837,1.3014224968,30.0
