,iteration,success,k,N,msd,prelec_gamma,s
0,0,True,2,1200,0.0412805971201,1.1701171328,3.85475940219
1,1,True,2,1200,0.0412805971201,1.17011713635,3.85475926004
2,2,True,2,1200,0.0412805971201,1.17011714335,3.85475930696
