,iteration,success,k,N,msd,prelec_gamma,s
0,0,True,2,1200,0.0491067749123,0.700603822811,3.06806116494
1,1,True,2,1200,0.172791666667,1.9320697285,3.77475828373e-15
2,2,True,2,1200,0.0491067749123,0.700603822502,3.06806111259
