,iteration,success,k,N,msd,prelec_gamma,s
0,0,True,2,1200,0.0390274338432,1.90821083786,10.0
1,1,True,2,1200,0.0390274338432,1.90821085819,10.0
2,2,True,2,1200,0.0390274338432,1.90821084786,10.0
