,iteration,success,k,N,msd,prelec_gamma,s
0,0,True,2,1200,0.0222138644517,0.660306734759,11.4962360757
1,1,True,2,1200,0.0222138644517,0.660306728084,11.4962344384
2,2,True,2,1200,0.20537500001,2.85201436121,1.02911184079e-10
