,iteration,success,k,N,msd,prelec_gamma,s
0,0,True,2,1200,0.0190845650931,1.31634499231,20.0
1,1,True,2,1200,0.180958333333,0.476815370735,2.97393961371e-16
2,2,True,2,1200,0.0190845650931,1.316344991,20.0
