,iteration,success,k,N,msd,prelec_gamma,s
0,0,True,2,1200,0.0465752230356,0.667633792627,4.49324197542
1,1,True,2,1200,0.0465752230356,0.667633795512,4.49324228036
2,2,True,2,1200,0.0465752230356,0.667633790635,4.49324209686
