,iteration,success,k,N,msd,prelec_gamma,s
0,0,True,2,1200,0.0352214755513,1.98708328156,9.99999999938
1,1,True,2,1200,0.175541666667,0.377856620591,5.38042920651e-17
2,2,True,2,1200,0.0352214609294,1.98762166258,10.0
