,iteration,success,k,N,msd,prelec_gamma,s
0,0,True,2,1200,0.054745450381,0.712582591435,3.31981832337
1,1,True,2,1200,0.054745450381,0.712582591266,3.31981839856
2,2,True,2,1200,0.175208333334,2.15102685163,2.11299163471e-11
