,iteration,success,k,N,msd,prelec_gamma,s
0,0,True,2,1200,0.201458333333,2.62650488147,1.10265011178e-16
1,1,True,2,1200,0.0252088032953,0.674566099226,12.5104209285
2,2,True,2,1200,0.0252088032953,0.674566098424,12.5104204269
