,iteration,success,k,N,msd,prelec_gamma,s
0,0,True,2,1200,0.0311328810046,1.93753803077,20.0
1,1,True,2,1200,0.163916666667,0.225594117854,7.85033852489e-17
2,2,True,2,1200,0.0311328810046,1.93753811189,20.0
