,iteration,success,k,N,msd,prelec_gamma,s
0,0,True,2,1200,0.195083333333,2.53878355792,6.32827124036e-15
1,1,True,2,1200,0.040221286969,0.687816223413,4.87654118143
2,2,True,2,1200,0.195083333333,2.18596718437,4.96431800608e-16
