,iteration,success,k,N,msd,prelec_gamma,s
0,0,True,2,1200,0.031724280014,2.08265082873,10.0
1,1,True,2,1200,0.031724280014,2.0826509045,10.0
2,2,True,2,1200,0.0317242800159,2.08264659399,9.99999999996
