,iteration,success,k,N,msd,prelec_gamma,s
0,0,True,2,1200,0.0382045618945,1.35548761676,10.0
1,1,True,2,1200,0.0386421499828,1.87078387154,10.0
2,2,True,2,1200,0.174333333333,0.368951888881,3.74776349223e-17
