,iteration,success,k,N,msd,prelec_gamma,s
0,0,True,2,1200,0.0282438088847,1.30506269476,20.0
1,1,True,2,1200,0.0282438088847,1.30506270113,20.0
2,2,True,2,1200,0.0282438088847,1.30506270161,20.0
