,iteration,success,k,N,msd,prelec_gamma,s
0,0,True,2,1200,0.0284767799053,1.32155887719,10.0
1,1,True,2,1200,0.0284767799053,1.32155887035,10.0
2,2,True,2,1200,0.0284767799053,1.32155887725,10.0
