,iteration,success,k,N,msd,prelec_gamma,s
0,0,True,2,1200,0.0376680570374,1.06503903951,4.83633467353
1,1,True,2,1200,0.0376680570374,1.06503904023,4.83633472161
2,2,True,2,1200,0.0376680570374,1.0650390415,4.83633446898
