,iteration,success,k,N,msd,prelec_gamma,s
0,0,True,2,1200,0.0292163816334,0.66846889226,9.99999999909
1,1,True,2,1200,0.029216381483,0.668476382727,9.99999999999
2,2,True,2,1200,0.200291666682,2.87479370127,1.77012427738e-10
