,iteration,success,k,N,msd,prelec_gamma,s
0,0,True,2,1200,0.0499039928735,0.669491945302,3.42706506096
1,1,True,2,1200,0.0499039928735,0.669491948588,3.427065067
2,2,True,2,1200,0.0499039928735,0.669491945479,3.4270650872
