,iteration,success,k,N,msd,prelec_gamma,s
0,0,True,2,1200,0.0151431883785,1.2900597601,28.8445251697
1,1,True,2,1200,0.0151431883785,1.29005975761,28.8445237674
2,2,True,2,1200,0.0151431883785,1.29005975463,28.8445258273
