,iteration,success,k,N,msd,prelec_gamma,s
0,0,True,2,1200,0.029691192092,1.35358345983,10.0
1,1,True,2,1200,0.029691192092,1.35358347624,10.0
2,2,True,2,1200,0.0296911920936,1.35358073317,10.0
