,iteration,success,k,N,msd,prelec_gamma,s
0,0,True,2,1200,0.0545211964724,0.696028190428,3.32451001577
1,1,True,2,1200,0.182,2.69911973817,1.07612058135e-15
2,2,True,2,1200,0.0545211964724,0.696028192457,3.32451007031
