,iteration,success,k,N,msd,prelec_gamma,s
0,0,True,2,1200,0.198708333343,2.86179031341,1.26055471604e-10
1,1,True,2,1200,0.0379794983943,0.666623881377,6.38317849532
2,2,True,2,1200,0.0379794983943,0.666623880041,6.38317884058
