,iteration,success,k,N,msd,prelec_gamma,s
0,0,True,2,1200,0.205000000001,2.16324000281,1.09266622144e-11
1,1,True,2,1200,0.0325509874078,0.666475450891,10.0
2,2,True,2,1200,0.0325509874078,0.666475465171,9.99999999998
