,iteration,success,k,N,msd,prelec_gamma,s
0,0,True,2,1200,0.194083333337,2.18824293856,7.79237902015e-11
1,1,True,2,1200,0.0470855559931,0.688712923311,4.10638898243
2,2,True,2,1200,0.194083333333,2.79523615897,9.55296040661e-13
