,iteration,success,k,N,msd,prelec_gamma,s
0,0,True,2,1200,0.0326471227928,1.07747795961,5.44334320173
1,1,True,2,1200,0.0326471227928,1.07747795641,5.44334340357
2,2,True,2,1200,0.0326471227928,1.07747795765,5.4433429662
