,iteration,success,k,N,msd,prelec_gamma,s
0,0,True,2,1200,0.0285109711074,1.41324635546,10.0
1,1,True,2,1200,0.0285109711074,1.41324636345,10.0
2,2,True,2,1200,0.0285109711074,1.4132463482,10.0
