,iteration,success,k,N,msd,prelec_gamma,s
0,0,True,2,1200,0.0335753987227,0.993432777903,7.73348773342
1,1,True,2,1200,0.0335753987227,0.993432778528,7.73348762699
2,2,True,2,1200,0.0335753987227,0.993432775684,7.73348760212
