,iteration,success,k,N,msd,prelec_gamma,s
0,0,True,2,1200,0.0347465730587,0.98808460433,9.91057613571
1,1,True,2,1200,0.0347465730587,0.9880846067,9.91057629667
2,2,True,2,1200,0.0347465730587,0.9880846067,9.91057622231
