,iteration,success,k,N,msd,prelec_gamma,s
0,0,True,2,1200,0.0316552649122,2.0538842867,10.0
1,1,True,2,1200,0.0316552649122,2.05388429862,10.0
2,2,True,2,1200,0.0316552649122,2.05388429264,10.0
