,iteration,success,k,N,msd,prelec_gamma,s
0,0,True,2,1200,0.0236009080739,1.34901949728,10.0
1,1,True,2,1200,0.0236009080739,1.3490194413,10.0
2,2,True,2,1200,0.0236009080739,1.34901944949,10.0
