,iteration,success,k,N,msd,prelec_gamma,s
0,0,True,2,1200,0.186625,2.67518182541,3.78546959364e-14
1,1,True,2,1200,0.0593344998296,0.705566412556,3.68895212405
2,2,True,2,1200,0.0593344998296,0.705566413504,3.68895225862
