,iteration,success,k,N,msd,prelec_gamma,s
0,0,True,2,1200,0.0410470115667,0.668763897643,4.43961595552
1,1,True,2,1200,0.0410470115667,0.668763898301,4.43961610965
2,2,True,2,1200,0.187500000002,2.16050441936,2.46551178756e-11
