,iteration,success,k,N,msd,prelec_gamma,s
0,0,True,2,1200,0.172625,2.94869187165,1.74305722095e-17
1,1,True,2,1200,0.0543705085642,0.694786003829,2.94334724935
2,2,True,2,1200,0.0543705085642,0.694786008029,2.94334728715
