,iteration,success,k,N,msd,prelec_gamma,s
0,0,True,2,1200,0.0248029336852,1.44264642183,10.0
1,1,True,2,1200,0.179708333333,0.435336779262,4.16333634234e-15
2,2,True,2,1200,0.0248029336852,1.44264640935,10.0
