,iteration,success,k,N,msd,prelec_gamma,s
0,0,True,2,1200,0.0298832498699,0.993185241063,10.0
1,1,True,2,1200,0.0298832498699,0.99318522052,10.0
2,2,True,2,1200,0.0298832498699,0.993185232807,10.0
