,iteration,success,k,N,msd,prelec_gamma,s
0,0,True,2,1200,0.0390922866571,1.02441272161,6.69737105224
1,1,True,2,1200,0.0390922866571,1.02441272211,6.69737102781
2,2,True,2,1200,0.0390922866571,1.02441271956,6.69737058939
