,iteration,success,k,N,msd,prelec_gamma,s
0,0,True,2,1200,0.0226799527907,0.613966961494,6.91177493899
1,1,True,2,1200,0.0226799527907,0.613966963127,6.91177496597
2,2,True,2,1200,0.0226799527907,0.613966959555,6.9117750005
