,iteration,success,k,N,msd,prelec_gamma,s
0,0,True,2,1200,0.0128014815417,0.611475800816,8.75529776962
1,1,True,2,1200,0.0128014815417,0.611475802389,8.75529774766
2,2,True,2,1200,0.210208333333,2.74483323768,3.86715229945e-13
