,iteration,success,k,N,msd,prelec_gamma,s
0,0,True,2,1200,0.0303028500553,2.0809691703,9.99999999999
1,1,True,2,1200,0.186041666667,0.421291956212,7.99240653327e-17
2,2,True,2,1200,0.0303028500546,2.08097363878,10.0
