,iteration,success,k,N,msd,prelec_gamma,s
0,0,True,2,1200,0.0378069471282,1.87290107527,10.0
1,1,True,2,1200,0.0378069471409,1.87288470947,9.9999999998
2,2,True,2,1200,0.170208333333,0.591159256784,1.49791437875e-16
