,iteration,success,k,N,msd,prelec_gamma,s
0,0,True,2,1200,0.0366873335053,1.88118716586,9.99999999987
1,1,True,2,1200,0.0366873205083,1.88070709142,10.0
2,2,True,2,1200,0.0366873205081,1.88070360066,10.0
