,iteration,success,k,N,msd,prelec_gamma,s
0,0,True,2,1200,0.033153097446,1.92804520001,20.0
1,1,True,2,1200,0.033153097446,1.92804526216,20.0
2,2,True,2,1200,0.033153097446,1.928045237,20.0
