,iteration,success,k,N,msd,prelec_gamma,s
0,0,True,2,1200,0.0244706058385,1.27366760196,20.0
1,1,True,2,1200,0.0244706058385,1.27366759716,20.0
2,2,True,2,1200,0.0244706058385,1.27366760058,20.0
