,iteration,success,k,N,msd,prelec_gamma,s
0,0,True,2,1200,0.03809412523,0.672042884598,7.60763932553
1,1,True,2,1200,0.200583333333,2.31204335921,3.59454697084e-16
2,2,True,2,1200,0.03809412523,0.672042889592,7.60763942375
