,iteration,success,k,N,msd,prelec_gamma,s
0,0,True,2,1200,0.0390859014795,1.84408943287,10.0
1,1,True,2,1200,0.0390859014795,1.84408938571,10.0
2,2,False,2,1200,0.0390859014795,1.84408942102,10.0
