,iteration,success,k,N,msd,prelec_gamma,s
0,0,True,2,1200,0.050851766964,0.699457454901,3.79222587564
1,1,True,2,1200,0.184833333334,2.07158698436,2.93855002266e-11
2,2,True,2,1200,0.184833333333,2.78458357578,4.8944745427e-18
