,iteration,success,k,N,msd,prelec_gamma,s
0,0,True,2,1200,0.0400573994118,1.21156535936,8.27131176141
1,1,True,2,1200,0.0400573994118,1.21156536502,8.27131168129
2,2,True,2,1200,0.0400573994118,1.2115653587,8.27131155429
