,iteration,success,k,N,msd,prelec_gamma,s
0,0,True,2,1200,0.0457878386525,1.03737202982,4.10431579506
1,1,True,2,1200,0.0457878386525,1.03737203136,4.10431582645
2,2,True,2,1200,0.0457878386525,1.03737203248,4.10431563043
