,iteration,success,k,N,msd,prelec_gamma,s
0,0,True,2,1200,0.0244976071222,1.32066853348,20.0
1,1,True,2,1200,0.0244976071222,1.32066851287,20.0
2,2,True,2,1200,0.0244976071222,1.32066853396,20.0
