,iteration,success,k,N,msd,prelec_gamma,s
0,0,True,2,1200,0.0280886214634,1.33160299747,10.0
1,1,True,2,1200,0.174708333333,0.118528778955,1.18641062962e-16
2,2,True,2,1200,0.0280886214634,1.33160297354,10.0
