,iteration,success,k,N,msd,prelec_gamma,s
0,0,True,2,1200,0.0388007101307,0.650665094597,5.67829464292
1,1,True,2,1200,0.0388007101307,0.65066509378,5.67829500951
2,2,True,2,1200,0.20175,2.10628541904,1.36301455319e-16
