,iteration,success,k,N,msd,prelec_gamma,s
0,0,True,2,1200,0.0401460424352,0.695809774031,4.15747824874
1,1,True,2,1200,0.185291666667,2.45692981667,3.1918911958e-15
2,2,True,2,1200,0.0401460424352,0.6958097804,4.15747848031
