,iteration,success,k,N,msd,prelec_gamma,s
0,0,True,2,1200,0.037614144606,1.88301702993,10.0
1,1,True,2,1200,0.0376141446046,1.8830120613,10.0
2,2,True,2,1200,0.158333333333,0.541241544055,4.27435864481e-15
