,iteration,success,k,N,msd,prelec_gamma,s
0,0,True,2,1200,0.0425497868963,1.23197485631,7.65619041879
1,1,True,2,1200,0.118958333333,0.499044318818,1.19650847596e-16
2,2,True,2,1200,0.0425497868963,1.2319748608,7.65619022802
