,iteration,success,k,N,msd,prelec_gamma,s
0,0,True,2,1200,0.0374313422936,1.19225155301,3.73410428208
1,1,True,2,1200,0.0374313422936,1.19225155827,3.73410441805
2,2,True,2,1200,0.0374313422936,1.19225155653,3.73410443367
