,iteration,success,k,N,msd,prelec_gamma,s
0,0,True,2,1200,0.0439386326495,1.22367515696,7.39684976231
1,1,True,2,1200,0.0439386326495,1.22367515547,7.39685038102
2,2,True,2,1200,0.0439386326495,1.22367516573,7.39684969661
