,iteration,success,k,N,msd,prelec_gamma,s
0,0,True,2,1200,0.0425553849387,2.19120308403,10.0
1,1,True,2,1200,0.164791666667,0.784380088078,3.66373598126e-15
2,2,True,2,1200,0.0425553849387,2.19120273447,10.0
