,iteration,success,k,N,msd,prelec_gamma,s
0,0,True,2,1200,0.175833333333,2.61439772463,1.05032292988e-16
1,1,True,2,1200,0.0487176258888,0.703603331707,3.20877365755
2,2,True,2,1200,0.0487176258888,0.703603335611,3.20877379422
