,iteration,success,k,N,msd,prelec_gamma,s
0,0,True,2,1200,0.180333333333,0.655611218245,8.16497497476e-13
1,1,True,2,1200,0.0291171037801,1.37555153569,10.0
2,2,True,2,1200,0.0291171042609,1.37548827295,9.99999999998
