,iteration,success,k,N,msd,prelec_gamma,s
0,0,True,2,1200,0.0367718382168,0.675909160786,6.37906104707
1,1,True,2,1200,0.0367718382168,0.675909161941,6.37906108097
2,2,True,2,1200,0.0367718382168,0.675909163122,6.3790611659
