,iteration,success,k,N,msd,prelec_gamma,s
0,0,True,2,1200,0.0515089376418,0.699181028154,3.64181000265
1,1,True,2,1200,0.0515089376418,0.699181022935,3.64180992084
2,2,True,2,1200,0.0515089376418,0.699181024799,3.64180992093
