,iteration,success,k,N,msd,prelec_gamma,s
0,0,True,2,1200,0.0404800997821,1.08508773282,3.75599530637
1,1,True,2,1200,0.0404800997821,1.08508773129,3.75599538655
2,2,True,2,1200,0.097125,0.189561335211,4.83969373771e-16
