,iteration,success,k,N,msd,prelec_gamma,s
0,0,True,2,1200,0.21416666683,2.25107839751,1.62700637476e-09
1,1,True,2,1200,0.214166666671,2.12070868749,4.35250152305e-11
2,2,True,2,1200,0.214166666667,2.29164577106,1.21774278612e-16
