,iteration,success,k,N,msd,prelec_gamma,s
0,0,True,2,1200,0.0292905667326,0.988506363179,12.0217314765
1,1,True,2,1200,0.0292905667326,0.988506360829,12.0217324463
2,2,True,2,1200,0.0292905667326,0.988506364881,12.0217331242
