,iteration,success,k,N,msd,prelec_gamma,s
0,0,True,2,1200,0.0372642839548,1.11260287385,4.75079675923
1,1,True,2,1200,0.0372642839548,1.11260286819,4.75079693
2,2,True,2,1200,0.0372642839548,1.1126028789,4.75079678223
