,iteration,success,k,N,msd,prelec_gamma,s
0,0,True,2,1200,0.155958333333,0.0219883495324,2.27116803692e-17
1,1,True,2,1200,0.0401002031615,1.38129354874,10.0
2,2,True,2,1200,0.0401002031615,1.38129353643,10.0
