,iteration,success,k,N,msd,prelec_gamma,s
0,0,True,2,1200,0.0191074431552,0.984587031348,14.0016633866
1,1,True,2,1200,0.0191074431552,0.98458703589,14.0016634055
2,2,True,2,1200,0.0191074431552,0.98458703153,14.0016624522
