,iteration,success,k,N,msd,prelec_gamma,s
0,0,True,2,1200,0.0335667178204,1.36646940874,10.0
1,1,True,2,1200,0.0335667178201,1.36647136314,10.0
2,2,True,2,1200,0.0335667178201,1.3664710351,10.0
