,iteration,success,k,N,msd,prelec_gamma,s
0,0,True,2,1200,0.0527981050454,1.21733175067,6.29380800726
1,1,True,2,1200,0.0527981050454,1.21733174768,6.29380785343
2,2,True,2,1200,0.0527981050454,1.21733174688,6.29380816097
