,iteration,success,k,N,msd,prelec_gamma,s
0,0,True,2,1200,0.0337306631443,1.37363485622,10.0
1,1,True,2,1200,0.0337306631443,1.37363486441,10.0
2,2,True,2,1200,0.0337306631536,1.37364236098,9.99999999997
