,iteration,success,k,N,msd,prelec_gamma,s
0,0,True,2,1200,0.0275839174657,0.991190277141,10.0
1,1,True,2,1200,0.0275839174657,0.991190286734,10.0
2,2,True,2,1200,0.0275839174657,0.991190264088,10.0
