,iteration,success,k,N,msd,prelec_gamma,s
0,0,True,2,1200,0.181708333333,2.28204881225,2.08166817117e-15
1,1,True,2,1200,0.181708333333,2.75473451362,2.73561700283e-13
2,2,True,2,1200,0.0455719034626,0.693973039806,3.58712754918
