,iteration,success,k,N,msd,prelec_gamma,s
0,0,True,2,1200,0.0392819375638,1.14484861215,5.50062555183
1,1,True,2,1200,0.112208333333,0.445730857196,3.51182062855e-17
2,2,True,2,1200,0.0392819375638,1.14484860587,5.50062562108
