,iteration,success,k,N,msd,prelec_gamma,s
0,0,True,2,1200,0.0332562018405,0.671770873364,9.99999999994
1,1,True,2,1200,0.0332562018702,0.671767655948,9.99999999881
2,2,True,2,1200,0.202333333333,2.87087170443,1.20281364972e-16
