,iteration,success,k,N,msd,prelec_gamma,s
0,0,True,2,1200,0.0378275260036,1.99184162968,10.0
1,1,True,2,1200,0.0378275260037,1.99184063638,10.0
2,2,True,2,1200,0.0378275260036,1.99184166378,10.0
