,iteration,success,k,N,msd,prelec_gamma,s
0,0,True,2,1200,0.0157707131148,1.30048438725,28.0337435929
1,1,True,2,1200,0.0157707131148,1.30048438823,28.0337423654
2,2,True,2,1200,0.0157707131148,1.30048438856,28.0337428916
