,iteration,success,k,N,msd,prelec_gamma,s
0,0,True,2,1200,0.0361691146658,0.669118245303,5.62582897783
1,1,True,2,1200,0.194208333333,1.99571924636,2.07611705605e-14
2,2,True,2,1200,0.0361691146658,0.669118240778,5.62582895964
