,iteration,success,k,N,msd,prelec_gamma,s
0,0,True,2,1200,0.0353429715597,1.27659809116,19.6243077939
1,1,True,2,1200,0.0353429715597,1.27659809569,19.6243086543
2,2,True,2,1200,0.0353429715597,1.27659809173,19.6243051943
