,iteration,success,k,N,msd,prelec_gamma,s
0,0,True,2,1200,0.0462377597874,1.05142883016,6.08387439632
1,1,True,2,1200,0.0462377597874,1.05142882801,6.08387476253
2,2,True,2,1200,0.0462377597874,1.05142882893,6.0838751118
