,iteration,success,k,N,msd,prelec_gamma,s
0,0,True,2,1200,0.0335097786599,1.97362763302,10.0
1,1,True,2,1200,0.0335097786599,1.97362762801,10.0
2,2,True,2,1200,0.0335097786699,1.9736414597,9.99999999998
