,iteration,success,k,N,msd,prelec_gamma,s
0,0,True,2,1200,0.0177158470748,0.991380224786,16.1711036829
1,1,True,2,1200,0.0177158470748,0.991380225819,16.17110394
2,2,True,2,1200,0.0177158470748,0.991380225862,16.171103537
