,iteration,success,k,N,msd,prelec_gamma,s
0,0,True,2,1200,0.0292817638913,0.653485266773,7.3923667247
1,1,True,2,1200,0.0292817638913,0.653485261593,7.39236608651
2,2,True,2,1200,0.0292817638913,0.653485259708,7.3923657331
