,iteration,success,k,N,msd,prelec_gamma,s
0,0,True,2,1200,0.0329919568001,0.648930391289,4.38865592758
1,1,True,2,1200,0.0329919568001,0.648930389585,4.38865588211
2,2,True,2,1200,0.191333333351,2.85473249198,2.05888304899e-10
