,iteration,success,k,N,msd,prelec_gamma,s
0,0,True,2,1200,0.0402457804414,0.680794164562,4.02341014417
1,1,True,2,1200,0.0402457804414,0.680794165083,4.02341007155
2,2,True,2,1200,0.188583333333,2.1425781461,7.97972798949e-16
