,iteration,success,k,N,msd,prelec_gamma,s
0,0,True,2,1200,0.0437810796888,0.691255112724,4.72446928143
1,1,True,2,1200,0.193166666667,2.4170348864,8.74300631892e-15
2,2,True,2,1200,0.0437810796888,0.69125511186,4.72446897389
