,iteration,success,k,N,msd,prelec_gamma,s
0,0,True,2,1200,0.02369345949,0.639726965134,9.56681207511
1,1,True,2,1200,0.02369345949,0.639726955915,9.56681188851
2,2,True,2,1200,0.02369345949,0.639726960961,9.56681181295
