,iteration,success,k,N,msd,prelec_gamma,s
0,0,True,2,1200,0.19425,2.88465204196,2.88384125326e-16
1,1,True,2,1200,0.0418522587188,0.673892055739,4.74216661436
2,2,True,2,1200,0.0418522587188,0.673892057359,4.74216662795
