,iteration,success,k,N,msd,prelec_gamma,s
0,0,True,2,1200,0.207041666667,2.81506560569,1.80884109612e-16
1,1,True,2,1200,0.207041666669,2.11764095832,3.50102592776e-11
2,2,True,2,1200,0.207041666667,2.00571791219,2.27595720048e-14
