,iteration,success,k,N,msd,prelec_gamma,s
0,0,True,2,1200,0.175041666667,0.323607328327,1.31754481729e-16
1,1,True,2,1200,0.0216606209285,1.30409272292,19.9999999994
2,2,True,2,1200,0.0216606209071,1.30409765841,20.0
