,iteration,success,k,N,msd,prelec_gamma,s
0,0,True,2,1200,0.0415621329304,1.18326460269,3.22201534307
1,1,True,2,1200,0.0415621329304,1.1832645959,3.22201552587
2,2,True,2,1200,0.0415621329304,1.18326461093,3.22201508606
