,iteration,success,k,N,msd,prelec_gamma,s
0,0,True,2,1200,0.213666666667,2.43006170476,1.5959455979e-16
1,1,True,2,1200,0.00754243482878,0.638798680116,10.2355536304
2,2,True,2,1200,0.213666666667,2.66343294723,1.10952740795e-15
