,iteration,success,k,N,msd,prelec_gamma,s
0,0,True,2,1200,0.0445606297254,0.671562049112,4.01263413778
1,1,True,2,1200,0.0445606297254,0.671562047297,4.01263402427
2,2,True,2,1200,0.0445606297254,0.671562049968,4.0126341427
