,iteration,success,k,N,msd,prelec_gamma,s
0,0,True,2,1200,0.0242282948053,0.98771879711,9.99999999996
1,1,True,2,1200,0.0242282948053,0.987718809357,9.99999999999
2,2,True,2,1200,0.0242282948053,0.987718817602,9.99999999997
