,iteration,success,k,N,msd,prelec_gamma,s
0,0,True,2,1200,0.0186436974694,0.997246011435,18.1156668684
1,1,True,2,1200,0.0186436974694,0.997246010938,18.1156664345
2,2,True,2,1200,0.0186436974694,0.997246011246,18.1156673614
