,iteration,success,k,N,msd,prelec_gamma,s
0,0,True,2,1200,0.0235121062545,1.29648089761,20.0
1,1,True,2,1200,0.0235121062545,1.29648085878,20.0
2,2,True,2,1200,0.0235121062545,1.2964808959,20.0
