,iteration,success,k,N,msd,prelec_gamma,s
0,0,True,2,1200,0.0533613137011,0.708977796346,3.24988320999
1,1,True,2,1200,0.175333333333,2.65321742014,7.1054273576e-15
2,2,True,2,1200,0.0533613137011,0.708977792495,3.24988313558
