,iteration,success,k,N,msd,prelec_gamma,s
0,0,True,2,1200,0.213125,2.90901559577,9.99058334159e-17
1,1,True,2,1200,0.0141269630355,0.607493446122,9.47224154412
2,2,True,2,1200,0.213125000023,2.89262542047,1.9418618847e-10
