,iteration,success,k,N,msd,prelec_gamma,s
0,0,True,2,1200,0.0417609775198,1.13318559055,4.02183506819
1,1,True,2,1200,0.0417609775198,1.133185584,4.02183508914
2,2,True,2,1200,0.0417609775198,1.1331855854,4.02183507352
