,iteration,success,k,N,msd,prelec_gamma,s
0,0,True,2,1200,0.0338203767142,1.0799950654,6.90105135762
1,1,True,2,1200,0.0338203767142,1.07999506472,6.90105158581
2,2,True,2,1200,0.0338203767142,1.07999506827,6.90105102092
