,iteration,success,k,N,msd,prelec_gamma,s
0,0,True,2,1200,0.163041666667,0.431155468105,8.881784197e-16
1,1,True,2,1200,0.0330601142916,1.40549783531,20.0
2,2,True,2,1200,0.0330601142916,1.40549800687,20.0
