,iteration,success,k,N,msd,prelec_gamma,s
0,0,True,2,1200,0.0281966226518,1.85810941031,20.0
1,1,True,2,1200,0.162291666667,0.725727681985,2.21399820737e-12
2,2,True,2,1200,0.162291666667,0.284258615832,5.66539536311e-17
