,iteration,success,k,N,msd,prelec_gamma,s
0,0,True,2,1200,0.0474475842148,0.693712761543,4.63567152061
1,1,True,2,1200,0.194166666667,2.00055539598,4.54499123989e-16
2,2,True,2,1200,0.0474475842148,0.693712762888,4.63567157637
