,iteration,success,k,N,msd,prelec_gamma,s
0,0,True,2,1200,0.0308153584573,1.4723709976,10.0
1,1,True,2,1200,0.0308153584573,1.47237096562,10.0
2,2,True,2,1200,0.174791666667,0.197428291625,7.13944254724e-18
