,iteration,success,k,N,msd,prelec_gamma,s
0,0,True,2,1200,0.0399962290527,0.675394573076,4.50349128619
1,1,True,2,1200,0.190083333335,2.16117641424,3.28281345678e-11
2,2,True,2,1200,0.0399962290527,0.675394571235,4.50349107101
