,iteration,success,k,N,msd,prelec_gamma,s
0,0,True,2,1200,0.0304059098895,1.91184318885,20.0
1,1,True,2,1200,0.0304059098895,1.91184318712,20.0
2,2,True,2,1200,0.0304059098895,1.91184317435,20.0
