,iteration,success,k,N,msd,prelec_gamma,s
0,0,True,2,1200,0.0187084650014,0.997473730127,18.1329365533
1,1,True,2,1200,0.0187084650014,0.997473733382,18.1329353744
2,2,True,2,1200,0.0187084650014,0.997473729404,18.1329361921
