,iteration,success,k,N,msd,prelec_gamma,s
0,0,True,2,1200,0.0410412000667,1.08480152915,4.66583155845
1,1,True,2,1200,0.0410412000667,1.08480153108,4.66583155993
2,2,True,2,1200,0.0410412000667,1.08480153222,4.66583154169
