,iteration,success,k,N,msd,prelec_gamma,s
0,0,True,2,1200,0.0320202580703,1.99554961985,10.0
1,1,True,2,1200,0.0320202580703,1.99554966298,10.0
2,2,True,2,1200,0.0320202580705,1.99555100141,9.99999999998
