,iteration,success,k,N,msd,prelec_gamma,s
0,0,True,2,1200,0.201375,2.83689091744,1.17456039878e-13
1,1,True,2,1200,0.0366349073107,0.650808221842,6.86363338557
2,2,True,2,1200,0.201375,2.8113091831,1.46117304679e-17
