,iteration,success,k,N,msd,prelec_gamma,s
0,0,True,2,1200,0.0512159656325,0.707093311683,4.03409903686
1,1,True,2,1200,0.191458333333,2.57667639412,7.33461516983e-17
2,2,True,2,1200,0.0512159656325,0.707093318157,4.03409906043
