,iteration,success,k,N,msd,prelec_gamma,s
0,0,True,2,1200,0.048081940807,0.711329219555,3.43938293787
1,1,True,2,1200,0.048081940807,0.711329223342,3.43938302263
2,2,True,2,1200,0.048081940807,0.711329223563,3.43938301911
