,iteration,success,k,N,msd,prelec_gamma,s
0,0,True,2,1200,0.0317275684519,0.658044901594,7.29213258654
1,1,True,2,1200,0.0317275684519,0.658044902486,7.29213285293
2,2,True,2,1200,0.0317275684519,0.658044901573,7.29213297283
