,iteration,success,k,N,msd,prelec_gamma,s
0,0,True,2,1200,0.0170399502184,1.30542548269,27.0265047138
1,1,True,2,1200,0.0170399502184,1.30542547347,27.0265011021
2,2,True,2,1200,0.0170399502184,1.3054254765,27.0264995078
