,iteration,success,k,N,msd,prelec_gamma,s
0,0,True,2,1200,0.0430927868993,0.673811459248,3.73176046182
1,1,True,2,1200,0.0430927868993,0.673811464103,3.73176063064
2,2,True,2,1200,0.185125000001,2.19018092838,2.53378301263e-11
