,iteration,success,k,N,msd,prelec_gamma,s
0,0,True,2,1200,0.0335697377003,1.85871869826,10.0
1,1,True,2,1200,0.0335697377003,1.8587186402,10.0
2,2,True,2,1200,0.0335697377005,1.85872062928,10.0
