,iteration,success,k,N,msd,prelec_gamma,s
0,0,True,2,1200,0.0508303969334,0.690676510047,3.47053684058
1,1,True,2,1200,0.0508303969334,0.690676506342,3.47053683226
2,2,True,2,1200,0.0508303969334,0.690676504581,3.47053674974
