,iteration,success,k,N,msd,prelec_gamma,s
0,0,True,2,1200,0.0313763081641,0.6524415923,7.37246909778
1,1,True,2,1200,0.202958333384,2.17978421927,7.05329968688e-10
2,2,True,2,1200,0.0313763081641,0.652441591958,7.37246879032
