,iteration,success,k,N,msd,prelec_gamma,s
0,0,True,2,1200,0.038322141908,1.01394258311,4.91842155086
1,1,True,2,1200,0.038322141908,1.01394257869,4.91842187461
2,2,True,2,1200,0.038322141908,1.01394258215,4.91842169756
