,iteration,success,k,N,msd,prelec_gamma,s
0,0,True,2,1200,0.0433383437767,1.25943898167,7.12597221293
1,1,True,2,1200,0.0433383437767,1.25943897663,7.12597252489
2,2,True,2,1200,0.0433383437767,1.25943898764,7.12597167271
