,iteration,success,k,N,msd,prelec_gamma,s
0,0,True,2,1200,0.0329102750038,1.37159074223,10.0
1,1,True,2,1200,0.0329102750038,1.37159067511,10.0
2,2,True,2,1200,0.0329102750038,1.3715906947,10.0
