,iteration,success,k,N,msd,prelec_gamma,s
0,0,True,2,1200,0.0317999864523,1.0119918698,4.56876187554
1,1,True,2,1200,0.0317999864523,1.01199186971,4.56876196894
2,2,True,2,1200,0.0317999864523,1.01199186993,4.56876171044
