,iteration,success,k,N,msd,prelec_gamma,s
0,0,True,2,1200,0.0274964107242,1.35058163694,10.0
1,1,True,2,1200,0.0274964107242,1.35058153663,10.0
2,2,True,2,1200,0.0274964107242,1.35058173809,10.0
