,iteration,success,k,N,msd,prelec_gamma,s
0,0,True,2,1200,0.0132658497108,0.635316173868,8.28086282226
1,1,True,2,1200,0.0132658497108,0.635316171875,8.2808630143
2,2,True,2,1200,0.20675,2.48527558907,2.99760216649e-15
