,iteration,success,k,N,msd,prelec_gamma,s
0,0,True,2,1200,0.0451888515137,1.05753966619,4.44341172439
1,1,True,2,1200,0.0451888515137,1.05753966455,4.44341173968
2,2,True,2,1200,0.0451888515137,1.05753966382,4.44341176951
