,iteration,success,k,N,msd,prelec_gamma,s
0,0,True,2,1200,0.0259815468694,1.29664652744,20.0
1,1,True,2,1200,0.167625,0.278477264279,6.34218019888e-17
2,2,True,2,1200,0.0259815468694,1.29664654885,20.0
