,iteration,success,k,N,msd,prelec_gamma,s
0,0,True,2,1200,0.0235861843151,1.33016573983,20.0
1,1,True,2,1200,0.0235861843151,1.33016586077,20.0
2,2,True,2,1200,0.0235861843151,1.33016588429,20.0
