,iteration,success,k,N,msd,prelec_gamma,s
0,0,True,2,1200,0.0370135959807,1.87102182883,10.0
1,1,True,2,1200,0.0357866656004,1.34793768545,10.0
2,2,True,2,1200,0.0370135959807,1.87102182402,10.0
