,iteration,success,k,N,msd,prelec_gamma,s
0,0,True,2,1200,0.032917901133,1.43514908842,20.0
1,1,True,2,1200,0.032917901133,1.43514910696,20.0
2,2,True,2,1200,0.032917901133,1.43514834654,20.0
