,iteration,success,k,N,msd,prelec_gamma,s
0,0,True,2,1200,0.0281810849882,1.00485721596,11.2669443162
1,1,True,2,1200,0.0281810849882,1.00485721197,11.2669431508
2,2,True,2,1200,0.0281810849882,1.00485721571,11.2669442192
