,iteration,success,k,N,msd,prelec_gamma,s
0,0,True,2,1200,0.0538384265568,0.705291255705,3.57747624478
1,1,True,2,1200,0.186708333333,2.72806947213,4.09700741509e-16
2,2,True,2,1200,0.0538384265568,0.705291254891,3.57747616962
