,iteration,success,k,N,msd,prelec_gamma,s
0,0,True,2,1200,0.0445109102899,1.24231678613,8.48131183152
1,1,True,2,1200,0.0445109102899,1.24231679368,8.48131183821
2,2,True,2,1200,0.13225,0.148907887353,9.43689570931e-15
