,iteration,success,k,N,msd,prelec_gamma,s
0,0,True,2,1200,0.0381178758483,1.95485100363,10.0
1,1,True,2,1200,0.0381178758483,1.95485091344,10.0
2,2,True,2,1200,0.0381178758483,1.95485096046,10.0
