,iteration,success,k,N,msd,prelec_gamma,s
0,0,True,2,1200,0.0248364073055,0.978816665039,12.9491269155
1,1,True,2,1200,0.0248364073055,0.978816665219,12.9491269017
2,2,True,2,1200,0.0248364073055,0.978816664006,12.9491264477
