,iteration,success,k,N,msd,prelec_gamma,s
0,0,True,2,1200,0.0424006315136,0.674096882159,6.63656649535
1,1,True,2,1200,0.199583333333,2.77060034655,1.51113726673e-16
2,2,True,2,1200,0.0424006315136,0.674096885935,6.63656660771
