,iteration,success,k,N,msd,prelec_gamma,s
0,0,True,2,1200,0.0399833985019,1.93846714964,10.0
1,1,True,2,1200,0.161375,0.173072329431,0.0
2,2,True,2,1200,0.0399833985019,1.93846713916,10.0
