,iteration,success,k,N,msd,prelec_gamma,s
0,0,True,2,1200,0.163833333333,0.0796117265037,1.17528654802e-17
1,1,True,2,1200,0.0315100520376,1.85256836094,10.0
2,2,True,2,1200,0.0315100520376,1.85256832819,10.0
