,iteration,success,k,N,msd,prelec_gamma,s
0,0,True,2,1200,0.0358988355426,0.684177766839,5.76038314457
1,1,True,2,1200,0.0358988355426,0.684177766073,5.76038284319
2,2,True,2,1200,0.195083333333,2.78544171618,3.63030444627e-16
