,iteration,success,k,N,msd,prelec_gamma,s
0,0,True,2,1200,0.123333333333,0.260186186024,4.64323868021e-18
1,1,True,2,1200,0.0492104559167,1.22888443476,8.34029280983
2,2,True,2,1200,0.0492104559167,1.22888443283,8.34029310115
