,iteration,success,k,N,msd,prelec_gamma,s
0,0,True,2,1200,0.0382018374095,1.39356442688,10.0
1,1,True,2,1200,0.0382018374098,1.39356256951,10.0
2,2,True,2,1200,0.157291666667,0.446233419228,1.38260001679e-16
