,iteration,success,k,N,msd,prelec_gamma,s
0,0,True,2,1200,0.199416666667,1.96168176935,6.72726154572e-17
1,1,True,2,1200,0.039872354557,0.663411633755,5.5222646958
2,2,True,2,1200,0.199416666694,2.18701467454,4.40159739852e-10
