,iteration,success,k,N,msd,prelec_gamma,s
0,0,True,2,1200,0.0370857771118,1.8370287644,10.0
1,1,True,2,1200,0.0370857771118,1.8370287412,10.0
2,2,True,2,1200,0.0370857771126,1.83702454852,10.0
