,iteration,success,k,N,msd,prelec_gamma,s
0,0,True,2,1200,0.0143741243436,1.34608285467,26.5175802878
1,1,True,2,1200,0.0143741243436,1.34608284339,26.5175825681
2,2,True,2,1200,0.0143741243436,1.34608284329,26.5175799017
