,iteration,success,k,N,msd,prelec_gamma,s
0,0,True,2,1200,0.0544217409081,0.691361580603,3.49648454802
1,1,True,2,1200,0.186708333333,2.74326610407,4.08986479554e-17
2,2,True,2,1200,0.0544217409081,0.691361583497,3.49648455091
