,iteration,success,k,N,msd,prelec_gamma,s
0,0,True,2,1200,0.184333333333,2.77248901105,3.15560885639e-16
1,1,True,2,1200,0.184333333333,2.55414279041,1.50696128279e-16
2,2,True,2,1200,0.184333333333,2.83642733592,1.12313786545e-17
