,iteration,success,k,N,msd,prelec_gamma,s
0,0,True,2,1200,0.0235785627598,0.654257419594,9.14559677914
1,1,True,2,1200,0.206541666667,2.83845720603,3.41088934423e-14
2,2,True,2,1200,0.0235785627598,0.654257421562,9.14559700797
