,iteration,success,k,N,msd,prelec_gamma,s
0,0,True,2,1200,0.0145372883374,1.3053619802,30.0
1,1,True,2,1200,0.0145372894525,1.30539228486,29.9999999998
2,2,True,2,1200,0.0145372884967,1.30535053056,29.9999999994
