,iteration,success,k,N,msd,prelec_gamma,s
0,0,True,2,1200,0.0306441313408,1.99956455569,9.99999999953
1,1,True,2,1200,0.174791666667,0.520912880136,7.9936057773e-15
2,2,True,2,1200,0.0306440743768,2.00055192875,10.0
