,iteration,success,k,N,msd,prelec_gamma,s
0,0,True,2,1200,0.105708333333,0.256196265224,2.03207171203e-17
1,1,True,2,1200,0.0409174627186,1.12004540409,4.14888991334
2,2,True,2,1200,0.0409174627186,1.12004540694,4.14888992674
