,iteration,success,k,N,msd,prelec_gamma,s
0,0,True,2,1200,0.0321051991349,1.93352531737,10.0
1,1,True,2,1200,0.0321051991349,1.93352537886,10.0
2,2,True,2,1200,0.0321051991349,1.93352538212,10.0
