,iteration,success,k,N,msd,prelec_gamma,s
0,0,True,2,1200,0.0406284064869,1.22599591649,9.18366214773
1,1,True,2,1200,0.0406284064869,1.2259959137,9.18366192136
2,2,True,2,1200,0.0406284064869,1.22599592036,9.18366170605
