,iteration,success,k,N,msd,prelec_gamma,s
0,0,True,2,1200,0.0299133134438,1.36808631469,10.0
1,1,True,2,1200,0.0299133134438,1.36808629747,10.0
2,2,True,2,1200,0.0299224293323,1.36052642742,9.99999999889
