,iteration,success,k,N,msd,prelec_gamma,s
0,0,True,2,1200,0.200458333333,2.69108366658,2.08166817117e-17
1,1,True,2,1200,0.200458333333,2.45680674256,4.13682487891e-17
2,2,True,2,1200,0.0265296044651,0.640892694056,6.70677711023
