,iteration,success,k,N,msd,prelec_gamma,s
0,0,True,2,1200,0.0369984404395,1.14162905347,5.30813743571
1,1,True,2,1200,0.0369984404395,1.14162904858,5.30813788398
2,2,True,2,1200,0.0369984404395,1.14162905127,5.30813730893
