,iteration,success,k,N,msd,prelec_gamma,s
0,0,True,2,1200,0.0346886591833,1.37381369574,10.0
1,1,True,2,1200,0.0346886591833,1.37381369783,10.0
2,2,True,2,1200,0.0346886591833,1.37381371333,10.0
