,iteration,success,k,N,msd,prelec_gamma,s
0,0,True,2,1200,0.0341545043154,1.03890682942,5.82522975554
1,1,True,2,1200,0.0341545043154,1.03890682647,5.82522981699
2,2,True,2,1200,0.0341545043154,1.03890682519,5.82522968603
