,iteration,success,k,N,msd,prelec_gamma,s
0,0,True,2,1200,0.0331832539278,1.84261329334,10.0
1,1,True,2,1200,0.0331832539278,1.84261327374,10.0
2,2,True,2,1200,0.0331832539278,1.84261324407,10.0
