,iteration,success,k,N,msd,prelec_gamma,s
0,0,True,2,1200,0.0608254711036,0.716695452897,3.25509386426
1,1,True,2,1200,0.0608254711036,0.716695448532,3.25509382757
2,2,True,2,1200,0.0608254711036,0.716695448929,3.25509377827
