,iteration,success,k,N,msd,prelec_gamma,s
0,0,True,2,1200,0.0394450571294,1.28344090986,20.0
1,1,True,2,1200,0.148375,0.0505644231338,3.01746085202e-17
2,2,True,2,1200,0.0394450571294,1.28344072154,20.0
