,iteration,success,k,N,msd,prelec_gamma,s
0,0,True,2,1200,0.0395913883557,1.11064812345,3.10755260209
1,1,True,2,1200,0.0395913883557,1.11064812464,3.10755257006
2,2,True,2,1200,0.0395913883557,1.11064812065,3.10755271218
