,iteration,success,k,N,msd,prelec_gamma,s
0,0,True,2,1200,0.0434008435553,1.04723308622,4.17078627335
1,1,True,2,1200,0.0434008435553,1.04723308578,4.17078630601
2,2,True,2,1200,0.0434008435553,1.04723308662,4.17078629119
