,iteration,success,k,N,msd,prelec_gamma,s
0,0,True,2,1200,0.0381056832525,1.05204307961,4.83677568471
1,1,True,2,1200,0.0381056832525,1.05204307551,4.83677576621
2,2,True,2,1200,0.0381056832525,1.05204307569,4.83677579394
