,iteration,success,k,N,msd,prelec_gamma,s
0,0,True,2,1200,0.0507502216862,0.715603585293,3.44357441225
1,1,True,2,1200,0.0507502216862,0.715603589628,3.44357446729
2,2,True,2,1200,0.0507502216862,0.71560359017,3.44357456853
