,iteration,success,k,N,msd,prelec_gamma,s
0,0,True,2,1200,0.207458333333,2.78672433191,7.97905282336e-17
1,1,True,2,1200,0.0241469962112,0.660693407667,9.99999999999
2,2,True,2,1200,0.207458333333,2.20645265009,6.86212449775e-17
