,iteration,success,k,N,msd,prelec_gamma,s
0,0,True,2,1200,0.0293906048261,0.66147444594,7.89006175628
1,1,True,2,1200,0.198958333333,2.06716958417,2.99504857304e-16
2,2,True,2,1200,0.198958333333,2.66894183695,3.21964677141e-15
