,iteration,success,k,N,msd,prelec_gamma,s
0,0,True,2,1200,0.0291138476621,1.01959402539,9.99999999994
1,1,True,2,1200,0.0291138476614,1.01959353415,10.0
2,2,True,2,1200,0.0291138476614,1.01959353571,9.99999999997
