,iteration,success,k,N,msd,prelec_gamma,s
0,0,True,2,1200,0.0431076496002,0.684994964616,3.71346207762
1,1,True,2,1200,0.184208333333,2.50308884173,1.7763568394e-15
2,2,True,2,1200,0.0431076496002,0.684994959511,3.71346196063
