,iteration,success,k,N,msd,prelec_gamma,s
0,0,True,2,1200,0.0254803300805,1.35382950154,9.99999999946
1,1,True,2,1200,0.0254772523394,1.35766650786,10.0
2,2,True,2,1200,0.0254772523333,1.35766102275,10.0
