,iteration,success,k,N,msd,prelec_gamma,s
0,0,True,2,1200,0.0402894359844,1.25492971029,7.61177876431
1,1,True,2,1200,0.0402894359844,1.2549297211,7.61177806934
2,2,True,2,1200,0.0402894359844,1.2549297171,7.61177717881
