,iteration,success,k,N,msd,prelec_gamma,s
0,0,True,2,1200,0.0376746433134,1.00499811769,6.88835744967
1,1,True,2,1200,0.0376746433134,1.00499811942,6.88835768199
2,2,True,2,1200,0.0376746433134,1.00499811951,6.88835771942
