,iteration,success,k,N,msd,prelec_gamma,s
0,0,True,2,1200,0.0413524812566,1.05378383483,4.54142869952
1,1,True,2,1200,0.0413524812566,1.05378383545,4.54142837897
2,2,True,2,1200,0.0413524812566,1.05378383061,4.54142852268
