,iteration,success,k,N,msd,prelec_gamma,s
0,0,True,2,1200,0.174208333333,0.563273570976,1.59833956256e-16
1,1,True,2,1200,0.0386177891314,2.10691827145,10.0
2,2,True,2,1200,0.174208333333,0.0617056737975,4.34244753332e-17
