,iteration,success,k,N,msd,prelec_gamma,s
0,0,True,2,1200,0.0348475178244,0.989766517798,7.475966427
1,1,True,2,1200,0.0348475178244,0.989766521372,7.47596582767
2,2,True,2,1200,0.0348475178244,0.989766515907,7.47596624461
