,iteration,success,k,N,msd,prelec_gamma,s
0,0,True,2,1200,0.0409958526136,0.691611837192,4.54820693605
1,1,True,2,1200,0.0409958526136,0.6916118367,4.54820698554
2,2,True,2,1200,0.0409958526136,0.691611837703,4.54820694491
