,iteration,success,k,N,msd,prelec_gamma,s
0,0,True,2,1200,0.0361826345389,1.37562547617,10.0
1,1,True,2,1200,0.0361826345389,1.37562546681,10.0
2,2,True,2,1200,0.0361826345389,1.37562546577,10.0
