,iteration,success,k,N,msd,prelec_gamma,s
0,0,True,2,1200,0.037446563653,1.09197046999,3.1894121881
1,1,True,2,1200,0.037446563653,1.09197046716,3.18941214539
2,2,True,2,1200,0.037446563653,1.09197046441,3.18941218223
