,iteration,success,k,N,msd,prelec_gamma,s
0,0,True,2,1200,0.028905531824,1.31783873402,10.0
1,1,True,2,1200,0.028905531824,1.31783874621,10.0
2,2,True,2,1200,0.028905531824,1.3178387493,10.0
