,iteration,success,k,N,msd,prelec_gamma,s
0,0,True,2,1200,0.0336975371717,0.672727123728,4.65835142081
1,1,True,2,1200,0.0336975371717,0.672727121753,4.65835155972
2,2,True,2,1200,0.0336975371717,0.672727121846,4.65835128185
