,iteration,success,k,N,msd,prelec_gamma,s
0,0,True,2,1200,0.0556950182589,0.692356607926,2.76471198162
1,1,True,2,1200,0.170875,2.2539486593,2.09865697263e-17
2,2,True,2,1200,0.0556950182589,0.692356609265,2.76471198349
