,iteration,success,k,N,msd,prelec_gamma,s
0,0,True,2,1200,0.0409735506718,0.676979204457,6.50372274556
1,1,True,2,1200,0.205208333333,1.99088768942,8.32667268469e-15
2,2,True,2,1200,0.205208333335,2.08014061439,3.9443163848e-11
