,iteration,success,k,N,msd,prelec_gamma,s
0,0,True,2,1200,0.0390903154609,1.1522477042,4.94009733031
1,1,True,2,1200,0.0390903154609,1.15224770632,4.94009734785
2,2,True,2,1200,0.0390903154609,1.15224770635,4.94009723099
