,iteration,success,k,N,msd,prelec_gamma,s
0,0,True,2,1200,0.0274237634839,1.3096154944,10.0
1,1,True,2,1200,0.0274237634839,1.30961543257,10.0
2,2,True,2,1200,0.0274237634839,1.30961548329,10.0
