,iteration,success,k,N,msd,prelec_gamma,s
0,0,True,2,1200,0.0411135589792,1.14660160562,6.28163210644
1,1,True,2,1200,0.0411135589792,1.14660161407,6.28163154033
2,2,True,2,1200,0.117916666667,0.0220270837467,2.59792187762e-14
