,iteration,success,k,N,msd,prelec_gamma,s
0,0,True,2,1200,0.0380650067659,1.10806466804,4.7018326773
1,1,True,2,1200,0.0380650067659,1.10806467335,4.70183264529
2,2,True,2,1200,0.0380650067659,1.10806467322,4.70183266468
