,iteration,success,k,N,msd,prelec_gamma,s
0,0,True,2,1200,0.0302598973328,0.995158863231,8.60238148862
1,1,True,2,1200,0.0302598973328,0.995158865269,8.60238133459
2,2,True,2,1200,0.0302598973328,0.995158862244,8.60238112541
