,iteration,success,k,N,msd,prelec_gamma,s
0,0,True,2,1200,0.0346682529361,0.668065561801,9.16402675343
1,1,True,2,1200,0.201791666667,2.84360158212,4.55283674999e-14
2,2,True,2,1200,0.0346682529361,0.668065571499,9.16402807004
