,iteration,success,k,N,msd,prelec_gamma,s
0,0,True,2,1200,0.0386518052387,1.88070694291,9.99999999998
1,1,True,2,1200,0.0369367261863,1.35632064896,10.0
2,2,True,2,1200,0.0386518073562,1.88096221998,9.99999999991
