,iteration,success,k,N,msd,prelec_gamma,s
0,0,True,2,1200,0.0288882323617,1.37743632766,10.0
1,1,True,2,1200,0.0288882323617,1.37743633389,10.0
2,2,True,2,1200,0.0288882323617,1.37743634576,10.0
