,iteration,success,k,N,msd,prelec_gamma,s
0,0,True,2,1200,0.046309110695,0.709795127453,3.45844872499
1,1,True,2,1200,0.046309110695,0.709795127383,3.45844870827
2,2,True,2,1200,0.17766666667,2.06900282389,9.83085128196e-11
