,iteration,success,k,N,msd,prelec_gamma,s
0,0,True,2,1200,0.0202731636323,0.610491507282,7.44746266221
1,1,True,2,1200,0.0202731636323,0.610491502439,7.44746253967
2,2,True,2,1200,0.206916666667,2.61172077789,2.25375273999e-14
