,iteration,success,k,N,msd,prelec_gamma,s
0,0,True,2,1200,0.0349432424702,0.997017753,7.98401155489
1,1,True,2,1200,0.0349432424702,0.997017752275,7.98401124683
2,2,True,2,1200,0.0349432424702,0.99701775444,7.98401049897
