,iteration,success,k,N,msd,prelec_gamma,s
0,0,True,2,1200,0.213875,2.65135987928,7.97972798949e-16
1,1,True,2,1200,0.213875000122,2.24601255327,1.25765337665e-09
2,2,True,2,1200,0.00962145385597,0.61074813372,7.74685155302
