,iteration,success,k,N,msd,prelec_gamma,s
0,0,True,2,1200,0.0232491798358,1.30290203714,20.0
1,1,True,2,1200,0.0232491798346,1.30290320891,20.0
2,2,True,2,1200,0.185583333333,0.535411543062,1.362938163e-15
