,iteration,success,k,N,msd,prelec_gamma,s
0,0,True,2,1200,0.0158476393859,0.995371075291,17.0172312954
1,1,True,2,1200,0.0158476393859,0.995371074972,17.0172313307
2,2,True,2,1200,0.0158476393859,0.995371075442,17.0172307077
