,iteration,success,k,N,msd,prelec_gamma,s
0,0,True,2,1200,0.0535146191485,0.701173744319,3.49787616699
1,1,True,2,1200,0.0535146191485,0.701173740327,3.49787603567
2,2,True,2,1200,0.183583333335,2.08538729186,4.1843733164e-11
