,iteration,success,k,N,msd,prelec_gamma,s
0,0,True,2,1200,0.032360342499,0.66924452083,10.0
1,1,True,2,1200,0.032360342499,0.66924451861,10.0
2,2,True,2,1200,0.032360342499,0.669244544481,9.99999999999
