,iteration,success,k,N,msd,prelec_gamma,s
0,0,True,2,1200,0.0381378907222,1.01516108097,4.93289299525
1,1,True,2,1200,0.0381378907222,1.01516107719,4.93289263472
2,2,True,2,1200,0.0381378907222,1.01516107887,4.93289273913
