,iteration,success,k,N,msd,prelec_gamma,s
0,0,True,2,1200,0.0277015937095,1.70210668631,10.0
1,1,True,2,1200,0.0277015951696,1.70245953487,9.9999999993
2,2,True,2,1200,0.1845,0.120304968689,7.54951656745e-15
