,iteration,success,k,N,msd,prelec_gamma,s
0,0,True,2,1200,0.190833333333,2.61532521018,4.4408920985e-16
1,1,True,2,1200,0.190833333335,2.13385771054,3.14472475807e-11
2,2,True,2,1200,0.190833333334,2.18294745538,1.62377593283e-11
