,iteration,success,k,N,msd,prelec_gamma,s
0,0,True,2,1200,0.0267863520026,0.990260639153,10.0
1,1,True,2,1200,0.0267863520026,0.990260636131,10.0
2,2,True,2,1200,0.026786352025,0.990258108514,9.99999999988
