,iteration,success,k,N,msd,prelec_gamma,s
0,0,True,2,1200,0.0430194545998,1.01640135953,3.51300252745
1,1,True,2,1200,0.0430194545998,1.01640135835,3.51300237672
2,2,True,2,1200,0.0430194545998,1.01640135883,3.51300257181
