,iteration,success,k,N,msd,prelec_gamma,s
0,0,True,2,1200,0.012576434918,0.621992949963,10.3780319035
1,1,True,2,1200,0.219125,2.58559420468,3.5527136788e-14
2,2,True,2,1200,0.012576434918,0.621992950505,10.3780318856
