,iteration,success,k,N,msd,prelec_gamma,s
0,0,True,2,1200,0.204791666667,2.82635759732,2.0620263215e-17
1,1,True,2,1200,0.0314693331312,0.663505150239,7.91084061141
2,2,True,2,1200,0.0314693331312,0.663505149371,7.91083997283
