,iteration,success,k,N,msd,prelec_gamma,s
0,0,True,2,1200,0.196958333333,0.462951186506,2.15600263679e-16
1,1,True,2,1200,0.0136652456444,1.30537319442,29.9999999991
2,2,True,2,1200,0.196958333333,0.157265744112,6.00681346596e-17
