,iteration,success,k,N,msd,prelec_gamma,s
0,0,True,2,1200,0.0188306862144,1.00857117408,17.7869666793
1,1,True,2,1200,0.0188306862144,1.00857117574,17.7869661394
2,2,True,2,1200,0.0188306862144,1.00857117561,17.7869656569
