,iteration,success,k,N,msd,prelec_gamma,s
0,0,True,2,1200,0.046796444255,0.718577295198,4.0223565097
1,1,True,2,1200,0.046796444255,0.71857729378,4.02235663808
2,2,True,2,1200,0.179666666667,2.75380377428,1.01118110828e-12
