,iteration,success,k,N,msd,prelec_gamma,s
0,0,True,2,1200,0.0198431142936,1.00107596203,20.3387452761
1,1,True,2,1200,0.0198431142936,1.00107596181,20.3387450385
2,2,True,2,1200,0.0198431142936,1.00107596288,20.3387447804
