,iteration,success,k,N,msd,prelec_gamma,s
0,0,True,2,1200,0.0139058753311,1.29038202879,30.0
1,1,True,2,1200,0.198,0.0871893329933,2.59392229155e-17
2,2,True,2,1200,0.0139058753311,1.29038204635,30.0
