,iteration,success,k,N,msd,prelec_gamma,s
0,0,True,2,1200,0.0281148697052,1.0011817761,9.8691576871
1,1,True,2,1200,0.0281148697052,1.00118177492,9.86915831242
2,2,True,2,1200,0.0281148697052,1.00118177082,9.86915794673
