,iteration,success,k,N,msd,prelec_gamma,s
0,0,True,2,1200,0.0589404110993,0.702223806564,3.08271883999
1,1,True,2,1200,0.0589404110993,0.70222380614,3.08271886089
2,2,True,2,1200,0.0589404110993,0.70222380478,3.08271880071
