,iteration,success,k,N,msd,prelec_gamma,s
0,0,True,2,1200,0.0336327088865,2.06059715203,10.0
1,1,True,2,1200,0.0336327088864,2.06059600172,10.0
2,2,True,2,1200,0.177083333333,0.519253629498,3.8413716652e-14
