,iteration,success,k,N,msd,prelec_gamma,s
0,0,True,2,1200,0.0292391375652,0.978373166689,10.0
1,1,True,2,1200,0.0292391376227,0.978377140956,9.99999999857
2,2,True,2,1200,0.0292391375652,0.978373171744,10.0
