,iteration,success,k,N,msd,prelec_gamma,s
0,0,True,2,1200,0.0340472786118,1.36292360329,10.0
1,1,True,2,1200,0.0340472786118,1.36292360565,10.0
2,2,True,2,1200,0.0340472786118,1.36292360544,10.0
