,iteration,success,k,N,msd,prelec_gamma,s
0,0,True,2,1200,0.0356128727223,1.31905422378,10.0
1,1,True,2,1200,0.0356128937705,1.31883712653,9.99999999786
2,2,True,2,1200,0.0356128727223,1.3190542211,10.0
