,iteration,success,k,N,msd,prelec_gamma,s
0,0,True,2,1200,0.0335239774171,0.982643451373,8.12043083824
1,1,True,2,1200,0.0335239774171,0.982643453514,8.120431002
2,2,True,2,1200,0.0335239774171,0.982643451932,8.12043083408
