,iteration,success,k,N,msd,prelec_gamma,s
0,0,True,2,1200,0.0436250871202,0.685999116239,4.84968685509
1,1,True,2,1200,0.0436250871202,0.685999113711,4.84968681294
2,2,True,2,1200,0.194208333333,2.74850823448,5.25203229849e-13
