,iteration,success,k,N,msd,prelec_gamma,s
0,0,True,2,1200,0.0401782503631,1.09224707689,3.73675395284
1,1,True,2,1200,0.0401782503631,1.09224707566,3.73675387817
2,2,True,2,1200,0.0401782503631,1.09224708186,3.7367538338
