,iteration,success,k,N,msd,prelec_gamma,s
0,0,True,2,1200,0.0306647463105,0.660748591844,5.55875471996
1,1,True,2,1200,0.0306647463105,0.660748593831,5.55875492416
2,2,True,2,1200,0.0306647463105,0.660748589096,5.55875460331
