,iteration,success,k,N,msd,prelec_gamma,s
0,0,True,2,1200,0.0281112099835,0.983646029468,8.91993407182
1,1,True,2,1200,0.0281112099835,0.983646030364,8.9199348641
2,2,True,2,1200,0.0281112099835,0.983646033147,8.9199345095
