,iteration,success,k,N,msd,prelec_gamma,s
0,0,True,2,1200,0.0165652214568,1.28847000942,29.2931744186
1,1,True,2,1200,0.0165652214568,1.28847000497,29.2931730728
2,2,True,2,1200,0.0165652214568,1.28847000722,29.2931765908
