,iteration,success,k,N,msd,prelec_gamma,s
0,0,True,2,1200,0.0151050433057,0.605532832238,8.26601911579
1,1,True,2,1200,0.212416666667,2.75072247992,8.31448657318e-14
2,2,True,2,1200,0.0151050433057,0.605532833432,8.26601920305
