,iteration,success,k,N,msd,prelec_gamma,s
0,0,True,2,1200,0.0416461176353,1.05322006143,3.55815769955
1,1,True,2,1200,0.0416461176353,1.05322006252,3.55815746627
2,2,True,2,1200,0.0416461176353,1.05322005791,3.55815750185
