,iteration,success,k,N,msd,prelec_gamma,s
0,0,True,2,1200,0.0363306783827,1.96342306377,10.0
1,1,True,2,1200,0.0363306783827,1.96342305265,10.0
2,2,True,2,1200,0.0363306846909,1.96310793456,9.99999999993
