,iteration,success,k,N,msd,prelec_gamma,s
0,0,True,2,1200,0.0301600408188,1.36883322284,10.0
1,1,True,2,1200,0.0301600408188,1.3688332203,10.0
2,2,True,2,1200,0.165625,0.268721634351,8.32667268469e-15
