,iteration,success,k,N,msd,prelec_gamma,s
0,0,True,2,1200,0.0294133890244,0.667563129225,8.15752008567
1,1,True,2,1200,0.203375000005,2.19681327719,7.44480502766e-11
2,2,True,2,1200,0.0294133890244,0.667563125178,8.1575199241
