,iteration,success,k,N,msd,prelec_gamma,s
0,0,True,2,1200,0.159666666667,0.321213257215,6.07276655769e-17
1,1,True,2,1200,0.034987420982,1.92751072467,10.0
2,2,True,2,1200,0.034987420982,1.92751072971,10.0
