,iteration,success,k,N,msd,prelec_gamma,s
0,0,True,2,1200,0.0220630113911,0.65760653991,9.99999999994
1,1,True,2,1200,0.0220630113851,0.657608260388,10.0
2,2,True,2,1200,0.0220630113851,0.65760826312,10.0
