,iteration,success,k,N,msd,prelec_gamma,s
0,0,True,2,1200,0.209666666673,2.09297706579,6.98072818006e-11
1,1,True,2,1200,0.0127056551918,0.632712251245,8.61238381002
2,2,True,2,1200,0.0127056551918,0.632712251505,8.61238360516
