,iteration,success,k,N,msd,prelec_gamma,s
0,0,True,2,1200,0.205541666667,2.41475940922,5.64247211326e-18
1,1,True,2,1200,0.205541666671,2.07522233847,5.27138319944e-11
2,2,True,2,1200,0.205541666667,2.85003783794,4.91972515313e-17
