,iteration,success,k,N,msd,prelec_gamma,s
0,0,True,2,1200,0.0457300332445,0.694376131918,5.21269041558
1,1,True,2,1200,0.0457300332445,0.694376132164,5.21269038815
2,2,True,2,1200,0.0457300332445,0.694376133854,5.21269035479
