,iteration,success,k,N,msd,prelec_gamma,s
0,0,True,2,1200,0.0501725408057,0.707743154787,3.35113781284
1,1,True,2,1200,0.0501725408057,0.707743147984,3.35113771464
2,2,True,2,1200,0.0501725408057,0.707743154424,3.35113774592
