,iteration,success,k,N,msd,prelec_gamma,s
0,0,True,2,1200,0.0220115953331,1.28909687613,20.0
1,1,True,2,1200,0.0220140398438,1.29042957152,19.9999999997
2,2,True,2,1200,0.0220115953331,1.28909687449,20.0
