,iteration,success,k,N,msd,prelec_gamma,s
0,0,True,2,1200,0.196916666667,2.21680087026,2.51408359346e-16
1,1,True,2,1200,0.0293665560561,0.646070601837,6.61513001194
2,2,True,2,1200,0.0293665560561,0.646070601632,6.61513018249
