,iteration,success,k,N,msd,prelec_gamma,s
0,0,True,2,1200,0.169208333333,0.347665130433,3.9135361618e-15
1,1,True,2,1200,0.0267830002242,1.35192912181,10.0
2,2,True,2,1200,0.0267830002242,1.35192911007,10.0
