,iteration,success,k,N,msd,prelec_gamma,s
0,0,True,2,1200,0.0137728302248,1.28533142626,29.999999997
1,1,True,2,1200,0.0137706759001,1.28439942449,30.0
2,2,True,2,1200,0.0137706759001,1.28439943151,30.0
