,iteration,success,k,N,msd,prelec_gamma,s
0,0,True,2,1200,0.0337384870375,2.13728783397,10.0
1,1,True,2,1200,0.178083333333,0.539439450937,4.03331816443e-15
2,2,True,2,1200,0.0337384874569,2.13721763123,9.99999999985
