,iteration,success,k,N,msd,prelec_gamma,s
0,0,True,2,1200,0.0501067725156,0.723867411499,3.42840383074
1,1,True,2,1200,0.175875,2.52399826531,5.19867209319e-16
2,2,True,2,1200,0.0501067725156,0.723867411772,3.42840389369
