,iteration,success,k,N,msd,prelec_gamma,s
0,0,True,2,1200,0.0456732011572,0.718210402393,3.47190797777
1,1,True,2,1200,0.0456732011572,0.718210400549,3.4719079342
2,2,True,2,1200,0.0456732011572,0.71821040058,3.47190799357
