,iteration,success,k,N,msd,prelec_gamma,s
0,0,True,2,1200,0.026083399917,1.37356959047,9.99999999978
1,1,True,2,1200,0.0260833995915,1.37361938258,10.0
2,2,True,2,1200,0.0260833995915,1.37361968411,10.0
