,iteration,success,k,N,msd,prelec_gamma,s
0,0,True,2,1200,0.0333334292497,1.33515738553,10.0
1,1,True,2,1200,0.0333334292497,1.33515739157,10.0
2,2,True,2,1200,0.0333334292497,1.33515740405,10.0
