,iteration,success,k,N,msd,prelec_gamma,s
0,0,True,2,1200,0.0354469034721,1.95936385075,10.0
1,1,True,2,1200,0.0354469034721,1.95936477482,10.0
2,2,True,2,1200,0.0354469034721,1.95936494095,10.0
