,iteration,success,k,N,msd,prelec_gamma,s
0,0,True,2,1200,0.0377357958058,1.00623709537,3.620601138
1,1,True,2,1200,0.0377357958058,1.00623709315,3.62060105199
2,2,True,2,1200,0.0377357958058,1.00623709419,3.62060091444
