,iteration,success,k,N,msd,prelec_gamma,s
0,0,True,2,1200,0.0298304150652,0.644707882855,7.05319147525
1,1,True,2,1200,0.0298304150652,0.644707880873,7.05319160902
2,2,True,2,1200,0.20475,2.18488614641,5.20417042793e-16
