,iteration,success,k,N,msd,prelec_gamma,s
0,0,True,2,1200,0.0452216031329,1.09376391177,3.7689470494
1,1,True,2,1200,0.0452216031329,1.09376391583,3.76894703752
2,2,True,2,1200,0.0452216031329,1.09376390924,3.76894710593
