,iteration,success,k,N,msd,prelec_gamma,s
0,0,True,2,1200,0.0150639587905,0.613739538803,7.1718637997
1,1,True,2,1200,0.0150639587905,0.613739537301,7.17186371706
2,2,True,2,1200,0.205416666686,2.86159472786,1.86431142812e-10
