,iteration,success,k,N,msd,prelec_gamma,s
0,0,True,2,1200,0.0367669239086,1.24061882876,8.66730381673
1,1,True,2,1200,0.0367669239086,1.24061881752,8.66730388359
2,2,True,2,1200,0.0367669239086,1.24061881988,8.66730347923
