,iteration,success,k,N,msd,prelec_gamma,s
0,0,True,2,1200,0.0256875710018,0.61899626248,6.4079630935
1,1,True,2,1200,0.200833333337,2.14183274622,3.72570160933e-11
2,2,True,2,1200,0.200833333333,2.95130621763,6.52078523258e-17
