,iteration,success,k,N,msd,prelec_gamma,s
0,0,False,2,1200,0.0333022090593,2.05411027737,9.99999999998
1,1,True,2,1200,0.0333022090592,2.0541095855,10.0
2,2,False,2,1200,0.0333022090592,2.05410938521,9.99999999999
