,iteration,success,k,N,msd,prelec_gamma,s
0,0,True,2,1200,0.0218878546597,0.653694287448,9.99999999864
1,1,True,2,1200,0.0218871786696,0.653020068848,9.99999999999
2,2,True,2,1200,0.2065,2.69714435944,1.48387016546e-16
