,iteration,success,k,N,msd,prelec_gamma,s
0,0,True,2,1200,0.164583333333,0.217388785527,5.79911191744e-17
1,1,True,2,1200,0.0243474183905,1.3829720522,9.99999999839
2,2,True,2,1200,0.0243471649881,1.38169157025,10.0
