,iteration,success,k,N,msd,prelec_gamma,s
0,0,True,2,1200,0.044463703157,0.689390782164,3.70294981236
1,1,True,2,1200,0.044463703157,0.689390782916,3.70294987834
2,2,True,2,1200,0.044463703157,0.689390783571,3.70294986943
