,iteration,success,k,N,msd,prelec_gamma,s
0,0,True,2,1200,0.0350107073914,1.03907137635,4.76766783239
1,1,True,2,1200,0.0350107073914,1.03907137902,4.76766804957
2,2,True,2,1200,0.0350107073914,1.03907137897,4.7676679837
