,iteration,success,k,N,msd,prelec_gamma,s
0,0,True,2,1200,0.0332039455068,2.11338071976,10.0
1,1,True,2,1200,0.0332039455075,2.11338379968,10.0
2,2,True,2,1200,0.172875,0.351418309095,7.66528622131e-17
