,iteration,success,k,N,msd,prelec_gamma,s
0,0,True,2,1200,0.0422224468058,1.86434292537,9.99999999945
1,1,False,2,1200,0.0422224439137,1.86407420558,10.0
2,2,True,2,1200,0.0422224439137,1.8640743777,10.0
