,iteration,success,k,N,msd,prelec_gamma,s
0,0,True,2,1200,0.0225582476129,1.29927531167,20.0
1,1,True,2,1200,0.0225582476129,1.2992753075,20.0
2,2,True,2,1200,0.0225582476129,1.29927531557,20.0
