,iteration,success,k,N,msd,prelec_gamma,s
0,0,True,2,1200,0.0295605187994,1.34596940884,9.99999999693
1,1,True,2,1200,0.0295595334979,1.34416897172,10.0
2,2,True,2,1200,0.0295595334979,1.34416882771,10.0
