,iteration,success,k,N,msd,prelec_gamma,s
0,0,True,2,1200,0.0309976727178,0.666462264223,7.07123119536
1,1,True,2,1200,0.0309976727178,0.666462265897,7.07123177244
2,2,True,2,1200,0.0309976727178,0.66646226306,7.07123121819
