,iteration,success,k,N,msd,prelec_gamma,s
0,0,True,2,1200,0.0255321876311,1.31227819495,20.0
1,1,True,2,1200,0.0255321876311,1.31227819058,20.0
2,2,True,2,1200,0.163166666667,0.487811064833,3.33042756696e-16
