,iteration,success,k,N,msd,prelec_gamma,s
0,0,True,2,1200,0.0288283673868,1.33307793715,10.0
1,1,True,2,1200,0.0288283675799,1.33305243695,9.99999999999
2,2,True,2,1200,0.0288283673868,1.33307792237,10.0
