,iteration,success,k,N,msd,prelec_gamma,s
0,0,True,2,1200,0.171791666667,0.496332577162,1.20732958033e-15
1,1,True,2,1200,0.0374311261325,2.01449961886,10.0
2,2,True,2,1200,0.0374311340751,2.01401336224,9.99999999986
