,iteration,success,k,N,msd,prelec_gamma,s
0,0,True,2,1200,0.025987229108,1.38542289105,10.0
1,1,True,2,1200,0.0260037982451,1.3986802946,9.99999999894
2,2,True,2,1200,0.025987229108,1.38542284858,10.0
