,iteration,success,k,N,msd,prelec_gamma,s
0,0,True,2,1200,0.0318261408028,1.376576147,10.0
1,1,True,2,1200,0.0318261408032,1.37657792308,10.0
2,2,True,2,1200,0.0318261408028,1.37657615529,10.0
