,iteration,success,k,N,msd,prelec_gamma,s
0,0,True,2,1200,0.0371584639221,1.056343392,4.80018718957
1,1,True,2,1200,0.0371584639221,1.05634339066,4.80018746963
2,2,True,2,1200,0.0371584639221,1.05634338994,4.80018733817
