,iteration,success,k,N,msd,prelec_gamma,s
0,0,True,2,1200,0.0136313564971,0.615274169748,9.07160459578
1,1,True,2,1200,0.214708333333,2.5894323002,4.88498130835e-15
2,2,True,2,1200,0.0136313564971,0.615274169456,9.07160467124
