,iteration,success,k,N,msd,prelec_gamma,s
0,0,True,2,1200,0.0304255126716,0.673851683523,9.99999999997
1,1,True,2,1200,0.0304255126716,0.673851673919,9.99999999984
2,2,True,2,1200,0.203166666667,2.13804018945,1.29271103649e-12
