,iteration,success,k,N,msd,prelec_gamma,s
0,0,True,2,1200,0.0354620706764,2.07822431101,10.0
1,1,True,2,1200,0.168833333333,0.595080882729,1.60064198959e-17
2,2,True,2,1200,0.0354620706764,2.07822445184,10.0
