,iteration,success,k,N,msd,prelec_gamma,s
0,0,True,2,1200,0.210416666668,2.17677819834,1.76968819857e-11
1,1,True,2,1200,0.0194412795168,0.646862118496,9.99999999797
2,2,True,2,1200,0.0194412795112,0.646860229867,9.99999999999
