,iteration,success,k,N,msd,prelec_gamma,s
0,0,True,2,1200,0.0315485116196,1.33186935304,10.0
1,1,True,2,1200,0.0315485116196,1.33186940058,10.0
2,2,True,2,1200,0.0315485116236,1.33186590345,9.99999999998
