,iteration,success,k,N,msd,prelec_gamma,s
0,0,True,2,1200,0.044631814719,1.09260386185,4.67730323189
1,1,True,2,1200,0.044631814719,1.09260386272,4.67730305563
2,2,True,2,1200,0.044631814719,1.09260385765,4.67730356443
