,iteration,success,k,N,msd,prelec_gamma,s
0,0,True,2,1200,0.0221955669887,0.997024062225,17.3537668367
1,1,True,2,1200,0.0221955669887,0.997024063877,17.3537671001
2,2,True,2,1200,0.0221955669887,0.99702406143,17.3537666422
