,iteration,success,k,N,msd,prelec_gamma,s
0,0,True,2,1200,0.0291815867027,1.33383778578,9.9999999998
1,1,True,2,1200,0.161958333333,0.635633164092,6.24070093614e-16
2,2,True,2,1200,0.0291815862985,1.33380225977,10.0
