,iteration,success,k,N,msd,prelec_gamma,s
0,0,True,2,1200,0.0395997246121,1.94654275495,9.99999999992
1,1,True,2,1200,0.175333333333,0.167678060693,2.33771267479e-17
2,2,True,2,1200,0.0396000615587,1.94248025195,9.99999999017
