,iteration,success,k,N,msd,prelec_gamma,s
0,0,True,2,1200,0.0353712540305,0.668384992522,5.05340598191
1,1,True,2,1200,0.191166666667,2.08998294223,2.27822441422e-12
2,2,True,2,1200,0.191166666667,2.70256634126,3.30807755598e-16
