,iteration,success,k,N,msd,prelec_gamma,s
0,0,True,2,1200,0.212583333336,2.14107315138,3.21803692785e-11
1,1,True,2,1200,0.00981922467838,0.63192874933,9.00703472289
2,2,True,2,1200,0.00981922467838,0.631928750998,9.00703504728
