,iteration,success,k,N,msd,prelec_gamma,s
0,0,True,2,1200,0.0361294561091,1.30443891966,20.0
1,1,True,2,1200,0.152666666667,0.537564639204,2.53715024292e-16
2,2,True,2,1200,0.0361295307863,1.30416394342,19.9999999996
