,iteration,success,k,N,msd,prelec_gamma,s
0,0,True,2,1200,0.0263081495637,1.34318649725,10.0
1,1,True,2,1200,0.0263081495637,1.34318649822,10.0
2,2,False,2,1200,0.0263081495637,1.34318650432,10.0
