,iteration,success,k,N,msd,prelec_gamma,s
0,0,True,2,1200,0.0330011223504,1.92580558926,20.0
1,1,True,2,1200,0.0330011223504,1.92580553694,20.0
2,2,True,2,1200,0.0330011223504,1.92580552253,20.0
