,iteration,success,k,N,msd,prelec_gamma,s
0,0,True,2,1200,0.0148259610855,1.28686304278,29.9999999999
1,1,True,2,1200,0.0148259610854,1.28686321049,30.0
2,2,True,2,1200,0.0148259610886,1.28686208147,29.9999999997
