,iteration,success,k,N,msd,prelec_gamma,s
0,0,True,2,1200,0.0381328378833,1.86699742254,9.99999999998
1,1,True,2,1200,0.0381328163499,1.86761188936,10.0
2,2,True,2,1200,0.0381328163499,1.86761192882,10.0
