,iteration,success,k,N,msd,prelec_gamma,s
0,0,True,2,1200,0.0396853682296,1.85125886601,10.0
1,1,True,2,1200,0.0372057597119,1.34710259011,10.0
2,2,True,2,1200,0.0372122753506,1.35206467471,9.99999999975
