,iteration,success,k,N,msd,prelec_gamma,s
0,0,True,2,1200,0.0369440483538,1.90062981862,10.0
1,1,True,2,1200,0.0369440483538,1.90062957769,10.0
2,2,True,2,1200,0.0369440483538,1.90063018139,10.0
