,iteration,success,k,N,msd,prelec_gamma,s
0,0,True,2,1200,0.041726283686,0.691106858829,4.66658487467
1,1,True,2,1200,0.041726283686,0.691106861603,4.66658482405
2,2,True,2,1200,0.041726283686,0.691106862478,4.66658483149
