,iteration,success,k,N,msd,prelec_gamma,s
0,0,True,2,1200,0.0431805353944,2.08800385991,9.99999999999
1,1,True,2,1200,0.163375,0.633163505057,1.84390762838e-15
2,2,True,2,1200,0.043182860274,2.08165213863,9.99999999884
