,iteration,success,k,N,msd,prelec_gamma,s
0,0,True,2,1200,0.0230981286236,1.29900800095,20.0
1,1,True,2,1200,0.167375,0.702611865866,1.52906397745e-11
2,2,True,2,1200,0.0230981286236,1.29900800242,20.0
