,iteration,success,k,N,msd,prelec_gamma,s
0,0,True,2,1200,0.0465975329578,1.10904393674,4.05784042185
1,1,True,2,1200,0.0465975329578,1.10904393355,4.0578407066
2,2,True,2,1200,0.0465975329578,1.10904393568,4.05784072189
