,iteration,success,k,N,msd,prelec_gamma,s
0,0,True,2,1200,0.0314702222067,1.31200535842,10.0
1,1,True,2,1200,0.0314702234465,1.31205171242,9.99999999913
2,2,True,2,1200,0.0314702222067,1.31200535592,10.0
