,iteration,success,k,N,msd,prelec_gamma,s
0,0,True,2,1200,0.00887590991867,0.646102468779,13.9207661947
1,1,True,2,1200,0.00887590991867,0.646102464209,13.9207648329
2,2,True,2,1200,0.00887590991867,0.646102464101,13.9207649062
