,iteration,success,k,N,msd,prelec_gamma,s
0,0,True,2,1200,0.0332033564631,0.668022530177,5.39031467733
1,1,True,2,1200,0.0332033564631,0.668022529597,5.39031465811
2,2,True,2,1200,0.192958333337,2.86734932262,4.71393963319e-11
