,iteration,success,k,N,msd,prelec_gamma,s
0,0,True,2,1200,0.0372523147248,1.86200785841,10.0
1,1,True,2,1200,0.0372523147248,1.86200783313,10.0
2,2,True,2,1200,0.0372523243069,1.86157964111,9.99999999988
