,iteration,success,k,N,msd,prelec_gamma,s
0,0,True,2,1200,0.022878340379,0.992308119901,16.5957244057
1,1,True,2,1200,0.022878340379,0.992308119699,16.5957252144
2,2,True,2,1200,0.022878340379,0.992308121498,16.5957251165
