,iteration,success,k,N,msd,prelec_gamma,s
0,0,True,2,1200,0.0439366237682,1.26840589354,5.87381910472
1,1,True,2,1200,0.0439366237682,1.26840587395,5.87382011697
2,2,True,2,1200,0.0439366237682,1.26840588718,5.87381967482
