,iteration,success,k,N,msd,prelec_gamma,s
0,0,True,2,1200,0.0496930141382,0.697652043989,3.67250196321
1,1,True,2,1200,0.0496930141382,0.697652042551,3.67250186164
2,2,True,2,1200,0.0496930141382,0.69765204294,3.67250195755
