,iteration,success,k,N,msd,prelec_gamma,s
0,0,True,2,1200,0.0477959837561,0.702447238169,3.59458133663
1,1,True,2,1200,0.0477959837561,0.702447240666,3.59458137764
2,2,True,2,1200,0.0477959837561,0.702447235393,3.59458127237
