,iteration,success,k,N,msd,prelec_gamma,s
0,0,True,2,1200,0.174375,2.74996995961,1.28210692641e-16
1,1,True,2,1200,0.0569590644429,0.727108937491,3.2137163581
2,2,True,2,1200,0.0569590644429,0.72710893598,3.21371630695
