,iteration,success,k,N,msd,prelec_gamma,s
0,0,True,2,1200,0.0410154133727,1.95583501593,10.0
1,1,True,2,1200,0.0410154133727,1.95583500925,10.0
2,2,True,2,1200,0.0410198192649,1.96536125052,9.99999999998
