,iteration,success,k,N,msd,prelec_gamma,s
0,0,True,2,1200,0.019096148668,1.295955279,28.2097064607
1,1,True,2,1200,0.019096148668,1.29595527909,28.2097054109
2,2,True,2,1200,0.194458333333,0.385355712885,8.81384758738e-18
