,iteration,success,k,N,msd,prelec_gamma,s
0,0,True,2,1200,0.029616862647,1.32259531791,10.0
1,1,True,2,1200,0.029616862647,1.32259528732,10.0
2,2,True,2,1200,0.029616862647,1.32259531431,10.0
