,iteration,success,k,N,msd,prelec_gamma,s
0,0,True,2,1200,0.0232088293104,0.998017560288,17.6608449852
1,1,True,2,1200,0.0232088293104,0.998017556618,17.6608441077
2,2,True,2,1200,0.0232088293104,0.9980175606,17.6608447632
