,iteration,success,k,N,msd,prelec_gamma,s
0,0,True,2,1200,0.0143530643297,1.2770731715,29.0116704219
1,1,True,2,1200,0.0143530643297,1.27707317049,29.0116710735
2,2,True,2,1200,0.0143530643297,1.27707317089,29.0116692687
