,iteration,success,k,N,msd,prelec_gamma,s
0,0,True,2,1200,0.0419437112809,1.1588125563,3.66559410233
1,1,True,2,1200,0.0419437112809,1.15881255931,3.66559406886
2,2,True,2,1200,0.0419437112809,1.15881255245,3.66559423688
