,iteration,success,k,N,msd,prelec_gamma,s
0,0,True,2,1200,0.0395681469339,0.69009627762,4.57166849218
1,1,True,2,1200,0.0395681469339,0.69009627674,4.57166832213
2,2,True,2,1200,0.0395681469339,0.690096277894,4.57166860263
