,iteration,success,k,N,msd,prelec_gamma,s
0,0,True,2,1200,0.02194844346,0.666298772364,10.0
1,1,True,2,1200,0.206166666667,2.83354138166,2.24501260717e-15
2,2,True,2,1200,0.20616666667,2.19847607439,4.42567254182e-11
