,iteration,success,k,N,msd,prelec_gamma,s
0,0,True,2,1200,0.0442492812224,1.02826207572,4.16790712313
1,1,True,2,1200,0.0442492812224,1.02826207613,4.16790740558
2,2,True,2,1200,0.0442492812224,1.02826207353,4.1679071529
