,iteration,success,k,N,msd,prelec_gamma,s
0,0,True,2,1200,0.0173745834246,1.30641453547,27.478537009
1,1,True,2,1200,0.0173745834246,1.30641453469,27.4785373856
2,2,True,2,1200,0.0173745834246,1.30641453223,27.4785382612
