,iteration,success,k,N,msd,prelec_gamma,s
0,0,True,2,1200,0.030007460604,1.01586020695,5.71078117979
1,1,True,2,1200,0.030007460604,1.01586020947,5.71078124564
2,2,True,2,1200,0.030007460604,1.01586020841,5.71078149608
