,iteration,success,k,N,msd,prelec_gamma,s
0,0,True,2,1200,0.0296486559435,1.39294570036,10.0
1,1,True,2,1200,0.0296486559435,1.39294571632,10.0
2,2,True,2,1200,0.0296486559711,1.39292478609,9.99999999998
