,iteration,success,k,N,msd,prelec_gamma,s
0,0,True,2,1200,0.0419391766943,1.03890849875,9.99999999995
1,1,True,2,1200,0.0419391766943,1.03890849801,9.99999999992
2,2,True,2,1200,0.0419391766943,1.03890849454,9.99999999996
