,iteration,success,k,N,msd,prelec_gamma,s
0,0,True,2,1200,0.0317308877863,2.07738901761,10.0
1,1,True,2,1200,0.0317308877863,2.07738915068,10.0
2,2,True,2,1200,0.0317308877863,2.07738914119,10.0
