,iteration,success,k,N,msd,prelec_gamma,s
0,0,True,2,1200,0.153083333333,0.357153022155,5.60227476724e-17
1,1,True,2,1200,0.153083333333,0.622145505083,1.05434007426e-16
2,2,True,2,1200,0.0402518440718,1.36162254918,10.0
