,iteration,success,k,N,msd,prelec_gamma,s
0,0,True,2,1200,0.0394439814628,1.05348897362,4.87627472253
1,1,True,2,1200,0.0394439814628,1.05348897385,4.87627473229
2,2,True,2,1200,0.0394439814628,1.05348897631,4.87627480553
