,iteration,success,k,N,msd,prelec_gamma,s
0,0,True,2,1200,0.200708333333,2.42981227636,4.67422453865e-17
1,1,True,2,1200,0.026796024157,0.662761931829,8.21159065131
2,2,True,2,1200,0.200708333333,2.18164198423,4.09181118529e-16
