,iteration,success,k,N,msd,prelec_gamma,s
0,0,True,2,1200,0.0308530296762,1.01617669563,6.52248223489
1,1,True,2,1200,0.0308530296762,1.01617669693,6.5224824399
2,2,True,2,1200,0.0308530296762,1.01617669926,6.52248230926
