,iteration,success,k,N,msd,prelec_gamma,s
0,0,True,2,1200,0.0510572463296,1.25109188631,9.62104375198
1,1,True,2,1200,0.0510572463296,1.25109189382,9.62104399428
2,2,True,2,1200,0.0510572463296,1.25109189491,9.62104285691
