,iteration,success,k,N,msd,prelec_gamma,s
0,0,True,2,1200,0.0374707290023,1.04613385829,4.36336076354
1,1,True,2,1200,0.0374707290023,1.04613385798,4.36336074809
2,2,True,2,1200,0.0374707290023,1.04613386332,4.36336058916
