,iteration,success,k,N,msd,prelec_gamma,s
0,0,True,2,1200,0.0295164533251,1.97119726811,10.0
1,1,True,2,1200,0.0295164533251,1.97119765496,10.0
2,2,True,2,1200,0.0295164533251,1.97119766524,10.0
