,iteration,success,k,N,msd,prelec_gamma,s
0,0,True,2,1200,0.214333333333,1.86068530542,1.35447209004e-14
1,1,True,2,1200,0.214333333333,2.68144809772,8.65973959208e-15
2,2,True,2,1200,0.214333333333,1.97150064575,2.21580813456e-16
