,iteration,success,k,N,msd,prelec_gamma,s
0,0,True,2,1200,0.189625,2.53474152947,7.97127975114e-17
1,1,True,2,1200,0.0412615721652,0.67610950913,4.76011375276
2,2,True,2,1200,0.0412615721652,0.676109504335,4.76011367734
