,iteration,success,k,N,msd,prelec_gamma,s
0,0,True,2,1200,0.158541666667,0.7075822063,4.12490064713e-12
1,1,True,2,1200,0.0408416436514,1.37034453214,10.0
2,2,True,2,1200,0.0408416436514,1.3703444496,10.0
