,iteration,success,k,N,msd,prelec_gamma,s
0,0,True,2,1200,0.0165060217283,1.29513019245,29.2606666623
1,1,True,2,1200,0.0165060217283,1.29513019071,29.2606689131
2,2,True,2,1200,0.0165060217283,1.29513019032,29.2606703084
