,iteration,success,k,N,msd,prelec_gamma,s
0,0,True,2,1200,0.0477357736605,1.09478342197,3.00574149668
1,1,True,2,1200,0.0477357736605,1.0947834186,3.00574142395
2,2,True,2,1200,0.0477357736605,1.09478342011,3.00574150151
