,iteration,success,k,N,msd,prelec_gamma,s
0,0,True,2,1200,0.0294516062877,0.657673655059,8.69785748775
1,1,True,2,1200,0.0294516062877,0.65767365647,8.69785769718
2,2,True,2,1200,0.0294516062877,0.657673657974,8.69785787745
