,iteration,success,k,N,msd,prelec_gamma,s
0,0,True,2,1200,0.0394834161256,1.91214402858,9.99999999917
1,1,True,2,1200,0.0393495672933,1.37730800935,9.999999998
2,2,True,2,1200,0.0393458668187,1.38266850916,9.99999999972
