,iteration,success,k,N,msd,prelec_gamma,s
0,0,True,2,1200,0.0299955727183,0.656984839358,7.1766983557
1,1,True,2,1200,0.198500000005,2.11929206752,6.80630050234e-11
2,2,True,2,1200,0.0299955727183,0.656984836936,7.17669834284
