,iteration,success,k,N,msd,prelec_gamma,s
0,0,True,2,1200,0.0370744439977,1.19882832116,3.58281736793
1,1,True,2,1200,0.0370744439977,1.19882832316,3.58281743447
2,2,True,2,1200,0.104791666667,0.493806944703,1.55431223448e-14
