,iteration,success,k,N,msd,prelec_gamma,s
0,0,True,2,1200,0.158375,0.561526430028,1.83928779467e-16
1,1,True,2,1200,0.0323695585769,1.91161775606,20.0
2,2,True,2,1200,0.0323695585747,1.91161471871,20.0
