,iteration,success,k,N,msd,prelec_gamma,s
0,0,True,2,1200,0.0173194119719,1.28704752642,30.0
1,1,True,2,1200,0.194166666667,0.420856547144,1.97619698383e-14
2,2,True,2,1200,0.0173194126293,1.28706468357,29.9999999992
