,iteration,success,k,N,msd,prelec_gamma,s
0,0,True,2,1200,0.0138321948843,1.29885709793,30.0
1,1,True,2,1200,0.0138321967307,1.29889253638,29.9999999999
2,2,True,2,1200,0.0138321948929,1.29885469235,29.9999999995
