,iteration,success,k,N,msd,prelec_gamma,s
0,0,True,2,1200,0.0433519332082,1.22336340944,8.56290948994
1,1,True,2,1200,0.0433519332082,1.22336341122,8.56290976897
2,2,True,2,1200,0.0433519332082,1.2233634114,8.56290938945
