,iteration,success,k,N,msd,prelec_gamma,s
0,0,True,2,1200,0.0328047908123,0.627978610469,7.24418677683
1,1,True,2,1200,0.0328047908123,0.627978613677,7.24418664599
2,2,True,2,1200,0.0328047908123,0.62797861108,7.24418639123
