,iteration,success,k,N,msd,prelec_gamma,s
0,0,True,2,1200,0.212208333333,2.02035734905,3.49219089145e-16
1,1,True,2,1200,0.00915124522131,0.630496392659,9.59861116466
2,2,True,2,1200,0.00915124522131,0.630496390898,9.59861123742
