,iteration,success,k,N,msd,prelec_gamma,s
0,0,True,2,1200,0.0256164623075,1.31719018425,10.0
1,1,True,2,1200,0.0256164623075,1.31719017201,10.0
2,2,True,2,1200,0.0256164623075,1.31719016152,10.0
