,iteration,success,k,N,msd,prelec_gamma,s
0,0,True,2,1200,0.0361333228143,0.672825256796,5.63630242312
1,1,True,2,1200,0.0361333228143,0.672825255683,5.63630250046
2,2,True,2,1200,0.0361333228143,0.6728252557,5.63630226617
