,iteration,success,k,N,msd,prelec_gamma,s
0,0,True,2,1200,0.0310698841265,0.654261432747,8.7701449406
1,1,True,2,1200,0.204375,2.78681367864,3.84056787176e-16
2,2,True,2,1200,0.0310698841265,0.654261435003,8.77014499174
