,iteration,success,k,N,msd,prelec_gamma,s
0,0,True,2,1200,0.174208333333,2.51732229845,4.8462865787e-16
1,1,True,2,1200,0.0520458228601,0.714387416789,3.23722432393
2,2,True,2,1200,0.174208333333,2.27079406595,4.44083066327e-16
