,iteration,success,k,N,msd,prelec_gamma,s
0,0,True,2,1200,0.0218631468674,0.996757136471,18.3405946621
1,1,True,2,1200,0.0218631468674,0.996757140612,18.3405932927
2,2,True,2,1200,0.0218631468674,0.996757138535,18.340594
