,iteration,success,k,N,msd,prelec_gamma,s
0,0,True,2,1200,0.156458333333,0.0561649797286,3.5527136788e-15
1,1,True,2,1200,0.0268700792849,1.32396038449,10.0
2,2,True,2,1200,0.0268700792849,1.32396054955,10.0
