,iteration,success,k,N,msd,prelec_gamma,s
0,0,True,2,1200,0.206333333333,2.67655608432,5.95079541199e-14
1,1,True,2,1200,0.0281601336358,0.664598932077,9.29699502026
2,2,True,2,1200,0.0281601336358,0.664598934137,9.29699509607
