,iteration,success,k,N,msd,prelec_gamma,s
0,0,True,2,1200,0.014861288049,0.640917313112,9.64016671677
1,1,True,2,1200,0.014861288049,0.640917315091,9.64016640319
2,2,True,2,1200,0.212625,2.90058129333,2.55389271413e-16
