,iteration,success,k,N,msd,prelec_gamma,s
0,0,True,2,1200,0.0317460150621,1.32009759179,20.0
1,1,True,2,1200,0.0317460150789,1.32010303175,19.9999999994
2,2,True,2,1200,0.153208333333,0.0833991881115,5.88565191259e-19
