,iteration,success,k,N,msd,prelec_gamma,s
0,0,True,2,1200,0.200916666667,2.92528699311,5.01339398095e-16
1,1,True,2,1200,0.200916666668,2.18150220606,2.04678714318e-11
2,2,True,2,1200,0.200916666667,2.13874700304,3.20885095945e-12
