,iteration,success,k,N,msd,prelec_gamma,s
0,0,True,2,1200,0.0115986092703,0.610187697876,7.95858344461
1,1,True,2,1200,0.0115986092703,0.610187696617,7.95858341158
2,2,True,2,1200,0.0115986092703,0.610187697583,7.95858308959
