,iteration,success,k,N,msd,prelec_gamma,s
0,0,True,2,1200,0.0437251785466,1.9077660476,10.0
1,1,True,2,1200,0.0437251785465,1.90776495198,10.0
2,2,True,2,1200,0.0437251785465,1.90776582028,10.0
