,iteration,success,k,N,msd,prelec_gamma,s
0,0,True,2,1200,0.0364184489247,0.655523724739,7.04344909661
1,1,True,2,1200,0.205875,2.15193404163,3.9135361618e-15
2,2,True,2,1200,0.205875,2.59530305023,1.27675647832e-15
