,iteration,success,k,N,msd,prelec_gamma,s
0,0,True,2,1200,0.0472512802439,0.703743633071,3.27688950413
1,1,True,2,1200,0.0472512802439,0.70374363387,3.27688958947
2,2,True,2,1200,0.179208333333,2.65955785749,6.99268083529e-16
