,iteration,success,k,N,msd,prelec_gamma,s
0,0,True,2,1200,0.0269224736624,1.89274798278,20.0
1,1,True,2,1200,0.0238134476905,1.32630414826,19.9999999994
2,2,True,2,1200,0.163416666667,0.623367087729,5.44541792221e-16
