,iteration,success,k,N,msd,prelec_gamma,s
0,0,True,2,1200,0.0525300846846,0.695300373895,3.77626357223
1,1,True,2,1200,0.0525300846846,0.69530037361,3.77626366325
2,2,True,2,1200,0.18925,2.66693281039,5.1041061219e-14
