,iteration,success,k,N,msd,prelec_gamma,s
0,0,True,2,1200,0.0181328707041,0.9977465118,18.793367645
1,1,True,2,1200,0.0181328707041,0.997746513115,18.7933668494
2,2,True,2,1200,0.0181328707041,0.997746512033,18.793368146
