,iteration,success,k,N,msd,prelec_gamma,s
0,0,True,2,1200,0.0487215346344,0.709524882941,3.44438368946
1,1,True,2,1200,0.0487215346344,0.709524881392,3.44438361414
2,2,True,2,1200,0.181583333333,2.65549769189,1.74648391388e-14
