,iteration,success,k,N,msd,prelec_gamma,s
0,0,True,2,1200,0.117583333333,0.249020087833,2.55351295664e-15
1,1,True,2,1200,0.117583333333,0.214148696075,2.47860947708e-17
2,2,True,2,1200,0.047742181741,1.22683653423,6.79632241887
