,iteration,success,k,N,msd,prelec_gamma,s
0,0,True,2,1200,0.0456493579994,1.04810276305,5.79637121383
1,1,True,2,1200,0.0456493579994,1.04810276561,5.79637114309
2,2,False,2,1200,0.0456493579994,1.0481027382,5.79637355256
