,iteration,success,k,N,msd,prelec_gamma,s
0,0,True,2,1200,0.0539444811241,0.685600364987,3.32578198601
1,1,True,2,1200,0.18425,2.17430456616,2.3927398823e-12
2,2,True,2,1200,0.0539444811241,0.685600363183,3.32578205632
