,iteration,success,k,N,msd,prelec_gamma,s
0,0,True,2,1200,0.00976114400452,0.625846936732,9.51956327466
1,1,True,2,1200,0.00986864212688,0.666219356202,16.7388348035
2,2,True,2,1200,0.00976114400452,0.625846933976,9.51956326346
