,iteration,success,k,N,msd,prelec_gamma,s
0,0,True,2,1200,0.0458073286003,1.20405135269,2.86328653162
1,1,True,2,1200,0.0458073286003,1.20405135322,2.86328637028
2,2,True,2,1200,0.109583333333,0.352839924401,2.14016668854e-16
