,iteration,success,k,N,msd,prelec_gamma,s
0,0,True,2,1200,0.020051986139,1.29681888718,20.0
1,1,True,2,1200,0.17475,0.410487984345,2.6037422921e-17
2,2,True,2,1200,0.020051986139,1.29681886508,20.0
