,iteration,success,k,N,msd,prelec_gamma,s
0,0,True,2,1200,0.0358139569581,1.0228487497,3.81694344282
1,1,True,2,1200,0.0358139569581,1.02284875323,3.81694372932
2,2,True,2,1200,0.0358139569581,1.02284875032,3.81694375097
