,iteration,success,k,N,msd,prelec_gamma,s
0,0,True,2,1200,0.0465752737208,0.699687457306,4.16726544081
1,1,True,2,1200,0.0465752737208,0.699687455586,4.16726531951
2,2,True,2,1200,0.18975,2.05973693776,3.95516952523e-16
