,iteration,success,k,N,msd,prelec_gamma,s
0,0,True,2,1200,0.0386278264062,1.19435800075,9.33563860718
1,1,True,2,1200,0.0386278264062,1.19435800248,9.33563834052
2,2,True,2,1200,0.0386278264062,1.19435799879,9.33563781006
