,iteration,success,k,N,msd,prelec_gamma,s
0,0,True,2,1200,0.0109445383991,0.621282765717,9.30570905268
1,1,True,2,1200,0.0109445383991,0.621282765819,9.30570907794
2,2,True,2,1200,0.0109445383991,0.621282766198,9.30570935951
