,iteration,success,k,N,msd,prelec_gamma,s
0,0,True,2,1200,0.0332746767936,1.00113555394,8.144347668
1,1,True,2,1200,0.0332746767936,1.00113555254,8.14434747154
2,2,True,2,1200,0.0332746767936,1.00113555193,8.14434767438
