,iteration,success,k,N,msd,prelec_gamma,s
0,0,True,2,1200,0.0244186859493,1.37043002746,10.0
1,1,True,2,1200,0.0244186859493,1.37043004889,10.0
2,2,True,2,1200,0.0244186859493,1.37043003753,10.0
