,iteration,success,k,N,msd,prelec_gamma,s
0,0,True,2,1200,0.0376638345643,1.38636598564,10.0
1,1,True,2,1200,0.0376638345643,1.38636598654,10.0
2,2,True,2,1200,0.0376638345643,1.3863659901,10.0
