,iteration,success,k,N,msd,prelec_gamma,s
0,0,True,2,1200,0.0395729096089,0.663241155468,3.85286604514
1,1,True,2,1200,0.0395729096089,0.663241153426,3.85286611957
2,2,True,2,1200,0.186916666667,2.62338580522,3.61058222256e-16
