,iteration,success,k,N,msd,prelec_gamma,s
0,0,True,2,1200,0.0261759238967,0.985849402297,9.24397307793
1,1,True,2,1200,0.0261759238967,0.985849402922,9.24397311494
2,2,True,2,1200,0.0261759238967,0.985849403484,9.24397318561
