,iteration,success,k,N,msd,prelec_gamma,s
0,0,True,2,1200,0.0329344919229,1.98065918496,10.0
1,1,True,2,1200,0.0329344919229,1.9806591645,10.0
2,2,True,2,1200,0.0329344919258,1.98065267976,9.99999999999
