,iteration,success,k,N,msd,prelec_gamma,s
0,0,True,2,1200,0.0393100592685,1.9037547624,10.0
1,1,True,2,1200,0.0393100593025,1.90372988877,9.99999999996
2,2,True,2,1200,0.0393100592685,1.90375477035,10.0
