,iteration,success,k,N,msd,prelec_gamma,s
0,0,True,2,1200,0.0197004326127,0.644752563613,10.0
1,1,True,2,1200,0.208708333333,2.58895185143,1.05218743975e-16
2,2,True,2,1200,0.208708333333,2.92787414031,7.34160205766e-17
