,iteration,success,k,N,msd,prelec_gamma,s
0,0,True,2,1200,0.155666666667,0.716535224299,1.44328993201e-15
1,1,True,2,1200,0.0308447996727,1.37806672163,10.0
2,2,True,2,1200,0.0308447996727,1.37806666351,10.0
