,iteration,success,k,N,msd,prelec_gamma,s
0,0,True,2,1200,0.0297693182811,1.40453150567,10.0
1,1,False,2,1200,0.0297693182811,1.40453149583,10.0
2,2,True,2,1200,0.0297693182811,1.40453153215,10.0
