,iteration,success,k,N,msd,prelec_gamma,s
0,0,True,2,1200,0.0336828925549,1.01739780432,6.31545628524
1,1,True,2,1200,0.0336828925549,1.01739780021,6.31545637751
2,2,True,2,1200,0.0336828925549,1.01739780031,6.3154562979
