,iteration,success,k,N,msd,prelec_gamma,s
0,0,True,2,1200,0.032449234004,0.677408010539,4.95149195203
1,1,True,2,1200,0.032449234004,0.67740801138,4.95149167735
2,2,True,2,1200,0.18725,2.76039401425,3.41826948641e-17
