,iteration,success,k,N,msd,prelec_gamma,s
0,0,True,2,1200,0.200583333333,2.66204129389,5.78192961293e-17
1,1,True,2,1200,0.0351315741809,0.665298458938,6.27127770352
2,2,True,2,1200,0.0351315741809,0.665298458213,6.27127732918
