,iteration,success,k,N,msd,prelec_gamma,s
0,0,True,2,1200,0.038582442048,1.03121937312,9.99999999998
1,1,True,2,1200,0.038582442048,1.03121937462,9.99999999998
2,2,True,2,1200,0.038582442048,1.03121938175,9.99999999999
