,iteration,success,k,N,msd,prelec_gamma,s
0,0,True,2,1200,0.0147240084893,1.30893304215,30.0
1,1,True,2,1200,0.0147240084893,1.30893301397,30.0
2,2,True,2,1200,0.0147240084893,1.3089330245,30.0
