,iteration,success,k,N,msd,prelec_gamma,s
0,0,True,2,1200,0.0341142488615,0.669149384098,6.95618887044
1,1,True,2,1200,0.196458333333,2.54847598211,1.93483411126e-16
2,2,True,2,1200,0.0341142488615,0.66914938284,6.95618886806
