,iteration,success,k,N,msd,prelec_gamma,s
0,0,True,2,1200,0.213375000004,2.08876885611,3.99745278965e-11
1,1,True,2,1200,0.0115754328224,0.616242290428,9.30286036968
2,2,True,2,1200,0.0115754328224,0.616242292333,9.30286049786
