,iteration,success,k,N,msd,prelec_gamma,s
0,0,True,2,1200,0.200583333438,2.26964287575,1.46142356773e-09
1,1,True,2,1200,0.0294376533067,0.653491267249,6.37577953908
2,2,True,2,1200,0.200583333333,2.29203197504,2.05391259556e-15
