,iteration,success,k,N,msd,prelec_gamma,s
0,0,True,2,1200,0.156208333333,0.169844166529,1.72100541639e-17
1,1,True,2,1200,0.0400106474281,1.89698765371,19.9999999979
2,2,True,2,1200,0.0400106471956,1.89702418623,20.0
