,iteration,success,k,N,msd,prelec_gamma,s
0,0,True,2,1200,0.0162932434722,1.00037466788,18.051895937
1,1,True,2,1200,0.0162932434722,1.00037466806,18.0518956296
2,2,True,2,1200,0.0162932434722,1.00037466573,18.0518947717
