,iteration,success,k,N,msd,prelec_gamma,s
0,0,True,2,1200,0.0292919602773,1.36720916721,9.9999999959
1,1,True,2,1200,0.0314301353923,1.66887570939,9.99999999923
2,2,True,2,1200,0.0292892551864,1.36340375188,10.0
