,iteration,success,k,N,msd,prelec_gamma,s
0,0,True,2,1200,0.0371430107796,0.671388255463,6.81753360837
1,1,True,2,1200,0.196083333333,2.5702577306,1.2490009027e-14
2,2,True,2,1200,0.0371430107796,0.671388256394,6.81753338808
