,iteration,success,k,N,msd,prelec_gamma,s
0,0,True,2,1200,0.0344747963602,0.649013176291,5.27152088143
1,1,True,2,1200,0.198041666667,2.31886722239,2.10942374679e-15
2,2,True,2,1200,0.0344747963602,0.649013177696,5.27152094756
