,iteration,success,k,N,msd,prelec_gamma,s
0,0,True,2,1200,0.00917811219448,0.5938008601,11.96638961
1,1,True,2,1200,0.00917811219448,0.593800861224,11.966389593
2,2,True,2,1200,0.217583333333,2.03744919781,1.20569468953e-16
