,iteration,success,k,N,msd,prelec_gamma,s
0,0,True,2,1200,0.0264038258541,1.32178098261,10.0
1,1,True,2,1200,0.0264038258541,1.32178098736,10.0
2,2,True,2,1200,0.180666666667,0.387797602852,7.1054273576e-15
