,iteration,success,k,N,msd,prelec_gamma,s
0,0,True,2,1200,0.0372877053524,0.984664524445,9.84951811924
1,1,True,2,1200,0.0372877053524,0.984664522819,9.8495180979
2,2,True,2,1200,0.0372877053524,0.984664526313,9.84951889804
