,iteration,success,k,N,msd,prelec_gamma,s
0,0,True,2,1200,0.207166666667,2.30640916834,1.45753008526e-17
1,1,True,2,1200,0.207166666667,2.77411505787,6.38206621684e-17
2,2,True,2,1200,0.0206746289427,0.628835357815,7.60247166446
