,iteration,success,k,N,msd,prelec_gamma,s
0,0,True,2,1200,0.0321996290615,1.39568103072,9.99999999996
1,1,True,2,1200,0.0321996287019,1.39573530851,10.0
2,2,True,2,1200,0.0322000305394,1.39756222036,9.99999999958
