,iteration,success,k,N,msd,prelec_gamma,s
0,0,True,2,1200,0.0296197603989,0.674960069565,7.15151102409
1,1,True,2,1200,0.0296197603989,0.674960070554,7.15151126574
2,2,True,2,1200,0.198291666694,2.24871513379,4.19427410905e-10
