,iteration,success,k,N,msd,prelec_gamma,s
0,0,True,2,1200,0.0182153102606,1.29438746229,30.0
1,1,True,2,1200,0.0182153102618,1.29438831193,29.9999999999
2,2,True,2,1200,0.191291666667,0.578940643877,9.90924026549e-17
