,iteration,success,k,N,msd,prelec_gamma,s
0,0,True,2,1200,0.0312937158276,1.98352614966,10.0
1,1,True,2,1200,0.0312937158276,1.98352612305,10.0
2,2,True,2,1200,0.0313004172068,1.97217064904,9.99999999985
