,iteration,success,k,N,msd,prelec_gamma,s
0,0,False,2,1200,0.0409151543534,2.15979593923,10.0
1,1,True,2,1200,0.0409151543534,2.15979587832,10.0
2,2,True,2,1200,0.0409151543534,2.15979591483,10.0
