,iteration,success,k,N,msd,prelec_gamma,s
0,0,True,2,1200,0.0274569331859,1.35659042965,10.0
1,1,True,2,1200,0.0274569331859,1.35659043677,10.0
2,2,True,2,1200,0.0274584441681,1.35951187673,9.99999999995
