,iteration,success,k,N,msd,prelec_gamma,s
0,0,True,2,1200,0.0194596348856,0.629944500855,7.300923361
1,1,True,2,1200,0.0194596348856,0.629944502039,7.30092332792
2,2,True,2,1200,0.0194596348856,0.629944500861,7.30092342875
