,iteration,success,k,N,msd,prelec_gamma,s
0,0,True,2,1200,0.0306257173817,1.35652787916,10.0
1,1,True,2,1200,0.0306257173817,1.35652787528,10.0
2,2,True,2,1200,0.0306257173817,1.35652786395,10.0
