,iteration,success,k,N,msd,prelec_gamma,s
0,0,True,2,1200,0.0417507614173,1.10463015113,3.50651257736
1,1,True,2,1200,0.0417507614173,1.10463014736,3.50651280788
2,2,True,2,1200,0.0417507614173,1.10463014792,3.50651265399
