,iteration,success,k,N,msd,prelec_gamma,s
0,0,True,2,1200,0.0464015219211,0.710219642251,3.29499228315
1,1,True,2,1200,0.16825,2.59775017487,2.24265050974e-14
2,2,True,2,1200,0.168250000018,2.2483888381,4.14266798776e-10
