,iteration,success,k,N,msd,prelec_gamma,s
0,0,True,2,1200,0.0288411644024,0.65990883209,8.34691450689
1,1,True,2,1200,0.0288411644024,0.659908835571,8.34691498468
2,2,True,2,1200,0.0288411644024,0.659908835806,8.34691491198
