,iteration,success,k,N,msd,prelec_gamma,s
0,0,True,2,1200,0.197333333333,2.73420694538,1.65423230669e-14
1,1,True,2,1200,0.0353513950932,0.656976141473,5.86333540142
2,2,True,2,1200,0.0353513950932,0.656976140532,5.86333541131
