,iteration,success,k,N,msd,prelec_gamma,s
0,0,True,2,1200,0.0393005763668,0.664663135476,9.99999999963
1,1,True,2,1200,0.0393005763668,0.664663057292,9.99999999998
2,2,True,2,1200,0.0393005763668,0.664663041666,9.99999999999
