,iteration,success,k,N,msd,prelec_gamma,s
0,0,True,2,1200,0.0475840504857,1.94533452782,9.99999999999
1,1,True,2,1200,0.047584050482,1.94532731071,10.0
2,2,True,2,1200,0.047584050482,1.94532735383,10.0
