,iteration,success,k,N,msd,prelec_gamma,s
0,0,True,2,1200,0.0325874696654,0.653378189625,6.41040223141
1,1,True,2,1200,0.19875,2.84663715409,4.076297932e-17
2,2,True,2,1200,0.0325874696654,0.653378192512,6.41040211535
