,iteration,success,k,N,msd,prelec_gamma,s
0,0,True,2,1200,0.0374431379544,1.17072557973,4.24696174233
1,1,True,2,1200,0.0374431379544,1.17072557361,4.24696165638
2,2,True,2,1200,0.0374431379544,1.17072557873,4.24696164773
