,iteration,success,k,N,msd,prelec_gamma,s
0,0,True,2,1200,0.1965,2.53170998576,1.487698853e-14
1,1,True,2,1200,0.0479312873428,0.657466364053,4.48765144205
2,2,True,2,1200,0.0479312873428,0.657466361439,4.48765133845
