,iteration,success,k,N,msd,prelec_gamma,s
0,0,True,2,1200,0.0499334650479,0.721875149664,3.59661755081
1,1,True,2,1200,0.0499334650479,0.721875152124,3.59661759925
2,2,True,2,1200,0.0499334650479,0.721875150117,3.59661766429
