,iteration,success,k,N,msd,prelec_gamma,s
0,0,True,2,1200,0.0529596082677,0.712184338739,3.34161245687
1,1,True,2,1200,0.178416666667,2.06853485609,8.13327258059e-12
2,2,True,2,1200,0.0529596082677,0.712184334678,3.34161233337
