,iteration,success,k,N,msd,prelec_gamma,s
0,0,True,2,1200,0.0410837352522,1.88187125621,9.99999999999
1,1,True,2,1200,0.0411001448032,1.90198854776,9.99999999953
2,2,True,2,1200,0.0410837350216,1.88194739619,10.0
