,iteration,success,k,N,msd,prelec_gamma,s
0,0,True,2,1200,0.0246824101677,0.0100000000017,2.70579423154
1,1,True,2,1200,0.217250000006,2.07095403061,6.76891843486e-11
2,2,True,2,1200,0.0179879024381,0.609403299092,7.05794924121
