,iteration,success,k,N,msd,prelec_gamma,s
0,0,True,2,1200,0.0304040703746,0.648283106742,7.11693904984
1,1,True,2,1200,0.202291666667,2.47637839184,1.97338677961e-17
2,2,True,2,1200,0.0304040703746,0.648283103674,7.1169390566
