,iteration,success,k,N,msd,prelec_gamma,s
0,0,True,2,1200,0.0208053593128,0.634509555991,9.05761762216
1,1,True,2,1200,0.206833333333,2.76794727137,5.01515424346e-13
2,2,True,2,1200,0.206833333333,2.33136461826,1.62068990178e-16
