,iteration,success,k,N,msd,prelec_gamma,s
0,0,True,2,1200,0.0442787228098,1.11198033486,2.76453858706
1,1,True,2,1200,0.0442787228098,1.11198033769,2.76453851873
2,2,True,2,1200,0.0442787228098,1.11198033478,2.76453853346
