,iteration,success,k,N,msd,prelec_gamma,s
0,0,True,2,1200,0.0424345969447,0.669745679829,5.69935168251
1,1,True,2,1200,0.192958333334,2.13453621672,9.11444156514e-12
2,2,True,2,1200,0.0424345969447,0.669745679321,5.69935133745
