,iteration,success,k,N,msd,prelec_gamma,s
0,0,True,2,1200,0.0328068270135,0.991768898003,7.90355082464
1,1,True,2,1200,0.0328068270135,0.991768897177,7.9035504214
2,2,True,2,1200,0.0328068270135,0.991768897777,7.90355079682
