,iteration,success,nllh,k,N,bic,tau
0,0,True,683.84337394,1,150,1372.69738317,63.635434309
