,iteration,success,nllh,k,N,bic,prelec_elevation,prelec_gamma,tau
0,0,True,680.769394197,3,150,1376.57069428,0.601972679368,1.77647244486,75.3604961477
