,iteration,success,nllh,k,N,bic,pow_gain,prelec_elevation,prelec_gamma,tau
0,0,True,678.578448683,4,150,1377.19943854,0.712788892827,0.674157735002,1.43784617156,2.96098779872
