,iteration,success,nllh,k,N,bic,c_0,c_sigma,p_stop_geom,tau
0,0,True,686.484573294,4,150,1393.01168776,2.97881426313,0.724022633523,0.0627097676588,5.26959910681
