,iteration,success,nllh,k,N,bic,c_sigma,p_stop_geom,tau
0,0,True,693.57516633,3,150,1402.18223854,0.386312569895,0.0509540250989,27.1048616189
