,iteration,success,nllh,k,N,bic,p_stay,prelec_elevation,prelec_gamma,tau
0,0,True,680.035491693,4,150,1380.11352456,0.254715327073,0.872416619015,1.33396020054,76.7437541445
