,iteration,success,nllh,k,N,bic,pow_gain,tau
0,0,True,682.412678899,2,150,1374.84662839,0.934933645507,60.7677670788
