,iteration,success,nllh,k,N,bic,pow_gain,prelec_elevation,prelec_gamma,tau
0,0,True,678.828386383,4,150,1377.69931394,0.408048642627,0.439826972474,1.40335535657,23.7329246011
