,iteration,success,nllh,k,N,bic,c_sigma,p_stop_geom,tau
0,0,True,1468.02146799,3,261,2952.73649719,39.1977171119,0.0195958746492,140.129762815
