,iteration,success,nllh,k,N,bic,tau
0,0,True,1246.5247717,1,234,2498.50486452,8.48338691536
