,iteration,success,nllh,k,N,bic,pow_gain,prelec_elevation,prelec_gamma,tau
0,0,True,1240.69488126,4,234,2503.21104698,0.074794133516,0.281309770694,0.563189835847,26.2010128306
