,iteration,success,nllh,k,N,bic,prelec_elevation,prelec_gamma,tau
0,0,True,1242.70719807,3,234,2501.78035949,1.18213977213,0.835572279213,52.5880944008
