,iteration,success,nllh,k,N,bic,pow_gain,prelec_elevation,prelec_gamma,tau
0,0,True,1236.40230135,4,234,2494.62588717,0.0257660670322,0.140733394496,0.946465057303,16.6500153694
