,iteration,success,nllh,k,N,bic,pow_gain,prelec_elevation,prelec_gamma,tau
0,0,True,1241.44861704,4,234,2504.71851855,0.322372275981,0.477318750431,0.928543022762,41.3903618726
