,iteration,success,nllh,k,N,bic,pow_gain,tau
0,0,True,1241.66542976,2,234,2494.24150176,0.882743243366,40.5308058912
