,iteration,success,nllh,k,N,bic,p_stay,prelec_elevation,prelec_gamma,tau
0,0,True,1239.04983282,4,234,2499.92095011,0.965024688845,1.29181601421,0.245214447247,30.2824359663
