,iteration,success,nllh,k,N,bic,c_sigma,p_stop_geom,tau
0,0,True,1242.96516628,3,234,2502.29629592,35.6081158951,0.0267637024463,23.7020888087
