,iteration,success,nllh,k,N,bic,c_sigma,tau_trunc,theta
0,0,True,1329.63390535,3,252,2675.85609796,22.9607042814,95.8819556145,148.31101385
