,iteration,success,nllh,k,N,bic,pow_gain,tau,theta
0,0,True,1366.39864076,3,252,2749.38556878,0.708337743385,28.0045697629,18.2159819057
