,iteration,success,nllh,k,N,bic,pow_gain,prelec_elevation,prelec_gamma,tau,theta
0,0,True,1350.28911464,5,252,2728.22537472,0.541849195027,0.624432926669,1.13663404883,11.3457844535,17.5079207516
