,iteration,success,nllh,k,N,bic,prelec_elevation,prelec_gamma,tau,theta
0,0,True,1399.19569941,4,252,2820.50911517,1.31046736249,1.01285466874,45.9121458062,19.7082604902
