,iteration,success,nllh,k,N,bic,tau,theta
0,0,True,1443.09186578,2,252,2897.24258973,20.0678607617,19.9305907148
