,iteration,success,nllh,k,N,bic,pow_gain,tau,theta
0,0,True,5586.53639208,3,234,11189.4387475,0.68004168757,0.998999520842,3.32545643813
