,iteration,success,nllh,k,N,bic,p_fixed,pow_gain,tau,theta
0,0,True,1536.42822508,4,234,3094.67773462,0.95676223962,0.987569963072,0.998794104683,3.87748717329
