,iteration,success,nllh,k,N,bic,pow_gain,tau,theta
0,0,True,2493.25142427,3,234,5002.86881189,0.261720144778,0.999037352548,6.42420361987
