,iteration,success,nllh,k,N,bic,c_sigma,prelec_elevation,prelec_gamma,tau_trunc,theta
0,0,True,1240.61108468,5,243,2508.68747658,50.6694488887,1.17170995143,1.73691035903,35.7416623831,272.597244385
