,iteration,success,nllh,k,N,bic,prelec_elevation,prelec_gamma,tau,theta
0,0,True,1315.35387554,4,243,2652.67999684,1.31317702363,0.980989758107,5.91851218235,19.579907602
