,iteration,success,nllh,k,N,bic,pow_gain,tau,theta
0,0,True,1297.01103391,3,243,2610.50125214,0.677659597471,2.47273265384,15.8031948356
