,iteration,success,nllh,k,N,bic,c_sigma,tau_trunc,theta
0,0,True,1254.48407999,3,243,2525.44734432,24.9854795234,14.9816894447,125.7565604
