,iteration,success,nllh,k,N,bic,tau,theta
0,0,True,1357.54839678,2,243,2726.08291645,29.7892752514,19.9389885716
