,iteration,success,nllh,k,N,bic,c_sigma,p_stop_geom,tau
0,0,True,1331.91268145,3,252,2680.41365017,73.1588363162,0.0275727517674,169.633531823
