,iteration,success,nllh,k,N,bic,prelec_gamma,theta
0,0,True,44.5030804221,2,20,94.9976253912,0.514231398283,0.775259530731
