,iteration,success,nllh,k,N,bic,prelec_gamma,theta
0,0,True,412.262226574,2,120,834.099436633,0.70123832862,1.02050741428
