,iteration,success,nllh,k,N,bic,theta
0,0,True,538.528194382,1,120,1081.84388051,3.00010277211
