,iteration,success,nllh,k,N,bic,c_sigma,p_stop_geom,tau
0,0,True,966.87558903,3,230,1950.06541599,2.67252485368,0.0763120695371,0.101789090081
