,iteration,success,nllh,k,N,bic,c_sigma,tau_trunc,theta
0,0,True,2398.98707206,3,530,4816.79277514,21.0892758617,50.8200694949,84.0536176027
