,iteration,success,nllh,k,N,bic,c_sigma,p_stop_geom(cost=high),p_stop_geom(cost=low),sc,tau
0,0,True,52.6585827963,5,24,121.207434744,2.52321935341,0.619347601499,0.239050676487,0.220781002218,13.0539058349
