,iteration,success,nllh,k,N,bic,c_sigma,p_stop_geom(cost=high),p_stop_geom(cost=low),sc,tau
0,0,True,79.3138750729,5,24,174.518019298,3.5720554932,0.319369854968,0.0662563733689,0.0114477590651,35.8634258226
