,iteration,success,nllh,k,N,bic,c_0,p_stop_geom(cost=high),p_stop_geom(cost=low),sc,tau_rel
0,0,True,72.5738526856,5,24,161.037974523,48.1873901678,0.325476774683,0.0918211674028,0.0103435521226,31.6055051525
