,iteration,success,nllh,k,N,bic,c_sigma,p_stop_geom(cost=high),p_stop_geom(cost=low),sc2,tau
0,0,True,66.5561874434,5,24,149.002644039,212.308864863,0.273171648315,0.126590134316,0.000954539889516,61.2522349514
