,iteration,success,nllh,k,N,bic,c_sigma,p_stop_geom(cost=high),p_stop_geom(cost=low),sc,tau
0,0,True,95.4239351886,5,24,206.738139529,2.09480961853,0.118266839021,0.0326545617436,1.48065911275,6.64252094107
