,iteration,success,nllh,k,N,bic,c_sigma,p_stop_geom(cost=high),p_stop_geom(cost=low),tau_unif
0,0,True,62.5476526082,4,24,137.807520538,35.4316882602,0.738356886679,0.107786250478,187.942984136
