,iteration,success,nllh,k,N,bic,c_sigma,p_stop_geom(cost=high),p_stop_geom(cost=low),sc2,tau
0,0,True,92.2401062565,5,24,200.370481665,117.959822538,0.10681857968,0.0810401011383,0.078057397265,63.076672896
