,iteration,success,nllh,k,N,bic,c_sigma,p_stop_geom(cost=high),p_stop_geom(cost=low),sc,tau
0,0,True,65.2567964404,5,24,146.403862032,4.28819162966,0.330012340286,0.165386651502,0.892341803712,2.40196123738
