,iteration,success,nllh,k,N,bic,c_sigma,p_stop_geom(cost=high),p_stop_geom(cost=low),sc,tau
0,0,True,63.9930637776,5,24,143.876396707,5.00215866098,0.481151637424,0.0730466508143,0.493287885495,2.6902169789
