,iteration,success,nllh,k,N,bic,c_sigma,p_stop_geom(cost=high),p_stop_geom(cost=low),sc2,tau
0,0,True,68.8189143154,5,24,153.528097783,24.3371311285,0.256739004707,0.127896653587,0.0191641036787,35.0522296903
