,iteration,success,nllh,k,N,bic,c_sigma,p_stop_geom(cost=high),p_stop_geom(cost=low),tau_unif
0,0,True,63.0543896033,4,24,138.820994528,2.96194637187,0.58080345966,0.125742846892,28.4984036903
