,iteration,success,nllh,k,N,bic,c_sigma,p_stop_geom(cost=high),p_stop_geom(cost=low),sc,tau
0,0,True,59.9590617308,5,24,135.808392613,8.88404666602,0.736890572688,0.119640551092,0.442135075262,35.3954261066
