,iteration,success,nllh,k,N,bic,c_0,p_stop_geom(cost=high),p_stop_geom(cost=low),sc,tau_unif
0,0,True,98.2342304214,5,24,212.358729995,49.6390958942,0.120075077029,0.038539031463,0.607987546268,22.3650239914
