,iteration,success,nllh,k,N,bic,c_sigma,p_stop_geom(cost=high),p_stop_geom(cost=low),sc2,tau
0,0,True,53.4612178284,5,24,122.812704809,12.4613638499,0.553165662357,0.239340007019,0.0418467230118,87.0900111283
