,iteration,success,nllh,k,N,bic,c_sigma,p_stop_geom(cost=high),p_stop_geom(cost=low),sc,tau
0,0,True,56.4639493965,5,24,128.818167945,5.12488375564,0.709420376194,0.144834656495,0.23458902825,12.4686107052
