,iteration,success,nllh,k,N,bic,c_0,p_stop_geom(cost=high),p_stop_geom(cost=low),tau_unif
0,0,True,63.7443076866,4,24,140.200830695,43.8447373272,0.475520051739,0.10495355179,0.536041696372
