,iteration,success,nllh,k,N,bic,c_sigma,p_stop_geom(cost=high),p_stop_geom(cost=low),sc,tau
0,0,True,68.1379210318,5,24,152.166111215,2.59621434763,0.435206133005,0.0937682676562,0.678835214129,3.06227557029
