,iteration,success,nllh,k,N,bic,c_sigma,p_stop_geom(cost=high),p_stop_geom(cost=low),sc,tau
0,0,True,66.1003701496,5,24,148.091009451,4.20812414109,0.460633543583,0.0738985485951,0.174688690465,3.23024023953
