,iteration,success,nllh,k,N,bic,c,p_stop_geom(cost=high),p_stop_geom(cost=low),tau
0,0,True,80.4678080063,4,24,173.647831334,43.3750988542,0.178769321523,0.0779542037549,91.8120398294
