,iteration,success,nllh,k,N,bic,c_sigma,p_stop_geom(cost=high),p_stop_geom(cost=low),sc,tau
0,0,True,63.0442082388,5,24,141.978685629,2.49107576391,0.325986177311,0.24397322923,0.950478395868,5.59171675623
