,iteration,success,nllh,k,N,bic,c_sigma,p_stop_geom(cost=high),p_stop_geom(cost=low),sc,tau
0,0,True,91.2289558245,5,24,198.348180801,66.5816036451,0.117623144177,0.0819637594645,0.0605616601417,69.6317644356
