,iteration,success,nllh,k,N,bic,c_sigma,p_stop_geom(cost=high),p_stop_geom(cost=low),tau_unif
0,0,True,53.5404779338,4,24,119.793171189,9.22124888068,0.967657466106,0.0899242885354,73.3604973616
