,iteration,success,nllh,k,N,bic,c_0,p_stop_geom(cost=high),p_stop_geom(cost=low),tau_unif
0,0,True,66.683002825,4,24,146.078220971,46.9510310142,0.312664951907,0.125100005196,7.05183510415
