,iteration,success,nllh,k,N,bic,c_sigma,p_stop_geom(cost=high),p_stop_geom(cost=low),sc,tau
0,0,True,56.5236552103,5,24,128.937579572,6.29306090873,0.405039930159,0.203608772785,0.996627324414,1.653109599
