,iteration,success,nllh,k,N,bic,c_sigma,p_stop_geom(cost=high),p_stop_geom(cost=low),sc2,tau
0,0,True,53.4616410001,5,24,122.813551152,32.0835997736,0.994968524988,0.0887694716267,0.0671044389616,122.606028993
