,iteration,success,nllh,k,N,bic,c_sigma,p_stop_geom(cost=high),p_stop_geom(cost=low),sc,tau
0,0,True,68.2906844236,5,24,152.471637999,2.95191398236,0.265335866423,0.142113205832,0.849782113102,4.32773293281
