,iteration,success,nllh,k,N,bic,c_0,p_stop_geom(cost=high),p_stop_geom(cost=low),sc,tau_unif
0,0,True,58.7366002838,5,24,133.363469719,41.6712435415,0.401391792283,0.217270470578,0.316584734403,5.74954382198
