,iteration,success,nllh,k,N,bic,c_sigma,p_stop_geom(cost=high),p_stop_geom(cost=low),sc,tau
0,0,True,49.6504571269,5,24,115.191183406,5.66722097353,0.692646493607,0.355821938561,0.387003682574,90.8167718539
