,iteration,success,nllh,k,N,bic,c_sigma,p_stop_geom(cost=high),p_stop_geom(cost=low),sc,tau
0,0,True,68.8225632949,5,24,153.535395742,8.17296116111,0.39168561013,0.124869892875,0.290089525699,26.1364678248
