,iteration,success,nllh,k,N,bic,c_sigma,p_stop_geom(cost=high),p_stop_geom(cost=low),sc,tau
0,0,True,106.122677941,5,24,228.135625034,5.9441794114,0.0436761127716,0.045193973747,0.898698545573,23.8903906577
