,iteration,success,nllh,k,N,bic,c_sigma,p_stop_geom(cost=high),p_stop_geom(cost=low),sc,tau
0,0,True,79.8891798576,5,24,175.668628867,10.5590970294,0.250985365166,0.0988265867396,0.738498707337,72.5600445575
