,iteration,success,nllh,k,N,bic,c_sigma,p_stop_geom(cost=high),p_stop_geom(cost=low),tau_unif
0,0,True,56.1237581597,4,24,124.959731641,2.37320325066,0.669118981719,0.151922077758,60.2686122985
