,iteration,success,nllh,k,N,bic,c_sigma,p_stop_geom(cost=high),p_stop_geom(cost=low),sc,tau
0,0,True,70.2623202159,5,24,156.414909583,4.05297167559,0.297767914749,0.0941095489445,0.644469375662,1.20884385826
