,iteration,success,nllh,k,N,bic,c_sigma,p_stop_geom(cost=high),p_stop_geom(cost=low),sc2,tau
0,0,True,81.4905445187,5,24,178.871358189,34.7735401216,0.300942907623,0.0530144150515,0.0505347377219,92.2252864284
