,iteration,success,nllh,k,N,bic,c_0,p_stop_geom(cost=high),p_stop_geom(cost=low),tau_unif
0,0,True,46.9966446859,4,24,106.705504693,28.6112614041,0.65033149789,0.360104492903,2.34123141175
