,iteration,success,nllh,k,N,bic,c_sigma,p_stop_geom(cost=high),p_stop_geom(cost=low),sc,tau
0,0,True,70.675441837,5,24,157.241152826,3.12816846995,0.32821099543,0.0861801202958,0.453104047898,7.79063943585
