,iteration,success,nllh,k,N,bic,c_0,p_stop_geom(cost=high),p_stop_geom(cost=low),sc,tau_unif
0,0,True,62.1467443785,5,24,140.183757909,46.4537974772,0.352650440316,0.272498874957,0.77384110947,5.3429597242
