,iteration,success,nllh,k,N,bic,c_0,p_stop_geom(cost=high),p_stop_geom(cost=low),sc,tau_unif
0,0,True,25.0772409512,5,24,66.0447510541,15.0911035917,0.981295884472,0.877662461669,0.189874363532,112.264782836
