,iteration,success,nllh,k,N,bic,c,p_stop_geom(cost=high),p_stop_geom(cost=low),tau
0,0,True,54.130030249,4,24,120.972275819,46.1987964147,0.380668335075,0.302827653921,33.8672606909
