,iteration,success,nllh,k,N,bic,c_sigma,p_stop_geom(cost=high),p_stop_geom(cost=low),tau_unif
0,0,True,72.3830084222,4,24,157.478232166,24.2192637877,0.445003809832,0.0667031123067,29.8906023683
