,iteration,success,nllh,k,N,bic,c_sigma,p_stop_geom(cost=high),p_stop_geom(cost=low),tau_unif
0,0,True,32.3281488921,4,24,77.3685131056,3.18734352367,0.784055914836,0.612859095791,19.1912095881
