,iteration,success,nllh,k,N,bic,c_sigma,p_stop_geom(cost=high),p_stop_geom(cost=low),tau_unif
0,0,True,59.5970407738,4,24,131.906296869,4.13448363705,0.733132739277,0.12068138781,101.870221665
