,iteration,success,nllh,k,N,bic,c_sigma,p_stop_geom(cost=high),p_stop_geom(cost=low),sc,tau
0,0,True,104.195411876,5,24,224.281092904,7.24218112129,0.0584424064527,0.0355399901134,0.546764678928,22.3276841812
