,iteration,success,nllh,k,N,bic,c_sigma,p_stop_geom(cost=high),p_stop_geom(cost=low),sc,tau
0,0,True,72.3275970277,5,24,160.545463207,3.02371031867,0.181158336484,0.120365278616,0.879408496648,1.45926739403
