,iteration,success,nllh,k,N,bic,c_sigma,p_stop_geom(cost=high),p_stop_geom(cost=low),sc,tau
0,0,True,47.3171874147,5,24,110.524643981,1.98137121203,0.397075294569,0.41186988803,0.238573942603,2.19764626774
