,iteration,success,nllh,k,N,bic,c_sigma,p_stop_geom(cost=high),p_stop_geom(cost=low),sc,tau
0,0,True,95.0033819517,5,24,205.897033055,38.9347249482,0.1527703918,0.0548609969915,0.226536131261,68.4442289218
