,iteration,success,nllh,k,N,bic,c_sigma,p_stop_geom(cost=high),p_stop_geom(cost=low),sc,tau
0,0,True,38.9294787283,5,24,93.7492266084,27.9994642676,0.726394946818,0.600170991967,0.885433641832,37.7253210685
