,iteration,success,nllh,k,N,bic,c_sigma,p_stop_geom(cost=high),p_stop_geom(cost=low),sc,tau
0,0,True,83.5750324005,5,24,183.040333953,1.30305321159,0.29449819932,0.047675793055,0.625370225082,2.91415224564
