,iteration,success,nllh,k,N,bic,c_sigma,p_stop_geom(cost=high),p_stop_geom(cost=low),sc2,tau
0,0,True,73.6086955928,5,24,163.107660337,165.110554429,0.256390362915,0.0923147475128,0.00900043388345,68.9452841617
