,iteration,success,nllh,k,N,bic,c_sigma,p_stop_geom(cost=high),p_stop_geom(cost=low),sc,tau
0,0,True,42.9578259831,5,24,101.805921118,15.9542294703,0.78336536682,0.31530470659,0.175595811397,16.7996734179
