,iteration,success,nllh,k,N,bic,c_sigma,p_stop_geom(cost=high),p_stop_geom(cost=low),sc,tau
0,0,True,55.4936992839,5,24,126.87766772,8.03926070686,0.527489630186,0.217615921567,0.31665756758,1.89482643837
