,iteration,success,nllh,k,N,bic,c_sigma,p_stop_geom(cost=high),p_stop_geom(cost=low),sc,tau
0,0,True,68.8299339171,5,24,153.550136986,2.86194880687,0.283737362255,0.13942466914,0.0378323843244,3.55654397876
