,iteration,success,nllh,k,N,bic,c,p_stop_geom(cost=high),p_stop_geom(cost=low),tau_unif
0,0,True,80.4281153612,4,24,173.568446044,46.7303157106,0.2712892162,0.0627776349192,11.7201387111
