,iteration,success,nllh,k,N,bic,c_0,p_stop_geom(cost=high),p_stop_geom(cost=low),sc,tau_rel
0,0,True,64.5989366089,5,24,145.08814237,43.0151396721,0.308990507817,0.205996474713,0.665637720743,21.0505257279
