,iteration,success,nllh,k,N,bic,c_sigma,p_stop_geom(cost=high),p_stop_geom(cost=low),sc2,tau
0,0,True,67.3903717182,5,24,150.671012588,2.55457300537,0.298950580519,0.190126596068,0.195273829553,23.5200725469
