,iteration,success,nllh,k,N,bic,c_sigma,p_stop_geom(cost=high),p_stop_geom(cost=low),sc,tau
0,0,True,64.3505118269,5,24,144.591292806,3.24058204746,0.2865345511,0.140640365074,0.131705758352,6.85056162176
