,iteration,success,nllh,k,N,bic,c_sigma,p_stop_geom(cost=high),p_stop_geom(cost=low),sc,tau
0,0,True,42.9213954647,5,24,101.733060081,78.2437474305,0.51022791781,0.704378906327,0.273391520714,11.9326819284
