,iteration,success,nllh,k,N,bic,c_sigma,p_stop_geom(cost=high),p_stop_geom(cost=low),sc,tau
0,0,True,90.6027696109,5,24,197.095808373,33.3723472015,0.112686939788,0.0922382177157,0.560897912377,17.7128373782
