,iteration,success,nllh,k,N,bic,c_sigma,p_stop_geom(cost=high),p_stop_geom(cost=low),sc,tau
0,0,True,86.8858293717,5,24,189.661927895,7.89419177924,0.127389043359,0.0733183854206,0.152340874264,28.5701701867
