,iteration,success,nllh,k,N,bic,c_sigma,p_stop_geom(cost=high),p_stop_geom(cost=low),sc,tau
0,0,True,67.6038919311,5,24,151.098053014,1.52420566743,0.599469921598,0.101079114099,0.0701254034939,100.17800429
