,iteration,success,nllh,k,N,bic,c_sigma,p_stop_geom(cost=high),p_stop_geom(cost=low),sc,tau
0,0,True,68.6063684876,5,24,153.103006127,3.30383203011,0.230144370317,0.115448952342,0.25051802511,3.20032476776
