,iteration,success,nllh,k,N,bic,c_sigma,p_stop_geom(cost=high),p_stop_geom(cost=low),sc,tau
0,0,True,67.4607387822,5,24,150.811746716,0.787946973914,0.328903541698,0.199872832997,1.04260662927,4.23975349566
