,iteration,success,nllh,k,N,bic,c_sigma,p_stop_geom(cost=high),p_stop_geom(cost=low),tau_unif
0,0,True,76.8933563399,4,24,166.498928001,5.06547334588,0.459019674853,0.0623252809813,191.426507377
