,iteration,success,nllh,k,N,bic,c_0,p_stop_geom(cost=high),p_stop_geom(cost=low),tau_unif
0,0,True,66.7547995964,4,24,146.221814514,46.3488105303,0.312953694653,0.167497432156,1.85094599588
