,iteration,success,nllh,k,N,bic,c_sigma,p_stop_geom(cost=high),p_stop_geom(cost=low),sc2,tau
0,0,True,66.4127609013,5,24,148.715790954,81.4329031715,0.232131001698,0.220421560758,0.0464239528081,75.580412584
