,iteration,success,nllh,k,N,bic,c_sigma,p_stop_geom(cost=high),p_stop_geom(cost=low),sc2,tau
0,0,True,79.3502466776,5,24,174.590762507,211.402597686,0.256226422783,0.111051864959,0.700157529675,35.6477186843
