,iteration,success,nllh,k,N,bic,c_sigma,p_stop_geom(cost=high),p_stop_geom(cost=low),sc2,tau
0,0,True,56.4844998635,5,24,128.859268879,51.9318766781,0.387467612492,0.225030112982,0.00888031736404,99.4655160428
