,iteration,success,nllh,k,N,bic,c_sigma,p_stop_geom(cost=high),p_stop_geom(cost=low),sc2,tau
0,0,True,103.987816772,5,24,223.865902695,25.4650066124,0.0558238122723,0.0304994413346,0.0639268519708,50.1952772714
