,iteration,success,nllh,k,N,bic,c_sigma,p_stop_geom(cost=high),p_stop_geom(cost=low),sc,tau
0,0,True,81.50251816,5,24,178.895305472,3.98601572687,0.305741698628,0.0546652165442,0.336812343687,30.4117737785
