,iteration,success,nllh,k,N,bic,c_sigma,p_stop_geom(cost=high),p_stop_geom(cost=low),sc,tau
0,0,True,72.1076284799,5,24,160.105526111,30.3460470016,0.277406385854,0.16244431977,0.213841042384,33.6505322255
