,iteration,success,nllh,k,N,bic,c_sigma,p_stop_geom(cost=high),p_stop_geom(cost=low),sc,tau
0,0,True,48.9136167519,5,24,113.717502656,8.07591838748,0.254065028608,0.78851533507,0.816343294498,24.8164831228
