,iteration,success,nllh,k,N,bic,c_0,p_stop_geom(cost=high),p_stop_geom(cost=low),sc,tau_rel
0,0,True,56.561133687,5,24,129.012536526,92.1157977373,0.557087426414,0.253385025397,0.483214552311,19.6131441872
