,iteration,success,nllh,k,N,bic,c_sigma,p_stop_geom(cost=high),p_stop_geom(cost=low),sc,tau
0,0,True,68.0559196977,5,24,152.002108547,5.66090850656,0.352257292452,0.154798081618,0.0769425623048,31.4255542279
