,iteration,success,nllh,k,N,bic,c_0,p_stop_geom(cost=high),p_stop_geom(cost=low),tau_unif
0,0,True,22.1508695613,4,24,57.0139544441,52.5036613026,0.99603217481,0.858746793165,412.332959349
