,iteration,success,nllh,k,N,bic,c_0,p_stop_geom(cost=high),p_stop_geom(cost=low),tau_unif
0,0,True,84.9980979261,4,24,182.708411174,57.9028522412,0.20141888382,0.0599525622068,28.1345612076
