,iteration,success,nllh,k,N,bic,c_sigma,p_stop_geom(cost=high),p_stop_geom(cost=low),sc,tau
0,0,True,74.3634488826,5,24,164.617166917,5.7754838508,0.24704296133,0.095579747551,0.448401888125,9.95002083344
