,iteration,success,nllh,k,N,bic,c_sigma,p_stop_geom(cost=high),p_stop_geom(cost=low),sc2,tau
0,0,True,60.6291528638,5,24,137.148574879,6.02070095993,0.458454457965,0.175066884092,0.0234794548562,156.586166935
