,iteration,success,nllh,k,N,bic,c_sigma,p_stop_geom(cost=high),p_stop_geom(cost=low),sc,tau
0,0,True,74.2751719321,5,24,164.440613016,4.33851164676,0.27949139069,0.0935930805872,0.985795787868,2.04676501737
