,iteration,success,nllh,k,N,bic,c_sigma,p_stop_geom(cost=high),p_stop_geom(cost=low),sc,tau
0,0,True,87.8585941244,5,24,191.607457401,22.7871949079,0.158294115841,0.0600546396159,0.305286706269,12.6585689991
