,iteration,success,nllh,k,N,bic,c_sigma,p_stop_geom(cost=high),p_stop_geom(cost=low),sc,tau
0,0,True,62.209245359,5,24,140.30875987,0.199873536909,0.284441134488,0.210287052673,0.319333639118,3.2873969777
