,iteration,success,nllh,k,N,bic,c_sigma,p_stop_geom(cost=high),p_stop_geom(cost=low),sc,tau
0,0,True,79.2717804258,5,24,174.433830003,14.4051239088,0.254898512963,0.0835629318941,0.316352475872,28.0727246227
