,iteration,success,nllh,k,N,bic,c_sigma,p_stop_geom(cost=high),p_stop_geom(cost=low),sc,tau
0,0,True,72.6092213796,5,24,161.108711911,29.2222314744,0.251370632688,0.147598664096,0.223691673918,12.0188277019
