,iteration,success,nllh,k,N,bic,c_0,p_stop_geom(cost=high),p_stop_geom(cost=low),sc,tau_unif
0,0,True,69.4117656632,5,24,154.713800478,73.4626730571,0.452208561282,0.118530504744,0.521049096835,58.0302331591
