,iteration,success,nllh,k,N,bic,p_stop_geom(cost=high),p_stop_geom(cost=low),sc,tau_unif
0,0,True,60.6662638123,4,24,134.044742946,0.460221212363,0.148281831252,0.772102638428,6.95981373736
