,iteration,success,nllh,k,N,bic,c,p_stop_geom(cost=high),p_stop_geom(cost=low),tau
0,0,True,64.8890684805,4,24,142.490352282,46.8582823313,0.295641245037,0.204033502174,97.0628474451
