,iteration,success,nllh,k,N,bic,c_sigma,p_stop_geom(cost=high),p_stop_geom(cost=low),sc,tau
0,0,True,79.1865532548,5,24,174.263375661,259.851506623,0.210814391312,0.128417866848,0.428252479471,64.5105870771
