,iteration,success,nllh,k,N,bic,c_sigma,p_stop_geom(cost=high),p_stop_geom(cost=low),sc,tau
0,0,True,49.2368965187,5,24,114.364062189,7.78373387037,0.700851212726,0.341521374414,0.669496736674,18.3076186598
