,iteration,success,nllh,k,N,bic,c_sigma,p_stop_geom(cost=high),p_stop_geom(cost=low),sc,tau
0,0,True,80.8376415545,5,24,177.565552261,5.92722388842,0.208812040059,0.0565544031143,0.733388371655,6.05721147406
