,iteration,success,nllh,k,N,bic,c_sigma,p_stop_geom(cost=high),p_stop_geom(cost=low),sc,tau
0,0,True,77.1989694496,5,24,170.288208051,18.3441856347,0.188770102986,0.151187211914,0.275712878982,5.44351255316
