,iteration,success,nllh,k,N,bic,c_sigma,p_stop_geom(cost=high),p_stop_geom(cost=low),sc,tau
0,0,True,62.9007570595,5,24,141.691783271,8.12279617514,0.535960306237,0.100891574182,0.679636003472,4.67953263571
