,iteration,success,nllh,k,N,bic,c_sigma,p_stop_geom(cost=high),p_stop_geom(cost=low),sc,tau
0,0,True,66.673316956,5,24,149.236903064,5.23269798871,0.596040388074,0.0986129265581,0.496052101502,7.62539090389
