,iteration,success,nllh,k,N,bic,c_sigma,p_stop_geom(cost=high),p_stop_geom(cost=low),sc,tau
0,0,True,72.2047897258,5,24,160.299848603,3.07813458045,0.185394193016,0.158003218843,0.464033260805,4.65364831855
