,iteration,success,nllh,k,N,bic,c_sigma,p_stop_geom(cost=high),p_stop_geom(cost=low),sc,tau
0,0,True,16.7635368045,5,24,49.4173427607,40.5894081384,0.999925932638,0.999089269148,0.824613979206,47.869026758
