,iteration,success,nllh,k,N,bic,c_sigma,p_stop_geom(cost=high),p_stop_geom(cost=low),sc,tau
0,0,True,64.7179009174,5,24,145.326070987,4.12222447347,0.433405830353,0.0871257317585,0.448289576901,2.9891812037
