,iteration,success,nllh,k,N,bic,c_sigma,p_stop_geom(cost=high),p_stop_geom(cost=low),sc,tau
0,0,True,53.5898523364,5,24,123.069973825,63.2947530227,0.452777740565,0.497165263104,0.769742214654,47.6244432535
