,iteration,success,nllh,k,N,bic,c_sigma,p_stop_geom(cost=high),p_stop_geom(cost=low),sc,tau
0,0,True,71.278055105,5,24,158.446379362,7.81129862927,0.327255150252,0.103194399501,0.580266465033,3.65927497352
