,iteration,success,nllh,k,N,bic,c_sigma,p_stop_geom(cost=high),p_stop_geom(cost=low),sc2,tau
0,0,True,66.6505097705,5,24,149.191288693,17.8882245186,0.43238065922,0.128444495479,0.150119553611,4.52805678515
