,iteration,success,nllh,k,N,bic,c_sigma,p_stop_geom(cost=high),p_stop_geom(cost=low),sc,tau
0,0,True,47.8600094219,5,24,111.610287995,24.1989768056,0.440679573076,0.502800106468,0.166031926314,26.8457703915
