,iteration,success,nllh,k,N,bic,c_0,p_stop_geom(cost=high),p_stop_geom(cost=low),sc,tau_unif
0,0,True,38.4768443731,5,24,92.8439578979,66.2158163305,0.677580586635,0.613078478243,0.633394686338,15.346392904
