,iteration,success,nllh,k,N,bic,p_stop_geom(cost=high),p_stop_geom(cost=low),sc,tau_unif
0,0,True,52.8514654409,4,24,118.415146203,0.998299440905,0.0858245902853,0.449772652523,42.1468070162
