,iteration,success,nllh,k,N,bic,c_sigma,p_stop_geom(cost=high),p_stop_geom(cost=low),tau_unif
0,0,True,95.8371899997,4,24,204.386595321,12.9781461678,0.169845462988,0.0584947319308,491.264133781
