,iteration,success,nllh,k,N,bic,c_sigma,p_stop_geom(cost=high),p_stop_geom(cost=low),sc,tau
0,0,True,49.5712856179,5,24,115.032840388,0.243138359003,0.459160559214,0.480097797985,1.20233639825,3.39450988108
