,iteration,success,nllh,k,N,bic,c_sigma,p_stop_geom(cost=high),p_stop_geom(cost=low),sc,tau
0,0,True,56.4723306717,5,24,128.834930495,9.51395794634,0.594671477235,0.279536615218,0.777159886937,35.9667639062
