,iteration,success,nllh,k,N,bic,c_0,p_stop_geom(cost=high),p_stop_geom(cost=low),tau_unif
0,0,True,67.5804176667,4,24,147.873050655,46.9378296528,0.510793048411,0.0878429448302,5.81886369656
