,iteration,success,nllh,k,N,bic,c_sigma,p_stop_geom(cost=high),p_stop_geom(cost=low),sc,tau
0,0,True,76.5027137758,5,24,168.895696703,0.564530856856,0.239589069603,0.0728830525634,0.223123332606,7.03746027849
