,iteration,success,nllh,k,N,bic,c_0,p_stop_geom(cost=high),p_stop_geom(cost=low),tau_unif
0,0,True,24.9346272534,4,24,62.5814698281,43.2856086726,0.998351596373,0.867710188204,423.461541003
