,iteration,success,nllh,k,N,bic,c_sigma,p_stop_geom(cost=high),p_stop_geom(cost=low),sc,tau
0,0,True,58.8183469333,5,24,133.526963018,24.7128465961,0.988477484362,0.056575157019,0.272143535635,24.5834228906
