,iteration,success,nllh,k,N,bic,c_sigma,p_stop_geom(cost=high),p_stop_geom(cost=low),sc2,tau
0,0,True,72.1669679426,5,24,160.224205037,5.06662738912,0.204873665646,0.110747080628,0.280065585204,2.38243742512
