,iteration,success,nllh,k,N,bic,c_0,p_stop_geom(cost=high),p_stop_geom(cost=low),tau_unif
0,0,True,87.6776203784,4,24,188.067456078,39.4794929482,0.143533483382,0.0632899013281,43.4117553948
