,iteration,success,nllh,k,N,bic,c_sigma,p_stop_geom(cost=high),p_stop_geom(cost=low),sc,tau
0,0,True,56.4191140811,5,24,128.728497314,0.204695824097,0.423086771116,0.217423931867,1.09522420084,1.78019354874
