,iteration,success,nllh,k,N,bic,c_sigma,p_stop_geom(cost=high),p_stop_geom(cost=low),sc,tau
0,0,True,60.263457761,5,24,136.417184674,1.21895601403,0.51081721082,0.157688139648,0.406747503947,9.59085207029
