,iteration,success,nllh,k,N,bic,c_0,p_stop_geom(cost=high),p_stop_geom(cost=low),sc,tau_unif
0,0,True,68.5072546929,5,24,152.904778538,47.2388442136,0.394630954024,0.0963046212103,0.256595752117,5.09440100171
