,iteration,success,nllh,k,N,bic,c_sigma,p_stop_geom(cost=high),p_stop_geom(cost=low),sc,tau
0,0,True,97.7138763673,5,24,211.318021886,17.4945638128,0.136935746224,0.0360455116134,0.948558866863,31.1397319231
