,iteration,success,nllh,k,N,bic,c_sigma,p_stop_geom(cost=high),p_stop_geom(cost=low),sc,tau
0,0,True,79.0280104145,5,24,173.946289981,20.8514618168,0.155023102194,0.128932543515,0.108907072432,18.7839788719
