,iteration,success,nllh,k,N,bic,c_sigma,p_stop_geom(cost=high),p_stop_geom(cost=low),sc,tau
0,0,True,104.606959211,5,24,225.104187573,0.9038778709,0.0567180174245,0.0292680938162,0.201963378285,68.9871076019
