,iteration,success,nllh,k,N,bic,c_sigma,p_stop_geom(cost=high),p_stop_geom(cost=low),sc2,tau
0,0,True,68.6559300073,5,24,153.202129166,17.3926472286,0.340263155744,0.127577053956,0.177540570035,61.8072004175
