,iteration,success,nllh,k,N,bic,c_sigma,p_stop_geom(cost=high),p_stop_geom(cost=low),tau_unif
0,0,True,73.7926454113,4,24,160.297506144,30.2611682707,0.233790775492,0.161849323375,19.4501540955
