,iteration,success,nllh,k,N,bic,c_0,p_stop_geom(cost=high),p_stop_geom(cost=low),sc,tau_unif
0,0,True,45.2847842353,5,24,106.459837622,55.2112782005,0.494740197628,0.430136906867,0.920441134179,1.51447296239
