,iteration,success,nllh,k,N,bic,c_sigma,p_stop_geom(cost=high),p_stop_geom(cost=low),sc,tau
0,0,True,65.9348544927,5,24,147.759978137,0.994693556395,0.387378047101,0.111906835017,1.37144081923,0.734242966138
