,iteration,success,nllh,k,N,bic,c_0,p_stop_geom(cost=high),p_stop_geom(cost=low),tau_unif
0,0,True,68.5469052951,4,24,149.806025912,48.4452430556,0.371889683715,0.0956160686588,1.62106336794
