,iteration,success,nllh,k,N,bic,c_sigma,p_stop_geom(cost=high),p_stop_geom(cost=low),sc,tau
0,0,True,67.0371944448,5,24,149.964658041,0.979848614925,0.304494958042,0.141646864897,0.102285136591,1.47434171198
