,iteration,success,nllh,k,N,bic,c_sigma,p_stop_geom(cost=high),p_stop_geom(cost=low),sc,tau
0,0,True,77.0434079863,5,24,169.977085124,15.4673022868,0.195725966642,0.125304564873,0.696208435901,7.01088502269
