,iteration,success,nllh,k,N,bic,c_sigma,p_stop_geom(cost=high),p_stop_geom(cost=low),sc2,tau
0,0,True,65.9467959043,5,24,147.78386096,35.5110160737,0.566749939846,0.0992448134003,0.0927292037951,26.9365061562
