,iteration,success,nllh,k,N,bic,c_sigma,p_stop_geom(cost=high),p_stop_geom(cost=low),sc2,tau
0,0,True,16.5922936211,5,24,49.0748563939,81.6968894982,0.998487345441,0.999901889569,1.1395141947,195.273998309
