,iteration,success,nllh,k,N,bic,c_sigma,p_stop_geom(cost=high),p_stop_geom(cost=low),tau_unif
0,0,True,48.0154310187,4,24,108.743077359,39.7557295141,0.47252896251,0.624505507393,70.0154880165
