,iteration,success,nllh,k,N,bic,c_sigma,p_stop_geom(cost=high),p_stop_geom(cost=low),sc,tau
0,0,True,81.0391740584,5,24,177.968617269,2.20635133501,0.212405677825,0.0772678559762,0.953587634926,5.20300583715
