,iteration,success,nllh,k,N,bic,c_sigma,p_stop_geom(cost=high),p_stop_geom(cost=low),sc,tau
0,0,True,56.520395972,5,24,128.931061096,1.74607464568,0.657516332769,0.164220266684,0.545297392783,7.52417390925
