,iteration,success,nllh,k,N,bic,c_0,p_stop_geom(cost=high),p_stop_geom(cost=low),sc,tau_rel
0,0,True,15.797373151,5,24,47.4850154537,22.2401625442,0.998964237666,0.997856257175,0.537723173536,45.5773606048
