,iteration,success,nllh,k,N,bic,c_sigma,p_stop_geom(cost=high),p_stop_geom(cost=low),sc,tau
0,0,True,77.4492019183,5,24,170.788672988,1.81366383278,0.177483401288,0.112250876395,0.838779372905,7.3071103143
