,iteration,success,nllh,k,N,bic,c_0,p_stop_geom(cost=high),p_stop_geom(cost=low),tau_unif
0,0,True,76.9711684142,4,24,166.65455215,18.2195605751,0.373950987062,0.0752472046972,10.9523912549
