,iteration,success,nllh,k,N,bic,c_sigma,p_stop_geom(cost=high),p_stop_geom(cost=low),sc,tau
0,0,True,81.635826559,5,24,179.16192227,7.42932729632,0.231295157252,0.0922978003992,0.646304967412,7.25369103571
