,iteration,success,nllh,k,N,bic,c_0,p_stop_geom(cost=high),p_stop_geom(cost=low),sc,tau_unif
0,0,True,70.7625112947,5,24,157.415291741,46.6193778621,0.263081601404,0.128738005886,0.698713952562,13.7448077431
