,iteration,success,nllh,k,N,bic,c_sigma,p_stop_geom(cost=high),p_stop_geom(cost=low),sc,tau
0,0,True,86.3000321432,5,24,188.490333438,0.874918727186,0.164999867231,0.0674799407794,1.4705509418,0.913870652412
