,iteration,success,nllh,k,N,bic,c_sigma,p_stop_geom(cost=high),p_stop_geom(cost=low),sc2,tau
0,0,True,87.3667686754,5,24,190.623806503,18.5702830826,0.220290855444,0.0581890755841,0.189214108744,18.0412953082
