,iteration,success,nllh,k,N,bic,c_sigma,p_stop_geom(cost=high),p_stop_geom(cost=low),sc,tau
0,0,True,105.791670958,5,24,227.473611068,1.83763873885,0.046843804344,0.0457597146931,0.872208044824,18.9631279092
