,iteration,success,nllh,k,N,bic,c_sigma,p_stop_geom(cost=high),p_stop_geom(cost=low),tau_unif
0,0,True,72.3988687424,4,24,157.509952806,11.9868728877,0.430131152673,0.0732318494697,12.9865237741
