,iteration,success,nllh,k,N,bic,tau,theta
0,0,True,1322.96929642,2,234,2656.84923507,13.2824562861,29.5130761689
