,iteration,success,nllh,k,N,bic,pow_gain,tau,theta
0,0,True,1406.03423207,3,234,2828.43442749,0.892903002787,24.9341237348,21.0833366223
