,iteration,success,nllh,k,N,bic,prelec_elevation,prelec_gamma,tau,theta
0,0,True,1399.90047905,4,234,2821.62224256,1.06319923145,0.925019906574,43.703186113,26.2053351339
