,iteration,success,nllh,k,N,bic,tau,theta
0,0,True,1419.99285774,2,234,2850.89635771,36.8346026982,26.0599950283
