,iteration,success,nllh,k,N,bic,prelec_elevation,prelec_gamma,theta
0,0,True,1649.74458937,3,234,3315.85514208,0.984574636755,0.848160065457,10.354155717
