,iteration,success,nllh,k,N,bic,c_sigma,tau,theta
0,0,True,1238.29072956,3,234,2492.94742247,13.6500232093,21.6536836475,84.7351447311
