,iteration,success,nllh,k,N,bic,prelec_elevation,prelec_gamma,tau,theta
0,0,True,1431.14717906,4,234,2884.11564258,0.95603555135,0.849846676349,26.973409252,9.74443671912
