,iteration,success,nllh,k,N,bic,prelec_gamma,theta
0,0,True,1641.15213143,2,234,3293.21490509,0.840895540421,8.81211326296
