,iteration,success,nllh,k,N,bic,prelec_elevation,prelec_gamma,tau,theta
0,0,True,1322.64605442,4,234,2667.1133933,1.07666433775,0.939502018308,28.9660162244,30.6205958369
