,iteration,success,nllh,k,N,bic,pow_gain,prelec_elevation,prelec_gamma,tau,theta
0,0,True,1276.89172944,5,234,2581.06006446,0.290318086652,0.355630632586,1.19501517477,27.4344484025,14.6453292958
