,iteration,success,nllh,k,N,bic,pow_gain,tau,theta
0,0,True,1310.68694417,3,234,2637.73985169,0.851643610707,35.3282527962,23.1804602538
