,iteration,success,nllh,k,N,bic,prelec_gamma,theta
0,0,True,1645.19038061,2,234,3301.29140346,0.87068887266,6.39335659112
