,iteration,success,nllh,k,N,bic,c_sigma,tau_trunc,theta
0,0,True,1244.17743753,3,234,2504.72083841,19.2498874762,75.761852534,122.759322398
