,iteration,success,nllh,k,N,bic,c_sigma,p_stop_geom,tau
0,0,True,1259.75700527,3,243,2535.99319488,28.6185743737,0.0329780009117,193.958585194
