,iteration,success,nllh,k,N,bic,p_switch
0,0,True,7426.9842428,1,1170,14861.0332446,0.295703125
