,iteration,success,nllh,k,N,bic,pow_gain,tau
0,0,True,5418.54020149,2,1170,10851.209921,0.966909279486,0.999993433089
