,iteration,success,nllh,k,N,bic,p_stop_geom
0,0,True,8032.02391466,1,1170,16071.1125883,0.0990703125
