,iteration,success,nllh,k,N,bic,pow_gain,prelec_elevation,prelec_gamma,tau
0,0,True,1237.11779234,4,243,2496.20783046,0.180008791809,0.466108670401,1.06264851234,7.38406666431
