,iteration,success,nllh,k,N,bic,pow_gain,prelec_elevation,prelec_gamma,tau
0,0,True,1337.68784983,4,252,2697.49341602,0.49144918803,0.831679666678,0.762177651439,43.0054629291
