,iteration,success,nllh,k,N,bic,pow_gain,prelec_elevation,prelec_gamma,tau
0,0,True,1321.08837527,4,252,2664.29446689,0.176882693392,0.319010259703,1.01603495828,78.9545402052
