,iteration,success,nllh,k,N,bic,pow_gain,prelec_elevation,prelec_gamma,tau
0,0,True,1466.05641187,4,261,2954.37090537,1.10849129901,1.25047256418,0.949522503239,93.2513589861
